ticker,n,spec,window,dep,shock,regime,cov_type,r2,n_high,n_low,shock_beta,shock_se,shock_ci_low,shock_ci_high,shock_t,shock_p,high_beta,high_se,high_ci_low,high_ci_high,high_t,high_p,inter_beta,inter_se,inter_ci_low,inter_ci_high,inter_t,inter_p,beta_high_regime,beta_high_regime_se,beta_high_regime_p,beta_low_regime,threshold,sample
GLD,164,baseline_thr3.0,d0_p1,car_raw,surprise_bps,high_inflation,HC1,0.0632732822638914,48,116,-3.4369941145839675,0.8795474291400602,-5.16087539839328,-1.7131128307746541,-3.9076847941495787,9.318476497939672e-05,0.20110511673168524,0.444204269484307,-0.6695192532364811,1.0717294866998517,0.45273116569805943,0.6507423349499759,4.187038616746166,1.9471725932713224,0.37065046225091547,8.003426771241418,2.1503171476503713,0.03153013692793506,0.7500445021621991,1.7372039108521722,0.6659203139679558,-3.4369941145839675,3.0,baseline
IEF,183,baseline_thr3.0,d0_p1,car_raw,surprise_bps,high_inflation,HC1,0.11443217837297104,51,132,-1.3563384227968367,0.36848005844562676,-2.078546066371479,-0.634130779222194,-3.680900476726827,0.0002324117141504046,0.29481291520657904,0.14087833571502947,0.01869645100317846,0.5709293794099797,2.0926774419235787,0.03637795828601316,0.5585576169104459,0.6501250656858649,-0.7156640972805862,1.8327793311014782,0.859154101866819,0.3902555020171118,-0.7977808058863907,0.5356165116582555,0.136365573249288,-1.3563384227968367,3.0,baseline
QQQ,212,baseline_thr3.0,d0_p1,car_adj,surprise_bps,high_inflation,HC1,0.04924753760183975,62,151,-1.7464890812244525,1.2095701082865558,-4.117202930242316,0.6242247677934101,-1.44389239553752,0.14876924604683198,-0.11607980373807349,0.36554611295753103,-0.8325370198234446,0.6003774123472977,-0.31755173868189807,0.7508249874480825,0.8850767271611274,2.2138981286927715,-3.4540838705173273,5.2242373248395815,0.3997820476426952,0.6893170544663005,-0.8614123540633252,1.8542613293085202,0.6422478532939218,-1.7464890812244525,3.0,baseline
SPY,214,baseline_thr3.0,d0_p1,car_raw,surprise_bps,high_inflation,HC1,0.044521818875918995,62,153,-1.6437178049418082,1.0077774271631987,-3.6189252666141147,0.3314896567304989,-1.63103256794382,0.10288344768264247,-0.2653136725039577,0.3448433244168897,-0.9411941686701233,0.4105668236622079,-0.7693745353852737,0.4416710010665934,-0.16701257470486086,1.6979168273365552,-3.494868405029022,3.1608432556193016,-0.0983632248741217,0.9216438753280832,-1.810730379646669,1.3664941309251797,0.18514065407416902,-1.6437178049418082,3.0,baseline
TLT,183,baseline_thr3.0,d0_p1,car_raw,surprise_bps,high_inflation,HC1,0.05225323884261879,51,132,-1.9911385872668927,0.8899178061572507,-3.7353454365360013,-0.24693173799778428,-2.2374410012817,0.025257531303328976,0.4763029847956014,0.29493159822742765,-0.10175232563299408,1.0543582952241968,1.614960850781118,0.10631917315719985,1.5459216432377125,1.389769782982331,-1.1779770782097032,4.2698203646851285,1.1123580769760963,0.26598422225230467,-0.4452169440291802,1.0674766264303046,0.6766241464108769,-1.9911385872668927,3.0,baseline
XLB,213,baseline_thr3.0,d0_p1,car_adj,surprise_bps,high_inflation,HC1,0.020473299397679723,62,152,-0.8532337305204857,0.6463109351070522,-2.119979886144712,0.4135124251037405,-1.3201598242789436,0.1867816624308769,0.2598865041253023,0.26907597127897165,-0.2674927086866162,0.7872657169372208,0.9658480572977587,0.33412021708171236,-0.0009505817819034645,1.0238150493520024,-2.0075912053419263,2.0056900417781196,-0.0009284702178436534,0.9992591880544542,-0.8541843123023892,0.7940273486730111,0.2820337879054722,-0.8532337305204857,3.0,baseline
XLE,213,baseline_thr3.0,d0_p1,car_adj,surprise_bps,high_inflation,HC1,0.015692836211569583,62,152,1.4278719480723796,1.09938572238767,-0.7268844729250036,3.5826283690697625,1.2987906964730231,0.1940157683220307,-0.1971247125016491,0.4365383178638046,-1.0527240933864042,0.658474668383106,-0.4515633666851439,0.6515835657836806,-1.059232291179156,2.4091965169789917,-5.781170696137321,3.662706113779009,-0.43966205484448345,0.6601818889733975,0.36863965689322364,2.1437301347963187,0.8634675738863529,1.4278719480723796,3.0,baseline
XLF,213,baseline_thr3.0,d0_p1,car_adj,surprise_bps,high_inflation,HC1,0.007239660094510825,62,152,0.0003915525482309527,0.8329748987985365,-1.6322092491227969,1.6329923542192588,0.00047006524301718925,0.9996249422138388,0.002913887299403811,0.2908273115800966,-0.5670971691181942,0.5729249437170018,0.010019304182858008,0.9920058856328693,-1.010178570732994,1.4381939002420594,-3.8289868179926216,1.8086296765266339,-0.7023938639727042,0.48243357086834193,-1.009787018184763,1.172413968129446,0.3890790033897239,0.0003915525482309527,3.0,baseline
XLI,213,baseline_thr3.0,d0_p1,car_adj,surprise_bps,high_inflation,HC1,0.014544534821499089,62,152,-0.13000246180850586,0.30240148008092244,-0.7226984716387204,0.4626935480217087,-0.4299002166712851,0.667268227855504,0.09662752123027807,0.14554393645455235,-0.18863335238883078,0.3818883948493869,0.6639061961914919,0.506750350259895,-0.6416272875474823,0.5749437961974438,-1.7684964212292091,0.4852418461342444,-1.1159826261124461,0.2644295715405355,-0.7716297493559882,0.4889925496679832,0.11456584189981457,-0.13000246180850586,3.0,baseline
XLK,213,baseline_thr3.0,d0_p1,car_adj,surprise_bps,high_inflation,HC1,0.03797147556686575,62,152,-1.3685965282233572,1.1795869702052701,-3.680544506458408,0.9433514500116942,-1.160233677373696,0.24595367894224196,0.08102683836987432,0.37682191644028523,-0.6575305464384464,0.8195842231781951,0.21502687299960854,0.829746366953467,0.10337010474065281,2.43151799309201,-4.662317589480799,4.869057798962104,0.042512580632481145,0.9660900829234511,-1.2652264234827042,2.1262300746749263,0.5518058941268634,-1.3685965282233572,3.0,baseline
XLP,213,baseline_thr3.0,d0_p1,car_adj,surprise_bps,high_inflation,HC1,0.04818049756002829,62,152,0.4854532110918718,1.1781849677005631,-1.823746892727719,2.794653314911462,0.4120348030236032,0.6803139141683227,-0.047512444326643394,0.3420653458181676,-0.7179482024894907,0.6229233138362039,-0.1388987364768008,0.8895301694352468,2.2447833808284994,2.339668943047433,-2.3408834832913645,6.830450244948364,0.9594448768057995,0.3373346765986891,2.730236591920371,2.0213685821603917,0.1767956667076772,0.4854532110918718,3.0,baseline
XLRE,72,baseline_thr3.0,d0_p1,car_adj,surprise_bps,high_inflation,HC1,0.016986335371073302,20,52,1.1726762658807903,2.458136660941445,-3.6451830586419876,5.990535590403569,0.47705901975021414,0.6333200950610876,0.23692015352100615,0.6030075646891124,-0.944952955674861,1.4187932627168733,0.3928974815484331,0.6943952017467614,-1.537763103933032,3.164191127234297,-7.73946375351345,4.663937545647386,-0.48598932305240805,0.6269747359960367,-0.36508683805224174,1.9924029827833256,0.8546101372840083,1.1726762658807903,3.0,baseline
XLU,213,baseline_thr3.0,d0_p1,car_adj,surprise_bps,high_inflation,HC1,0.008801906399761195,62,152,0.6237037463236401,1.2263882162218238,-1.7799729885354547,3.027380481182735,0.5085695851229766,0.6110539525019418,-0.1702022309631663,0.29742267188936045,-0.7531399560519864,0.4127354941256537,-0.572257084108506,0.5671478195301871,0.2026226717761967,1.905934441257199,-3.5329401899823845,3.938185533534778,0.1063114592979085,0.9153352399120103,0.8263264180998369,1.4589578600777486,0.5711346186438466,0.6237037463236401,3.0,baseline
XLV,213,baseline_thr3.0,d0_p1,car_adj,surprise_bps,high_inflation,HC1,0.0172154342834131,62,152,0.4022579899590027,0.42343628053066307,-0.4276618696286959,1.2321778495467013,0.9499847047940269,0.3421200244446234,0.26413484061632125,0.25725434375141043,-0.24007440800292984,0.7683440892355724,1.0267458918849572,0.3045401336627692,-0.0553075470070887,1.4612342519161443,-2.9192740537390605,2.8086589597248826,-0.037849884051487884,0.969807371121614,0.34695044295191396,1.3985375416138421,0.8040718183747255,0.4022579899590027,3.0,baseline
XLY,213,baseline_thr3.0,d0_p1,car_adj,surprise_bps,high_inflation,HC1,0.10810053207958681,62,152,-0.4808846231282824,0.5099703416072814,-1.4804081258621422,0.5186388796055774,-0.9429658627061936,0.34569836428744716,0.5212887992039467,0.2202368991929334,0.08963240871901867,0.9529451896888746,2.3669457802676552,0.017935560155333683,-2.1289303674298083,1.1148054961438094,-4.313908989638982,0.056048254779364134,-1.909687721126177,0.056173432881263786,-2.609814990558091,0.9913231284063724,0.008471955090970784,-0.4808846231282824,3.0,baseline
GLD,164,baseline_thr3.0,m1_p1,car_raw,surprise_bps,high_inflation,HC1,0.06973318904266146,48,116,-4.164849186553191,1.4754844368958369,-7.056745542618392,-1.2729528304879882,-2.8226995028936464,0.004762118310385081,0.38774303513880903,0.5339616304486187,-0.6588025296667696,1.4342885999443875,0.7261627297321699,0.4677390170360123,5.36389190999935,2.553025238137015,0.36005439162900554,10.367729428369694,2.1009944711371014,0.03564145159007884,1.1990427234461594,2.083478711924541,0.5649529554704256,-4.164849186553191,3.0,baseline
IEF,183,baseline_thr3.0,m1_p1,car_raw,surprise_bps,high_inflation,HC1,0.08049455956839269,51,132,-1.2722692898705623,0.4301962890071639,-2.1154385226073877,-0.4291000571337366,-2.957415771314047,0.0031022949310298233,0.32277021572472925,0.17036654177429345,-0.011142070323524489,0.6566825017729829,1.8945634064248638,0.05815026666098172,0.6627891204542715,0.8268300721673366,-0.957768042328362,2.283346283236905,0.8016025816730744,0.4227828837674126,-0.6094801694162908,0.7061013533230966,0.38804815961270434,-1.2722692898705623,3.0,baseline
QQQ,212,baseline_thr3.0,m1_p1,car_adj,surprise_bps,high_inflation,HC1,0.05735538583571531,62,151,-1.8056739329938316,1.358740126771321,-4.4687556458150075,0.8574077798273451,-1.3289325143318818,0.18387023559657967,-0.3823738219220973,0.2812729498085955,-0.9336586733722867,0.16891102952809217,-1.3594404374195965,0.17400706462284565,2.19489745581174,1.6775148247799267,-1.092971184288936,5.482766095912416,1.3084220916495857,0.19073018361623917,0.3892235228179084,0.9838095624956497,0.6923787930712479,-1.8056739329938316,3.0,baseline
SPY,214,baseline_thr3.0,m1_p1,car_raw,surprise_bps,high_inflation,HC1,0.07262540612944679,62,153,-2.7993894757042526,0.6660212964190846,-4.104767229622334,-1.4940117217861715,-4.203153098490076,2.6322242474574436e-05,-0.38609551980552687,0.4852982846781932,-1.3372626795338518,0.5650716399227982,-0.7955839367154393,0.42627390617813865,0.14945145576439448,2.061153403308321,-3.8903349813320753,4.189237892860865,0.07250865244892135,0.9421971199372094,-2.6499380199398583,1.9505817041810167,0.17429325227973358,-2.7993894757042526,3.0,baseline
TLT,183,baseline_thr3.0,m1_p1,car_raw,surprise_bps,high_inflation,HC1,0.04895945283543024,51,132,-1.8902543179148326,1.1741178613581287,-4.191483039781957,0.4109744039522918,-1.6099357484676478,0.10741188374369647,0.6419903418241157,0.33710877952317986,-0.018730724913570418,1.302711408561802,1.9044011334625357,0.056857961707495006,1.6101559980479747,1.7640883195247938,-1.8473935737684084,5.067705569864358,0.9127411480632188,0.3613786971650038,-0.2800983198668578,1.3166073244227492,0.8315278234823945,-1.8902543179148326,3.0,baseline
XLB,213,baseline_thr3.0,m1_p1,car_adj,surprise_bps,high_inflation,HC1,0.01618563721547195,62,152,-0.55608137485826,0.8946556983653111,-2.3095743222178,1.19741157250128,-0.6215590823087762,0.5342318335136564,0.3956885283601877,0.3273163674783061,-0.24583976344776975,1.037216820168145,1.2088870819648612,0.22670622972047616,-0.512578616468643,1.3750620531951963,-3.207650717238928,2.182493484301642,-0.3727676254883023,0.7093214000627628,-1.068659991326903,1.0442158931561356,0.30611448398402274,-0.55608137485826,3.0,baseline
XLE,213,baseline_thr3.0,m1_p1,car_adj,surprise_bps,high_inflation,HC1,0.008461046318418264,62,152,1.0212898995975883,1.2651155848437199,-1.4582910829764297,3.5008708821716064,0.8072700327407227,0.4195109251917334,0.06204553184111533,0.4979620242453217,-0.9139421013483764,1.0380331650306072,0.12459892284988486,0.9008410811936187,-2.196449285708625,2.536462387650545,-7.167824213644167,2.7749256422269166,-0.8659498742826364,0.3865176508055338,-1.1751593861110368,2.1984367175225747,0.5929657731059124,1.0212898995975883,3.0,baseline
XLF,213,baseline_thr3.0,m1_p1,car_adj,surprise_bps,high_inflation,HC1,0.02605284306186606,62,152,-0.2911934104617527,0.5389488718605739,-1.3475137888169701,0.7651269678934648,-0.5402987661083452,0.5889910091893992,-0.08445781053721248,0.3357831964484749,-0.742580782189961,0.5736651611155361,-0.2515248274199222,0.8014083695289843,-1.8491532097893257,1.3079705987387062,-4.41272847615448,0.714422056575829,-1.4137574740383991,0.15743312370682938,-2.1403466202510786,1.1917722939744417,0.07250471570293225,-0.2911934104617527,3.0,baseline
XLI,213,baseline_thr3.0,m1_p1,car_adj,surprise_bps,high_inflation,HC1,0.008265054741470657,62,152,-0.25921809258143397,0.45578282554231886,-1.1525360154162816,0.6340998302534138,-0.5687315933262735,0.5695383040141332,0.158626197860772,0.17154969197756645,-0.17760501997419806,0.49485741569574204,0.924666177083638,0.3551395781829896,-0.15846616552728132,0.7878658266863048,-1.702654810482315,1.3857224794277523,-0.2011334419640667,0.8405942333795664,-0.41768425810871523,0.6426465411100835,0.5157284006088301,-0.25921809258143397,3.0,baseline
XLK,213,baseline_thr3.0,m1_p1,car_adj,surprise_bps,high_inflation,HC1,0.040418048447794286,62,152,-1.5914130617167817,1.0702588279386693,-3.6890818186126246,0.5062556951790611,-1.4869422425431997,0.13703006613357882,-0.005410265111190693,0.3275254366987939,-0.64734832506158,0.6365277948391986,-0.016518610480218056,0.9868206550971855,0.975630732992259,1.9038071239359042,-2.7557626634328964,4.707024129417414,0.5124630119963275,0.6083270006464901,-0.6157823287245225,1.5744928092463442,0.695724169849425,-1.5914130617167817,3.0,baseline
XLP,213,baseline_thr3.0,m1_p1,car_adj,surprise_bps,high_inflation,HC1,0.0657411234398444,62,152,0.10385504028911857,1.140815632412742,-2.132102512240141,2.339812592818378,0.09103577943569437,0.9274641612025394,0.034270053998267436,0.3512595093512641,-0.6541859335574205,0.7227260415539554,0.09756334870922152,0.9222790291062938,3.392021861826164,2.263569580109001,-1.0444929916879306,7.828536715340259,1.4985277641267927,0.13399618470086674,3.4958769021152825,1.9550669903708031,0.07375809210940322,0.10385504028911857,3.0,baseline
XLRE,72,baseline_thr3.0,m1_p1,car_adj,surprise_bps,high_inflation,HC1,0.015395897100045963,20,52,1.0324561759254252,2.5868267991699625,-4.037631184690729,6.102543536541579,0.3991207205123707,0.6898042553584165,0.38199652508285376,0.6794673837939362,-0.9497350758229156,1.7137281259886232,0.5621999439471296,0.5739797996144858,-2.228336007994732,3.4459402706367754,-8.98225483131902,4.525582815329555,-0.6466554359582553,0.5178549710838425,-1.1958798320693071,2.2765832863948408,0.5993775176079216,1.0324561759254252,3.0,baseline
XLU,213,baseline_thr3.0,m1_p1,car_adj,surprise_bps,high_inflation,HC1,0.013911983602882705,62,152,0.6273726529205025,1.052061244823315,-1.4346294964635713,2.689374802304576,0.5963271206952068,0.5509567165939612,-0.31299343757257614,0.3207284290941384,-0.9416096074151958,0.31562273227004356,-0.9758830498954867,0.3291224227100571,0.6297522215790151,1.8353987574676969,-2.967563240327236,4.227067683485266,0.34311466051545414,0.7315122023796323,1.2571248744995176,1.5039467198191503,0.40322021129421726,0.6273726529205025,3.0,baseline
XLV,213,baseline_thr3.0,m1_p1,car_adj,surprise_bps,high_inflation,HC1,0.01886207215066693,62,152,0.5644740402417264,0.43545600314369515,-0.2890040427716766,1.4179521232551295,1.2962826006912502,0.1948781407607646,0.12205682286633907,0.2831991221399498,-0.4330032569813224,0.6771169027140005,0.4309929421533365,0.6664735023535062,0.5344635104189912,1.392228774428372,-2.194254745700956,3.263181766538939,0.38389057907414237,0.7010595491887809,1.0989375506607175,1.322376281423878,0.40595531945684094,0.5644740402417264,3.0,baseline
XLY,213,baseline_thr3.0,m1_p1,car_adj,surprise_bps,high_inflation,HC1,0.09410523571677687,62,152,-0.524225282200398,0.7746119033519437,-2.0424367147662292,0.9939861503654329,-0.6767586192930178,0.498559117139287,0.5213958048101288,0.2567921692255672,0.01809240161610226,1.0246992080041553,2.0304194103058215,0.04231392529386971,-2.592586486511318,1.494543514744029,-5.521837948737522,0.3366649757148857,-1.7347012388296714,0.08279373677312037,-3.1168117687117163,1.2781379881096224,0.014746051096701296,-0.524225282200398,3.0,baseline
GLD,152,ex_emergency_thr3.0,d0_p1,car_raw,surprise_bps,high_inflation,HC1,0.06611876403848227,45,107,-3.7745721526531564,0.8808497002859892,-5.501005841006596,-2.0481384642997167,-4.285148932249906,1.8261681087926594e-05,0.1692524641127528,0.4653089974674858,-0.7427364126059586,1.081241340831464,0.3637420832907483,0.7160506149236634,4.543764708185572,2.1310992539684186,0.3668869229272932,8.720642493443851,2.1321225183315216,0.032996775893301834,0.7691925555324151,1.9405380273962252,0.6918239228190795,-3.7745721526531564,3.0,ex_emergency
IEF,171,ex_emergency_thr3.0,d0_p1,car_raw,surprise_bps,high_inflation,HC1,0.1373927962277749,48,123,-1.4697111759539383,0.39404371503914254,-2.2420226657650217,-0.6973996861428549,-3.7298175807928917,0.00019161844948460113,0.3629979289294794,0.1391001901929475,0.09036656590863068,0.6356292919503281,2.609614900065634,0.009064419985166097,0.6804778574777801,0.7081723783515639,-0.7075144989373578,2.068470213892918,0.9608929665708661,0.3366059876017993,-0.7892333184761582,0.5884196360576877,0.17983075822023797,-1.4697111759539383,3.0,ex_emergency
QQQ,198,ex_emergency_thr3.0,d0_p1,car_adj,surprise_bps,high_inflation,HC1,0.01876442624178265,58,140,-0.4497491528369467,0.47399247761785235,-1.378757337910845,0.4792590322369516,-0.9488529334837854,0.3426954154451538,-0.35925766014789157,0.23735440055240012,-0.8244637368026897,0.10594841650690656,-1.5135917400805854,0.1301294173623539,0.7614140075927412,0.8417358725083895,-0.8883579870191008,2.4111860022045835,0.9045759275100305,0.36569009308911526,0.3116648547557945,0.6955935668399694,0.6541127988618782,-0.4497491528369467,3.0,ex_emergency
SPY,200,ex_emergency_thr3.0,d0_p1,car_raw,surprise_bps,high_inflation,HC1,0.06562320313672299,58,142,-2.1770334307035544,0.5553330616789817,-3.265466231018719,-1.0886006303883902,-3.920230184245757,8.846443132498898e-05,-0.2886285287352516,0.31478479498126094,-0.9055953897793477,0.32833833230884457,-0.9169074661069114,0.35919113128448843,0.7071757655982674,1.5870072264882664,-2.4033012415235353,3.8176527727200695,0.4456033682739478,0.6558837770828283,-1.469857665105287,1.4866731744173731,0.3228152437387647,-2.1770334307035544,3.0,ex_emergency
TLT,171,ex_emergency_thr3.0,d0_p1,car_raw,surprise_bps,high_inflation,HC1,0.07366091287582754,48,123,-2.230535980873275,0.9531199005898013,-4.098616658977683,-0.36245530276886767,-2.340246992527377,0.01927099057306716,0.5695995133272517,0.2996965031445589,-0.017794839128678852,1.1569938657831822,1.9005877858124516,0.057356026602941985,1.729742511632084,1.5097607842183105,-1.2293342507067526,4.68881927397092,1.1457063461399088,0.2519166771357767,-0.5007934692411911,1.1708715047618055,0.6688622572973562,-2.230535980873275,3.0,ex_emergency
XLB,199,ex_emergency_thr3.0,d0_p1,car_adj,surprise_bps,high_inflation,HC1,0.03508816296747075,58,141,-1.2818035605102598,0.5402008287780952,-2.3405777293340146,-0.22302939168650487,-2.3728278303638106,0.017652490159196253,0.18974211170129923,0.2654257462688335,-0.330482791555281,0.7099670149578794,0.7148594828066192,0.47469587536793034,-0.009245034087505951,1.0586769471377293,-2.08421372174027,2.0657236535652586,-0.008732630017590448,0.9930324578899715,-1.2910485945977659,0.9104833567882079,0.15619615363988723,-1.2818035605102598,3.0,ex_emergency
XLE,199,ex_emergency_thr3.0,d0_p1,car_adj,surprise_bps,high_inflation,HC1,0.01718599892763184,58,141,-0.3362850589509586,0.5405189884736089,-1.3956828093192528,0.7231126914173356,-0.6221521650897152,0.5338418164792559,0.2958088602351578,0.3587184623674625,-0.40726640659465546,0.9988841270649711,0.8246268070031432,0.4095834973289024,-1.727337675695629,1.763996831270836,-5.184707933829246,1.7300325824379883,-0.9792181284425568,0.3274722131581187,-2.0636227346465876,1.6791438425081457,0.21908186478679748,-0.3362850589509586,3.0,ex_emergency
XLF,199,ex_emergency_thr3.0,d0_p1,car_adj,surprise_bps,high_inflation,HC1,0.010262618296442705,58,141,-0.6180931895817745,0.969399958796447,-2.5180821954374233,1.2818958162738738,-0.6376038950415931,0.5237315595328472,-0.1397243511691894,0.23893806729916722,-0.6080343576111649,0.328585655272786,-0.5847722497656462,0.5587008659198439,0.3143492028308142,1.3039766076842314,-2.241397984912995,2.870096390574623,0.24106966411696276,0.8095011240256137,-0.30374398675096037,0.8721345729147102,0.7276325319298587,-0.6180931895817745,3.0,ex_emergency
XLI,199,ex_emergency_thr3.0,d0_p1,car_adj,surprise_bps,high_inflation,HC1,0.013330097231818105,58,141,-0.44143252651744297,0.31266174424198895,-1.0542382845752147,0.17137323154032902,-1.411853335583614,0.1579931502451427,-0.007118129725519163,0.14731749467798252,-0.29585511358703603,0.2816188541359977,-0.048318292006516245,0.961462576666484,-0.016929677497401874,0.6166210270345351,-1.2254846825951897,1.191625327600386,-0.027455563068973468,0.9780963820072215,-0.4583622040148448,0.5314735408923781,0.3884473378859403,-0.44143252651744297,3.0,ex_emergency
XLK,199,ex_emergency_thr3.0,d0_p1,car_adj,surprise_bps,high_inflation,HC1,0.018932852414097923,58,141,-0.5347946540139331,0.44461273918454036,-1.4062196098833326,0.3366303018554665,-1.2028325031684752,0.22904114412516152,-0.2649798449641418,0.21185781874544812,-0.6802135395484348,0.15025384962015126,-1.250743760760234,0.2110279791716938,1.200502547299419,0.8724521949768719,-0.509472333088167,2.9104774276870047,1.3760095443753722,0.16881867836378028,0.6657078932854859,0.7506612715964388,0.3751711809390793,-0.5347946540139331,3.0,ex_emergency
XLP,199,ex_emergency_thr3.0,d0_p1,car_adj,surprise_bps,high_inflation,HC1,0.029230104415821856,58,141,0.6198205590659184,0.39793665561798475,-0.16012095407365035,1.399762072205487,1.5575859884115324,0.11933142228995937,0.25876920842049983,0.19322648953400445,-0.11994775192525459,0.6374861687662543,1.3392015196496183,0.18050507786384118,0.027416742778579428,0.9199081168309418,-1.7755700352961308,1.8304035208532898,0.02980378396163016,0.9762235409438111,0.6472373018444978,0.8293837239342378,0.43516522769291643,0.6198205590659184,3.0,ex_emergency
XLRE,65,ex_emergency_thr3.0,d0_p1,car_adj,surprise_bps,high_inflation,HC1,0.040428556555875295,20,45,-2.7609706598888195,1.12062761476062,-4.957360424900662,-0.564580894876978,-2.463771750331708,0.013748363140732854,-0.02148775225018784,0.5940146077237246,-1.1857349896793763,1.1427594851790004,-0.03617377749771057,0.9711437948261249,2.395883821836579,2.2914588027282914,-2.095292903568145,6.887060547241303,1.045571414587055,0.2957589527691231,-0.3650868380522407,1.9987439039649124,0.8550662648044882,-2.7609706598888195,3.0,ex_emergency
XLU,199,ex_emergency_thr3.0,d0_p1,car_adj,surprise_bps,high_inflation,HC1,0.008603952831250039,58,141,0.5653083300592736,0.679186662946334,-0.7658730680954857,1.896489728214033,0.8323313175894055,0.405221958048097,-0.033241519162292524,0.23913484586061812,-0.5019372044976412,0.4354541661730562,-0.13900742504782276,0.8894442816764333,-1.2635949515714704,1.2029471468602446,-3.621328034722765,1.0941381315798242,-1.050416017752334,0.29352688442345987,-0.6982866215121968,0.9928682264102459,0.4818673059393028,0.5653083300592736,3.0,ex_emergency
XLV,199,ex_emergency_thr3.0,d0_p1,car_adj,surprise_bps,high_inflation,HC1,0.05155708195710129,58,141,0.7228489986479638,0.404608908446002,-0.07016988973026417,1.5158678870261917,1.7865375268780896,0.07401226672529637,0.1880950138315291,0.1645550792718363,-0.13442701501440363,0.5106170426774619,1.1430520082628752,0.2530169983213264,0.6182255758925594,0.7049880258512254,-0.763525564307835,1.9999767160929538,0.8769306048086332,0.3805243317424636,1.3410745745405233,0.5773211825316505,0.020183110499725834,0.7228489986479638,3.0,ex_emergency
XLY,199,ex_emergency_thr3.0,d0_p1,car_adj,surprise_bps,high_inflation,HC1,0.06604129202650078,58,141,-0.8596766219636454,0.419067323059057,-1.6810334822570088,-0.03831976167028191,-2.05140457072215,0.040227564314104014,0.3399344013437541,0.20287959588380686,-0.05770229978654795,0.7375711024740561,1.6755475081803752,0.09382685799111373,-0.5919181548171406,0.9496898870391356,-2.453276129895759,1.2694398202614774,-0.6232752005631796,0.5331036916230383,-1.451594776780786,0.8522285258594214,0.08851327313184525,-0.8596766219636454,3.0,ex_emergency
GLD,152,ex_emergency_thr3.0,m1_p1,car_raw,surprise_bps,high_inflation,HC1,0.1065670321712765,45,107,-5.568340825836001,0.8248589967632949,-7.185034751815901,-3.9516468998561023,-6.750657806589842,1.4717634477959727e-11,0.18407957827205448,0.5432734610952556,-0.8807168392310688,1.2488759957751778,0.3388341074142376,0.7347347055443343,7.054752606911535,2.455754643041681,2.2415619516828236,11.867943262140246,2.8727432632168686,0.00406924658620906,1.4864117810755335,2.313079873735324,0.520476204040893,-5.568340825836001,3.0,ex_emergency
IEF,171,ex_emergency_thr3.0,m1_p1,car_raw,surprise_bps,high_inflation,HC1,0.11347196755549982,48,123,-1.5011057783161261,0.39746809413000833,-2.2801289278147183,-0.7220826288175336,-3.7766698773691445,0.0001589391687156214,0.396675123768634,0.17027851657398102,0.06293536394272453,0.7304148835945434,2.329566475852462,0.019829075733062407,0.8045395516093098,0.8707441908395209,-0.9020877021836229,2.511166805402242,0.9239677508886042,0.35550310651291894,-0.6965662267068163,0.7747351547654404,0.3685981269506833,-1.5011057783161261,3.0,ex_emergency
QQQ,198,ex_emergency_thr3.0,m1_p1,car_adj,surprise_bps,high_inflation,HC1,0.016737262483986992,58,140,-0.30415176651179326,0.6225201305951277,-1.5242688021294144,0.9159652691058281,-0.488581415384953,0.6251380730323997,-0.40752632602830396,0.26169226510934496,-0.9204337406753279,0.10538108861871998,-1.5572731041860333,0.11940565823689125,0.8863872531162171,1.0305547597781555,-1.1334629601452948,2.9062374663777293,0.8601068935987711,0.3897301215593768,0.5822354866044239,0.8212866734004879,0.47836736915998523,-0.30415176651179326,3.0,ex_emergency
SPY,200,ex_emergency_thr3.0,m1_p1,car_raw,surprise_bps,high_inflation,HC1,0.05635062589840523,58,142,-2.1635814781156255,0.5729427803767067,-3.2865286928562125,-1.0406342633750385,-3.7762610023518977,0.00015920017068101166,-0.2059656079081798,0.46664054308040476,-1.1205642660719846,0.7086330502556251,-0.44137958212664513,0.6589382212163295,-0.7043034437509988,2.4231318901871175,-5.453554678308215,4.0449477908062175,-0.29065831975683815,0.7713126519123186,-2.8678849218666245,2.3544223766469785,0.22319194113319618,-2.1635814781156255,3.0,ex_emergency
TLT,171,ex_emergency_thr3.0,m1_p1,car_raw,surprise_bps,high_inflation,HC1,0.08906008936598397,48,123,-2.6463709750556688,1.0327878231914227,-4.670597912182378,-0.6221440379289594,-2.5623568710154863,0.010396442969687687,0.729373645872072,0.34137964508900953,0.060281836442547365,1.3984654553015967,2.136546968645125,0.032634856876790394,2.0263321402042984,1.7570149315419294,-1.4173538459169923,5.470018126325589,1.1532811155031109,0.24879501873035748,-0.6200388348513706,1.4214256160379313,0.6626850025547584,-2.6463709750556688,3.0,ex_emergency
XLB,199,ex_emergency_thr3.0,m1_p1,car_adj,surprise_bps,high_inflation,HC1,0.028064892817264764,58,141,-1.3989250924827592,0.7472042280229548,-2.863418468503805,0.06556828353828648,-1.8722124956174404,0.06117721102418769,0.28092035030342394,0.34382598175410084,-0.39296619088373946,0.9548068914905874,0.8170422400024846,0.41390428938957124,0.20755947564960558,1.4506719125299943,-2.6357052262930227,3.0508241775922342,0.14307816526730613,0.886228449099246,-1.1913656168331537,1.2434367050349018,0.338000612876319,-1.3989250924827592,3.0,ex_emergency
XLE,199,ex_emergency_thr3.0,m1_p1,car_adj,surprise_bps,high_inflation,HC1,0.030766301603122215,58,141,-1.1181871930297314,0.7562615174615072,-2.6004325301478945,0.3640581440884319,-1.4785721171997168,0.13925470941229687,0.43994429273455593,0.47170026204700394,-0.48457123237567756,1.3644598178447893,0.9326776517472369,0.3509864270133397,-2.229701876077655,2.130466880585046,-6.405340232279741,1.945936480124432,-1.0465789899842788,0.2952937961733959,-3.3478890691073864,1.9917222814631061,0.0927820389573419,-1.1181871930297314,3.0,ex_emergency
XLF,199,ex_emergency_thr3.0,m1_p1,car_adj,surprise_bps,high_inflation,HC1,0.022784728003878096,58,141,-0.4654153155818419,0.6553063673593331,-1.749792194445909,0.818961563282225,-0.7102255353588444,0.4775642882631822,-0.05305645764959251,0.23751046735889642,-0.5185684196243056,0.41245550432512057,-0.2233857658551956,0.8232352816506961,-1.2184419819677905,1.1196628281446377,-3.4129407999595407,0.9760568360239594,-1.0882222320328676,0.2764970123987116,-1.6838572975496326,0.9078647551409651,0.06363269942230386,-0.4654153155818419,3.0,ex_emergency
XLI,199,ex_emergency_thr3.0,m1_p1,car_adj,surprise_bps,high_inflation,HC1,0.026269300881635482,58,141,-0.8493808561335563,0.4567417741861365,-1.74457828377331,0.045816571506197314,-1.8596522239443927,0.06293474550797744,0.040644855794621584,0.16048018032610203,-0.2738905178770318,0.3551802294662749,0.25327025251361035,0.800059381906174,0.4058387040288286,0.7743995979427916,-1.111956617581341,1.9236340256389983,0.5240688465063095,0.600230655831148,-0.44354215210472775,0.6253652444829805,0.4781675125205277,-0.8493808561335563,3.0,ex_emergency
XLK,199,ex_emergency_thr3.0,m1_p1,car_adj,surprise_bps,high_inflation,HC1,0.006859836656368801,58,141,-0.4220088976751616,0.5421141031529508,-1.4845330153661769,0.6405152200158538,-0.778450321105365,0.4363035828991546,-0.17650856229199552,0.2533907499134942,-0.6731453061380399,0.32012818155404893,-0.6965864474226241,0.48606163970914973,0.866981941076225,1.0130568067113523,-1.118572914371181,2.852536796523631,0.8558078237395939,0.3921040869485365,0.44497304340106336,0.8558016083105215,0.6030992415562765,-0.4220088976751616,3.0,ex_emergency
XLP,199,ex_emergency_thr3.0,m1_p1,car_adj,surprise_bps,high_inflation,HC1,0.03977428876565481,58,141,0.3483354462936799,0.4445222189398122,-0.5229120931561806,1.2195829857435403,0.7836176268634261,0.4332645096948373,0.3019647074898576,0.2458543456996195,-0.17990095552405655,0.7838303705037717,1.2282260320864644,0.21936212902204466,1.158294879540664,1.1540020111965936,-1.1035075004914474,3.4200972595727754,1.0037199834163366,0.3155136021481161,1.506630325834344,1.0649510029642726,0.15714431656980726,0.3483354462936799,3.0,ex_emergency
XLRE,65,ex_emergency_thr3.0,m1_p1,car_adj,surprise_bps,high_inflation,HC1,0.03722560375725015,20,45,-2.9598504483732557,1.9445920801960381,-6.771180890179315,0.8514799934328035,-1.5220932341115303,0.12798572106159004,-0.0008475129774594414,0.6684543647014304,-1.3109939931008654,1.3092989671459465,-0.001267869614162799,0.9989883866807754,1.7639706163039455,2.999551891345127,-4.115043060491504,7.642984293099395,0.5880780463887577,0.5564799079928788,-1.1958798320693105,2.2838286254688582,0.6005363229121434,-2.9598504483732557,3.0,ex_emergency
XLU,199,ex_emergency_thr3.0,m1_p1,car_adj,surprise_bps,high_inflation,HC1,0.00826716301336372,58,141,0.4595538818974494,0.7669764397325821,-1.043692316969167,1.9628000807640655,0.5991760086628994,0.5490555195805897,-0.24850255150114808,0.2881009587901073,-0.8131700546412166,0.31616495163892044,-0.862553712229024,0.38838288931296305,-0.7242426660692872,1.4531341032139748,-3.5723331730755876,2.1238478409370134,-0.4984004328763882,0.618201831735409,-0.2646887841718379,1.2342389812425378,0.8301922152867528,0.4595538818974494,3.0,ex_emergency
XLV,199,ex_emergency_thr3.0,m1_p1,car_adj,surprise_bps,high_inflation,HC1,0.042950053466660476,58,141,0.837807632109296,0.5495731365646019,-0.23933592242803645,1.9149511866466282,1.524469768203112,0.1273914032970641,0.09094715627488517,0.24613742413828832,-0.39147333028361964,0.57336764283339,0.3694974731830621,0.7117569562373608,0.980866935896672,1.1125686956324965,-1.1997276378697266,3.16146150966307,0.8816237053470646,0.3779803314992636,1.818674568005968,0.9673564338277494,0.060101812646166555,0.837807632109296,3.0,ex_emergency
XLY,199,ex_emergency_thr3.0,m1_p1,car_adj,surprise_bps,high_inflation,HC1,0.06909109633762311,58,141,-1.308344531203546,0.5753479036708368,-2.4360057009790066,-0.1806833614280856,-2.274005906436856,0.022965631401575277,0.2906172520448007,0.21899644716625122,-0.13860789714328048,0.7198424012328819,1.327040944295222,0.18449513885736124,-0.3286170670716867,1.1508365822511397,-2.5842153203750886,1.9269811862317145,-0.28554624708651705,0.7752256784244432,-1.6369615982752328,0.9966943507360014,0.10050904733837804,-1.308344531203546,3.0,ex_emergency
GLD,152,ex_covid_thr3.0,d0_p1,car_raw,surprise_bps,high_inflation,HC1,0.06958379751900345,48,104,-3.801886274963072,0.8782097099389633,-5.5231456773168075,-2.080626872609336,-4.329132588647087,1.496977911124914e-05,0.27665014751019906,0.4422779805322664,-0.5901987654881502,1.1434990605085484,0.6255119171369555,0.5316351294078698,4.551930777125281,1.9481010853435197,0.733722811608592,8.37013874264197,2.3365988609993575,0.019460051747759683,0.7500445021622087,1.738920798681044,0.6662301983204374,-3.801886274963072,3.0,ex_covid
IEF,171,ex_covid_thr3.0,d0_p1,car_raw,surprise_bps,high_inflation,HC1,0.12605301801573676,51,120,-1.474541421426297,0.39200487579297966,-2.2428568597446343,-0.7062259831079596,-3.761538471794448,0.0001688714401038092,0.3166821810003906,0.1419076464592663,0.03854830480938576,0.5948160571913954,2.231607590583868,0.02564090952585842,0.6767606155399052,0.6640809139319812,-0.6248140585872213,1.9783352896670319,1.0190936094411271,0.30815852778343755,-0.7977808058863919,0.5360369741009154,0.1366732814174072,-1.474541421426297,3.0,ex_covid
QQQ,200,ex_covid_thr3.0,d0_p1,car_adj,surprise_bps,high_inflation,HC1,0.05460132440817178,62,139,-1.96504788235526,1.3599368248441324,-4.630475080299515,0.7003793155889951,-1.444955270315944,0.14847045001728784,-0.10247308070488946,0.36769503703327194,-0.8231421105842239,0.618195949174445,-0.278690410215183,0.7804824225973155,1.1036355282919328,2.3003662925358026,-3.40499955632817,5.612270612912036,0.47976512778551594,0.6313944118700556,-0.8614123540633272,1.8553320221102663,0.6424398912206766,-1.96504788235526,3.0,ex_covid
SPY,202,ex_covid_thr3.0,d0_p1,car_raw,surprise_bps,high_inflation,HC1,0.0963125643720526,62,141,-2.5518723867324637,0.5377830934421896,-3.6059078813736933,-1.4978368920912337,-4.745170344420253,2.0833094063652385e-06,-0.3668885902100908,0.3371341610001056,-1.027659403728426,0.2938822233082443,-1.0882569393790262,0.2764816944184515,0.7411420070857908,1.469228434899952,-2.1384928103802667,3.6207768245518483,0.5044430052405426,0.6139501039089696,-1.8107303796466727,1.3672679102232714,0.18538947292452335,-2.5518723867324637,3.0,ex_covid
TLT,171,ex_covid_thr3.0,d0_p1,car_raw,surprise_bps,high_inflation,HC1,0.07238630514445188,51,120,-2.2176098588846385,0.9515992284652566,-4.082710074392644,-0.3525096433766327,-2.330403170314891,0.01978485237539245,0.5363681886057303,0.28949009702318074,-0.031021975440709837,1.1037583526521706,1.8528032361769562,0.06391056623042836,1.7723929148554542,1.4306771758759564,-1.0316828233648971,4.576468653075806,1.2388489484151284,0.21540144273392514,-0.445216944029184,1.0683146025196553,0.6768634463025326,-2.2176098588846385,3.0,ex_covid
XLB,201,ex_covid_thr3.0,d0_p1,car_adj,surprise_bps,high_inflation,HC1,0.01763336752103184,62,140,-0.6839433900776842,0.7181871382517313,-2.091564315210966,0.7236775350555977,-0.9523191848611966,0.340935131045899,0.2822731161669327,0.2691753615081213,-0.2453008979145343,0.8098471302483996,1.048658817008466,0.2943351749856946,-0.1702409222247067,1.070977783902862,-2.2693188069168366,1.9288369624674235,-0.15895840677881662,0.8737016436737299,-0.8541843123023909,0.7944813704947866,0.2823088914656504,-0.6839433900776842,3.0,ex_covid
XLE,201,ex_covid_thr3.0,d0_p1,car_adj,surprise_bps,high_inflation,HC1,0.008175705083764973,62,140,0.8626000600330731,1.0798407943439412,-1.2538490059181748,2.979049125984321,0.7988215156819919,0.42439391287854955,-0.17069996357596873,0.4234510229165178,-1.0006487177089887,0.6592487905570513,-0.4031161913372488,0.68686274991115,-0.49396040313985,2.4014354048355804,-5.200687307816952,4.212766501537252,-0.20569381218632868,0.8370300923687404,0.3686396568932231,2.1449559115442147,0.863544832595917,0.8626000600330731,3.0,ex_covid
XLF,201,ex_covid_thr3.0,d0_p1,car_adj,surprise_bps,high_inflation,HC1,0.013039242875755752,62,140,-0.4238666254049419,0.8284183631936748,-2.0475367813961665,1.1998035305862826,-0.5116576892029211,0.6088906029734352,-0.0668824910026407,0.28891632409467805,-0.6331480807739115,0.49938309876863013,-0.2314943304509276,0.8169307894794839,-0.585920392779823,1.4361071953901132,-3.400638773683271,2.2287979881236253,-0.40799210160677446,0.6832794736244319,-1.009787018184765,1.1730843499828862,0.3893500787801931,-0.4238666254049419,3.0,ex_covid
XLI,201,ex_covid_thr3.0,d0_p1,car_adj,surprise_bps,high_inflation,HC1,0.019410242005266642,62,140,-0.2542462417158135,0.3090560944371952,-0.8599850560153258,0.3514925725836988,-0.8226540304238529,0.41070476378077414,0.07640831286955677,0.1435580976085323,-0.20496038813225223,0.35777701387136573,0.5322466244844936,0.5945551947135219,-0.5173835076401758,0.5787079660280496,-1.6516302786215826,0.6168632633412308,-0.8940321163906331,0.3713047077748364,-0.7716297493559893,0.48927215375039457,0.11477315874559323,-0.2542462417158135,3.0,ex_covid
XLK,201,ex_covid_thr3.0,d0_p1,car_adj,surprise_bps,high_inflation,HC1,0.05998468363321929,62,140,-1.8965099256921918,1.2394045860286056,-4.325698276582034,0.5326784251976506,-1.5301782380595612,0.12597261646439117,0.09810070520176481,0.3781193937395056,-0.6429996883837861,0.8392010987873157,0.2594437281610275,0.7952928941996855,0.6312835022094867,2.4621432840281043,-4.194428659262771,5.456995663681745,0.25639592395154887,0.7976451349102947,-1.265226423482705,2.1274458449549214,0.5520332179337507,-1.8965099256921918,3.0,ex_covid
XLP,201,ex_covid_thr3.0,d0_p1,car_adj,surprise_bps,high_inflation,HC1,0.09692682686724441,62,140,1.4814245396160755,0.789295945377593,-0.06556708646750058,3.0284161656996513,1.8768936395680755,0.06053267279669433,-0.03480806203742387,0.33775772142297616,-0.6968010315267699,0.627184907451922,-0.10305630287525984,0.917918285553294,1.2488120523043018,2.171081069380041,-3.006428651197285,5.504052755805889,0.5752028654834634,0.5651541050590129,2.7302365919203773,2.022524393037294,0.1770431582592824,1.4814245396160755,3.0,ex_covid
XLRE,60,ex_covid_thr3.0,d0_p1,car_adj,surprise_bps,high_inflation,HC1,0.04562954634793248,20,40,-2.7296916541369987,1.1296715430453663,-4.943807192865706,-0.5155761154082915,-2.416358693765359,0.01567660968817844,-0.12705047818574244,0.596091283024678,-1.2953679244123832,1.0412669680408984,-0.21313929896955497,0.8312183126731973,2.364604816084758,2.300670644169707,-2.144626786776435,6.87383641894595,1.0277893631046542,0.3040489208769769,-0.365086838052241,2.004227436639307,0.8554584285326581,-2.7296916541369987,3.0,ex_covid
XLU,201,ex_covid_thr3.0,d0_p1,car_adj,surprise_bps,high_inflation,HC1,0.04358509907591013,62,140,1.554432767862551,0.9481681821727513,-0.30394272048285437,3.4128082562079567,1.6394061698005191,0.10112869755923018,-0.24820469178195712,0.289156232776564,-0.8149404939293029,0.3185311103653886,-0.8583757278846179,0.39068502581868125,-0.7281063497627117,1.7406940678654448,-4.139804030881504,2.6835913313560806,-0.4182850755937626,0.6757387001088715,0.8263264180998393,1.4597920866401388,0.5713546191018956,1.554432767862551,3.0,ex_covid
XLV,201,ex_covid_thr3.0,d0_p1,car_adj,surprise_bps,high_inflation,HC1,0.029530598458903823,62,140,0.787363157697743,0.33377638423455164,0.13317346570801908,1.441552849687467,2.3589540629226975,0.01832652421283508,0.2532509904913706,0.2566359349532618,-0.2497461991557865,0.7562481801385277,0.9868103254421184,0.3237356319027055,-0.44041271474582805,1.4385935249886759,-3.2600042121161548,2.379178782624499,-0.30614117684791803,0.7594971574360794,0.34695044295191496,1.399337220067648,0.8041815090943452,0.787363157697743,3.0,ex_covid
XLY,201,ex_covid_thr3.0,d0_p1,car_adj,surprise_bps,high_inflation,HC1,0.14411275400758883,62,140,-0.8576096019132676,0.3429502797353864,-1.5297797986825616,-0.18543940514397358,-2.5006820305700934,0.01239544135217668,0.5387867843687403,0.2180913466482487,0.11133559959833261,0.966237969139148,2.470463833843574,0.013493796263493656,-1.7522053886448279,1.0495049278009563,-3.8091972487320116,0.30478647144235627,-1.6695542271690431,0.09500759301396418,-2.6098149905580956,0.9918899632055516,0.00850955304817161,-0.8576096019132676,3.0,ex_covid
GLD,152,ex_covid_thr3.0,m1_p1,car_raw,surprise_bps,high_inflation,HC1,0.10920933705603597,48,104,-5.57272359876623,0.8128310224288332,-7.165843128243613,-3.9796040692888472,-6.855943541763805,7.084335389810937e-12,0.4647250622978371,0.5282563275836035,-0.5706383143714184,1.5000884389670928,0.8797340193228225,0.37900341558129547,6.771766322212397,2.2383391812724738,2.384702141733477,11.158830502691316,3.02535307377442,0.002483430320651756,1.199042723446167,2.08553782497389,0.5653371927077597,-5.57272359876623,3.0,ex_covid
IEF,171,ex_covid_thr3.0,m1_p1,car_raw,surprise_bps,high_inflation,HC1,0.10389908829598482,51,120,-1.5157179125540854,0.3958413742334871,-2.2915527496425616,-0.7398830754656093,-3.829104311011307,0.0001286104895044919,0.3588521720426724,0.17079671727935153,0.024096757497473476,0.6936075865878712,2.101048414506359,0.03563671651361575,0.9062377431377919,0.8099707387693694,-0.6812757333814725,2.4937512196570566,1.1188524470830712,0.263203092610814,-0.6094801694162935,0.7066556474744555,0.38842047116575584,-1.5157179125540854,3.0,ex_covid
QQQ,200,ex_covid_thr3.0,m1_p1,car_adj,surprise_bps,high_inflation,HC1,0.05922713952218783,62,139,-1.980937598874012,1.5420848779941865,-5.003368420846462,1.0414932230984368,-1.2845840246164972,0.19893768416306912,-0.3275452653942622,0.28369129679170274,-0.8835699898334629,0.2284794590449385,-1.1545834119640221,0.24826106278856774,2.370161121691919,1.8294876611630515,-1.2155688043480797,5.955891047731917,1.295532717714613,0.19513652234369738,0.389223522817907,0.9843776365854252,0.6925472553146402,-1.980937598874012,3.0,ex_covid
SPY,202,ex_covid_thr3.0,m1_p1,car_raw,surprise_bps,high_inflation,HC1,0.08008137351098676,62,141,-2.784489351794522,0.6788368496458793,-4.114985128479078,-1.4539935751099673,-4.101853565031235,4.09853636355534e-05,-0.45987316930910255,0.47944926574121854,-1.3995764625760645,0.47983012395785934,-0.9591696184958136,0.33747330311935364,0.1345513318546601,2.0663732927715297,-3.915465900592979,4.184568564302299,0.0651147265236828,0.9480826552461011,-2.6499380199398623,1.9516862239208208,0.17453716240309292,-2.784489351794522,3.0,ex_covid
TLT,171,ex_covid_thr3.0,m1_p1,car_raw,surprise_bps,high_inflation,HC1,0.09057352102704974,51,120,-2.675070443329352,1.0320525016330664,-4.6978561766846285,-0.6522847099740766,-2.5919906585144257,0.00954223625801057,0.711441943391443,0.3309503993472192,0.06279108000174505,1.3600928067811409,2.1496935637325763,0.03157946190262859,2.3949721234624888,1.6737113931940724,-0.88544192771225,5.675386174637228,1.4309349468500534,0.15244886015825984,-0.28009831986686334,1.3176408697291417,0.8316579921683867,-2.675070443329352,3.0,ex_covid
XLB,201,ex_covid_thr3.0,m1_p1,car_adj,surprise_bps,high_inflation,HC1,0.015703658651240904,62,140,-0.4992466091063127,1.0071414815048811,-2.473207640192193,1.4747144219795676,-0.49570653008982735,0.6201014792116271,0.3883647857682242,0.32871962221644385,-0.2559138347876184,1.0326434063240668,1.181446921694584,0.2374252273849442,-0.5694133822205927,1.451195407203074,-3.4137041148685556,2.2748773504273707,-0.3923754026468687,0.6947808577075758,-1.0686599913269055,1.0448129718372798,0.3063909741064508,-0.4992466091063127,3.0,ex_covid
XLE,201,ex_covid_thr3.0,m1_p1,car_adj,surprise_bps,high_inflation,HC1,0.004844815974630379,62,140,0.3986119589861537,1.3561337309938575,-2.259361311981737,3.0565852299540444,0.29393263354199334,0.7688093810244907,-0.010224149929010828,0.4873962742260582,-0.9655032936110928,0.945054993753071,-0.020977078549165907,0.9832639403204209,-1.5737713450971924,2.5841345555861097,-6.638582005251386,3.491039315057001,-0.6090129253119498,0.5425158716053782,-1.1751593861110385,2.199693775286665,0.5931770755157634,0.3986119589861537,3.0,ex_covid
XLF,201,ex_covid_thr3.0,m1_p1,car_adj,surprise_bps,high_inflation,HC1,0.03322100053413424,62,140,-0.22621229955099154,0.5959926513819565,-1.3943364313101625,0.9419118322081792,-0.37955551805288595,0.7042753854044845,-0.1976856999982865,0.3329395271684686,-0.8502351822782799,0.4548637822817068,-0.5937585773594759,0.5526735978410308,-1.914134320700089,1.333099086375921,-4.526960517820145,0.6986918764199667,-1.4358529986722397,0.15104417519723912,-2.140346620251081,1.1924537448450658,0.07266811136764852,-0.22621229955099154,3.0,ex_covid
XLI,201,ex_covid_thr3.0,m1_p1,car_adj,surprise_bps,high_inflation,HC1,0.01636512589549899,62,140,-0.5445635098723266,0.4550159113484006,-1.4363783085078619,0.34725128876320865,-1.1968010267125813,0.23138411800525893,0.07259950330802634,0.16686089754327643,-0.25444184630482347,0.39964085292087614,0.4350899724076888,0.6634971217186257,0.12687925176361053,0.7877223424978756,-1.4170281693497508,1.670786672876972,0.16107103343200235,0.8720374542980087,-0.4176842581087161,0.6430140039611306,0.5159683571071821,-0.5445635098723266,3.0,ex_covid
XLK,201,ex_covid_thr3.0,m1_p1,car_adj,surprise_bps,high_inflation,HC1,0.04343321269955325,62,140,-1.7302068505951052,1.2198236945534047,-4.121017359408366,0.6606036582181556,-1.4184073143689502,0.1560718813765853,0.06494445959325182,0.32897094973615393,-0.5798267538495463,0.7097156730360499,0.19741700489158548,0.8435012234926129,1.1144245218705835,1.9924440418289335,-2.7906940413255437,5.019543085066711,0.5593253805249229,0.5759396768556433,-0.6157823287245217,1.5753930982537974,0.6958893752015043,-1.7302068505951052,3.0,ex_covid
XLP,201,ex_covid_thr3.0,m1_p1,car_adj,surprise_bps,high_inflation,HC1,0.10481767119118479,62,140,1.161109907247047,0.7516736273514009,-0.3121433304902804,2.6343631449843743,1.5446995411270938,0.12241895593340847,0.03847226694917616,0.34681628393531827,-0.641275158816065,0.7182196927144173,0.11092981711421397,0.9116720008762664,2.3347669948682404,2.0956317822784523,-1.77259582325501,6.44212981299149,1.1141112740377466,0.2652314526189623,3.4958769021152873,1.9561848902493728,0.07392307180660417,1.161109907247047,3.0,ex_covid
XLRE,60,ex_covid_thr3.0,m1_p1,car_adj,surprise_bps,high_inflation,HC1,0.043819126393129015,20,40,-2.9004488099218033,1.9593823966204265,-6.740767739239614,0.9398701193960086,-1.4802872654794401,0.13879660024896842,-0.05813325573150813,0.6674516524291066,-1.3663144559143032,1.2500479444512869,-0.08709732835320645,0.9305941489825871,1.7045689778524942,3.0139195760008066,-4.202604843409317,7.611742799114304,0.5655655152266207,0.5716891758222991,-1.195879832069309,2.2900942850491735,0.6015333367093141,-2.9004488099218033,3.0,ex_covid
XLU,201,ex_covid_thr3.0,m1_p1,car_adj,surprise_bps,high_inflation,HC1,0.040828198666526316,62,140,1.34451277049269,0.9103770875673265,-0.43979353348973704,3.128819074475117,1.476874570828055,0.1397092625518247,-0.43614898030524285,0.3121303589450493,-1.0479132423190989,0.1756152817086133,-1.397329570181371,0.16231448758698297,-0.08738789599316982,1.758757958951167,-3.534490153060632,3.3597143610742926,-0.04968727820017001,0.960371594463387,1.2571248744995203,1.5048066708406458,0.4034890207459959,1.34451277049269,3.0,ex_covid
XLV,201,ex_covid_thr3.0,m1_p1,car_adj,surprise_bps,high_inflation,HC1,0.027230259323785866,62,140,0.8584730524122387,0.4528177444772483,-0.02903341832382906,1.7459795231483062,1.895846757072861,0.05798031104767849,0.1203677165848333,0.28309904963921423,-0.43449622476554356,0.6752316579352102,0.42517880840021105,0.6707063312775163,0.24046449824847932,1.398471768457032,-2.500489801323341,2.9814187978202993,0.17194805334811275,0.8634783680340323,1.098937550660718,1.323132411158413,0.4062236509246724,0.8584730524122387,3.0,ex_covid
XLY,201,ex_covid_thr3.0,m1_p1,car_adj,surprise_bps,high_inflation,HC1,0.13809752831779365,62,140,-1.2196686637843872,0.4814903297685754,-2.163372369035109,-0.27596495853366554,-2.5331114424885985,0.011305500332124893,0.5260422637756077,0.25401566565972616,0.028180707573576602,1.023903819977639,2.0709048097855605,0.03836769260876932,-1.897143104927334,1.3665059103299315,-4.57544547383512,0.7811592639804524,-1.3883167943776287,0.16504060042221236,-3.116811768711721,1.2788688225560836,0.014803005226279248,-1.2196686637843872,3.0,ex_covid
GLD,164,baseline_thr2.0,d0_p1,car_raw,surprise_bps,high_inflation,HC1,0.059300638438801956,94,70,-4.374080573154713,1.1282026026742489,-6.585317041660593,-2.1628441046488325,-3.877034641461168,0.00010573730813903395,0.508964146024504,0.33067623955333847,-0.13914937404317862,1.1570776660921867,1.539161527637995,0.12376486730296536,3.575490766715217,1.5614296293271732,0.5151449288402308,6.635836604590203,2.289882745632226,0.022028114717560943,-0.798589806439496,1.0794542022058384,0.45941596887225145,-4.374080573154713,2.0,baseline
IEF,183,baseline_thr2.0,d0_p1,car_raw,surprise_bps,high_inflation,HC1,0.10765817657620746,107,76,-1.9467906187503357,0.3426866437046711,-2.6184440983944004,-1.2751371391062707,-5.680964386893609,1.3393736658906026e-08,0.08904363194408821,0.1164824974710972,-0.13925786792854022,0.31734513181671664,0.7644378672957507,0.4446063498911301,1.2756798036472377,0.5091117219079417,0.2778391646005001,2.2735204426939752,2.5056971755953947,0.01222102370578618,-0.671110815103098,0.37651110157669654,0.07467648298266914,-1.9467906187503357,2.0,baseline
QQQ,212,baseline_thr2.0,d0_p1,car_adj,surprise_bps,high_inflation,HC1,0.058196113923906,132,81,-0.37109546314881625,0.4822703954603621,-1.316328069061015,0.5741371427633826,-0.769475934334677,0.4416108256575415,0.1963754039387085,0.20859443373359962,-0.21246217355467367,0.6052129814320907,0.9414220716431182,0.3464886071347736,-1.5523523709350668,1.3445594453949556,-4.1876404589823295,1.0829357171121956,-1.1545435021499353,0.24827741433572015,-1.9234478340838828,1.2550917766694571,0.12539522999520922,-0.37109546314881625,2.0,baseline
SPY,214,baseline_thr2.0,d0_p1,car_raw,surprise_bps,high_inflation,HC1,0.04106182773444167,132,83,-1.7863636121526034,0.9336416042632887,-3.6162675309768466,0.043540306671640064,-1.9133290590260001,0.055705939870270095,-0.03806895154439982,0.27060358463913814,-0.5684422315245468,0.4923043284357471,-0.14068162325035882,0.8881214632220871,0.027905082000227385,1.4081971746277449,-2.7321106634012136,2.7879208274016682,0.01981617525088705,0.9841900144328921,-1.758458530152376,1.0541976273063014,0.09530501491030448,-1.7863636121526034,2.0,baseline
TLT,183,baseline_thr2.0,d0_p1,car_raw,surprise_bps,high_inflation,HC1,0.05978183861724873,107,76,-3.406332837260573,0.8407483543342152,-5.054169331816954,-1.758496342704191,-4.051548622962256,5.0879749634971805e-05,0.19427101725587848,0.25219995264666856,-0.300031806834299,0.6885738413460559,0.7703055262982211,0.4411186790095586,3.0579041313758633,1.143694685281797,0.8163037389136689,5.299504523838057,2.6737066900179047,0.007501803197630605,-0.34842870588470964,0.7753578127717159,0.653159033561149,-3.406332837260573,2.0,baseline
XLB,213,baseline_thr2.0,d0_p1,car_adj,surprise_bps,high_inflation,HC1,0.014859804841226287,132,82,-0.6310291593940324,0.8810693902179402,-2.357893432101862,1.0958351133137973,-0.7162082423927381,0.4738627743706444,-0.03638080234216548,0.19935431545092958,-0.4271080807886243,0.35434647610429326,-0.18249317683378918,0.8551957085497974,-0.1880074405227803,1.0875819403165894,-2.3196288737794863,1.943613992733926,-0.17286737996775883,0.8627556726076993,-0.8190365999168127,0.6376136812551821,0.19895509413880752,-0.6310291593940324,2.0,baseline
XLE,213,baseline_thr2.0,d0_p1,car_adj,surprise_bps,high_inflation,HC1,0.01999569850327909,132,82,-0.5612345057952545,0.8014408900981564,-2.1320297861253645,1.0095607745348558,-0.7002818457722033,0.48375130690855717,0.05937118943845873,0.3079979991183564,-0.5442937961439192,0.6630361750208367,0.19276485434453675,0.8471431293813239,2.1338835791848876,1.4866381317136057,-0.7798736170176929,5.0476407753874675,1.4353752494732666,0.1511801950168131,1.5726490733896328,1.2521123888627546,0.20911715352736748,-0.5612345057952545,2.0,baseline
XLF,213,baseline_thr2.0,d0_p1,car_adj,surprise_bps,high_inflation,HC1,0.003109808949891768,132,82,-0.6331609205163096,1.9661242687902019,-4.486693676475254,3.2203718354426347,-0.3220350465974905,0.747426144254679,-0.015009274564203066,0.200085793445343,-0.4071702235351958,0.3771516744067896,-0.07501419419016932,0.9402034183827594,0.44969294742763444,2.043645029673842,-3.555777707917386,4.455163602772655,0.2200445482938902,0.8258364603274149,-0.18346797308867518,0.5575305973530018,0.7421009090695396,-0.6331609205163096,2.0,baseline
XLI,213,baseline_thr2.0,d0_p1,car_adj,surprise_bps,high_inflation,HC1,0.006733271036741373,132,82,-0.3606027913123948,0.5347867226337015,-1.4087655070846612,0.6875599244598715,-0.6742927153024837,0.500125234467085,-0.012230070122592076,0.12024159587918705,-0.24789926748941848,0.22343912724423431,-0.10171247340130332,0.9189849011543552,0.09546884435058652,0.6116793284458205,-1.1034006094908684,1.2943382981920413,0.15607662366677913,0.875972624147017,-0.2651339469618083,0.2969086764354228,0.3718670948225936,-0.3606027913123948,2.0,baseline
XLK,213,baseline_thr2.0,d0_p1,car_adj,surprise_bps,high_inflation,HC1,0.04008157446237792,132,82,-0.8418284223974972,0.7115772439463983,-2.23649419275071,0.5528373479557156,-1.18304573334685,0.23679102291186183,0.10095539469327419,0.20238099658061035,-0.29570406976004593,0.4976148591465943,0.4988383118919106,0.6178932950801304,-0.6414493267917001,1.479897527991263,-3.5419951824644316,2.259096528881032,-0.4334417178616215,0.6646938986113539,-1.4832777491891973,1.2975956686319112,0.2529983091233492,-0.8418284223974972,2.0,baseline
XLP,213,baseline_thr2.0,d0_p1,car_adj,surprise_bps,high_inflation,HC1,0.03008065230912882,132,82,0.4839202746585407,0.6697438926923465,-0.828753633884117,1.7965941832011987,0.7225452593725021,0.4699593097034457,0.07389159557273735,0.20703106781734387,-0.33188184103012613,0.4796650321756008,0.3569106624998392,0.7211586871700988,0.8419253264807808,1.4734590020307712,-2.0460012501958604,3.7298519031574227,0.5713937919687013,0.5677327363279305,1.3258456011393214,1.312449827180764,0.3123962727633631,0.4839202746585407,2.0,baseline
XLRE,72,baseline_thr2.0,d0_p1,car_adj,surprise_bps,high_inflation,HC1,0.058718776708174936,42,30,-2.5877885446498596,1.240465844301975,-5.0190569235338005,-0.15652016576591826,-2.0861425218088443,0.03696571493601187,-0.4753274113686934,0.3799171344941059,-1.2199513120868009,0.2692964893494141,-1.2511344401500473,0.21088543219831413,3.860749126583373,2.177948341808493,-0.4079511835500038,8.12944943671675,1.7726541316299271,0.0762860360098766,1.2729605819335137,1.7901685587414833,0.4770320587499862,-2.5877885446498596,2.0,baseline
XLU,213,baseline_thr2.0,d0_p1,car_adj,surprise_bps,high_inflation,HC1,0.012662001363585085,132,82,0.4117286870482502,1.275001914521186,-2.0872291456328904,2.910686519729391,0.32292397553212365,0.7467528184004402,-0.26499849477381227,0.24105618983891736,-0.7374599451085404,0.20746295556091587,-1.0993225063040033,0.27162741884371233,0.33583237870240507,1.7627560347068476,-3.119105962853654,3.790770720258464,0.19051551779725162,0.8489051844291302,0.7475610657506553,1.217242357077143,0.5391207308811397,0.4117286870482502,2.0,baseline
XLV,213,baseline_thr2.0,d0_p1,car_adj,surprise_bps,high_inflation,HC1,0.01007757295885181,132,82,0.8865838213598761,0.6659605530919338,-0.4186748778246886,2.191842520544441,1.3312857904925879,0.1830949919261572,-0.007284264395648566,0.16524857382896532,-0.3311655175970287,0.3165969888057316,-0.04408064909042959,0.964840117578304,-0.5587200663753181,0.8936957222267105,-2.310331495077183,1.1928913623265467,-0.6251793003811463,0.5318533859180112,0.327863754984558,0.5959770009419887,0.5822314456250813,0.8865838213598761,2.0,baseline
XLY,213,baseline_thr2.0,d0_p1,car_adj,surprise_bps,high_inflation,HC1,0.04015839977621427,132,82,-1.247867675840522,0.4817944786981064,-2.1921675020390605,-0.30356784964198325,-2.590041461688146,0.009596437299434251,0.06105290256105282,0.14043977964098753,-0.21420400753202423,0.3363098126541299,0.43472656192657866,0.6637609158622071,0.380292543928527,0.79817523198016,-1.1841021641044895,1.9446872519615435,0.47645244890031846,0.6337520763003206,-0.867575131911995,0.6363629320149014,0.1727773156136273,-1.247867675840522,2.0,baseline
GLD,164,baseline_thr2.0,m1_p1,car_raw,surprise_bps,high_inflation,HC1,0.06568682870082254,94,70,-5.968342693182213,1.0080852381777297,-7.944153453357044,-3.9925319330073803,-5.920474248755906,3.210145590548003e-09,0.41653356559171717,0.39104219493832076,-0.3498950529228826,1.182962184106317,1.0651882865413467,0.28679073321210147,5.594147317984315,1.784476795740097,2.096637067086286,9.091657568882344,3.1348949626796285,0.0017191565520508181,-0.37419537519789714,1.4724542733487487,0.7993948279072455,-5.968342693182213,2.0,baseline
IEF,183,baseline_thr2.0,m1_p1,car_raw,surprise_bps,high_inflation,HC1,0.07933622562176412,107,76,-2.0372280011075516,0.3500110359958666,-2.7232370258510024,-1.3512189763641005,-5.820467904136628,5.8683111654736474e-09,0.06374188415887017,0.13106755726258876,-0.193145807617445,0.3206295759351853,0.48632846670946783,0.6267342992143663,1.6114818903518828,0.5730039855565207,0.48841471566319317,2.7345490650405724,2.8123397584865972,0.004918252227841372,-0.42574611075566865,0.4536803303480965,0.3480247447908208,-2.0372280011075516,2.0,baseline
QQQ,212,baseline_thr2.0,m1_p1,car_adj,surprise_bps,high_inflation,HC1,0.040990452195970195,132,81,-0.5245586159611894,0.679434028544165,-1.8562248417787122,0.8071076098563332,-0.7720523169632378,0.4400834420677382,0.24419616698801094,0.210672962433676,-0.1687152518983538,0.6571075858743757,1.159124380115406,0.24640548948255248,-1.0309553832071072,1.4947350204927676,-3.9605821898036715,1.8986714233894573,-0.6897245124204244,0.4903674478454134,-1.5555139991682965,1.3313910704010892,0.24267068965654948,-0.5245586159611894,2.0,baseline
SPY,214,baseline_thr2.0,m1_p1,car_raw,surprise_bps,high_inflation,HC1,0.0718803665552128,132,83,-1.6943760215389236,0.7406681505906266,-3.1460589211924415,-0.24269312188540618,-2.2876318094517596,0.022158971844406097,-0.052906977586193664,0.32046248489712637,-0.6810019063807724,0.5751879512083851,-0.165095697872959,0.8688686591472863,-1.5435927580128799,1.1805925809690652,-3.857511697127435,0.7703261811016757,-1.3074728597276577,0.19105216654530144,-3.237968779551803,0.9193527793724559,0.00042828957410731984,-1.6943760215389236,2.0,baseline
TLT,183,baseline_thr2.0,m1_p1,car_raw,surprise_bps,high_inflation,HC1,0.06517175168423206,107,76,-3.9844771134216064,0.9989070135564082,-5.94229888389663,-2.0266553429465826,-3.988836858033136,6.639806462269613e-05,0.1511977487606752,0.2753950927803808,-0.38856671460793785,0.6909622121292882,0.5490212161523546,0.5829908900142504,4.199987227479312,1.3653953052444205,1.523861604540174,6.87611285041845,3.076022900728715,0.002097817321395294,0.21551011405770565,0.9308539723562042,0.8169118491074252,-3.9844771134216064,2.0,baseline
XLB,213,baseline_thr2.0,m1_p1,car_adj,surprise_bps,high_inflation,HC1,0.008289615889805813,132,82,-0.5205171344836353,1.20809006490404,-2.8883301517762106,1.8472958828089394,-0.4308595440067464,0.6665705011113824,-0.17067598862069208,0.22989851110070636,-0.6212687904774583,0.2799168132360742,-0.7423971029804886,0.45784677429198783,-0.06548513692836398,1.4744505422178695,-2.9553550966609428,2.8243848228042148,-0.044413247547700846,0.9645750020531694,-0.5860022714119993,0.8452945028371606,0.48815129641097743,-0.5205171344836353,2.0,baseline
XLE,213,baseline_thr2.0,m1_p1,car_adj,surprise_bps,high_inflation,HC1,0.010911868523230117,132,82,-1.20597957367391,0.8786178246605993,-2.9280388661836123,0.5160797188357926,-1.372587193003701,0.16988071554032735,-0.29000461731375804,0.3674190736366359,-1.0101327688746344,0.43012353424711836,-0.7893020208323808,0.42993550580774176,2.1643096517686122,1.64849991285551,-1.066690805945605,5.395310109482828,1.3128964308039441,0.18921784975295686,0.958330078094702,1.3948414536689464,0.49204929746301407,-1.20597957367391,2.0,baseline
XLF,213,baseline_thr2.0,m1_p1,car_adj,surprise_bps,high_inflation,HC1,0.017182392477332775,132,82,0.020608314064680472,1.3061385593330213,-2.5393762210470734,2.5805928491764347,0.015778045841632678,0.9874114631380042,-0.009371361910875543,0.23955365128726888,-0.47888789079898975,0.4601451669772386,-0.039120096314614536,0.9687946386899216,-1.1601597910829682,1.4277302333643243,-3.9584596281160103,1.6381400459500741,-0.8125903367256927,0.41645297374076573,-1.1395514770182877,0.5765550130612059,0.04810004135410259,0.020608314064680472,2.0,baseline
XLI,213,baseline_thr2.0,m1_p1,car_adj,surprise_bps,high_inflation,HC1,0.021723705190666576,132,82,-1.2453105916498453,0.7224607133559929,-2.661307570072707,0.1706863867730165,-1.7237070038938127,0.08476074999730504,-0.06878803817651458,0.14377074429156508,-0.3505735190184997,0.21299744266547055,-0.47845643782029385,0.6323253724274802,1.314760874159586,0.800163412283054,-0.2535305956618744,2.8830523439810465,1.64311546113845,0.10035904652526959,0.06945028250974067,0.34396512034450616,0.8399864363108088,-1.2453105916498453,2.0,baseline
XLK,213,baseline_thr2.0,m1_p1,car_adj,surprise_bps,high_inflation,HC1,0.04439418246592963,132,82,-0.9558850840567654,0.731691815997877,-2.389974691195312,0.4782045230817817,-1.3064039574545945,0.1914152207571178,0.273438313287615,0.20610767460079366,-0.13052530586724143,0.6774019324424714,1.3266770090790305,0.18461554940738856,-0.5083002030028755,1.3355739514467433,-3.1259770465283387,2.109376640522588,-0.38058559202376313,0.7035107740348776,-1.4641852870596408,1.1173114454729243,0.190042285682831,-0.9558850840567654,2.0,baseline
XLP,213,baseline_thr2.0,m1_p1,car_adj,surprise_bps,high_inflation,HC1,0.02951299555221365,132,82,0.041206344164391576,0.7182379909569523,-1.3665142504396401,1.4489269387684232,0.05737143493271617,0.9542493171331126,0.09509944585030675,0.22478026268961523,-0.3454617734567915,0.5356606651574051,0.42307738549813656,0.6722388013542333,1.3955893614594328,1.4618128291385901,-1.4695111357908075,4.260689858709673,0.9546977107061092,0.33973058791708577,1.4367957056238243,1.273197131547306,0.25911122279793264,0.041206344164391576,2.0,baseline
XLRE,72,baseline_thr2.0,m1_p1,car_adj,surprise_bps,high_inflation,HC1,0.0326681177316368,42,30,-2.777757767933689,2.1719673209342703,-7.034735492562808,1.4792199566954296,-1.27891324199981,0.20092760899496664,-0.5034668887699104,0.49015319055382495,-1.4641494891628055,0.4572157116229847,-1.027162320826765,0.304344037116959,3.6495474886149717,2.938599279306527,-2.110001263821181,9.409096241051124,1.2419343849686846,0.21426077220429596,0.8717897206812826,1.9793745681741137,0.6596206596752376,-2.777757767933689,2.0,baseline
XLU,213,baseline_thr2.0,m1_p1,car_adj,surprise_bps,high_inflation,HC1,0.01336843703645385,132,82,0.23321772224648413,1.4142335938283588,-2.5386291873837465,3.0050646318767145,0.16490749708127003,0.8690167913765884,-0.24321961873514364,0.257243476284933,-0.7474075675114958,0.26096833004120856,-0.9454841080818859,0.3444117803612172,0.6836658147577738,1.7606327596567155,-2.7671109841707535,4.134442613686301,0.38830688058483787,0.6977889460147824,0.9168835370042581,1.0486996979420495,0.38195210050367656,0.23321772224648413,2.0,baseline
XLV,213,baseline_thr2.0,m1_p1,car_adj,surprise_bps,high_inflation,HC1,0.016348806649073566,132,82,0.9517075692057444,0.9927573549833341,-0.9940610919488357,2.8974762303603248,0.9586507361828825,0.3377347239227212,-0.07588991397543522,0.19159335515296552,-0.45140598975243923,0.2996261618015688,-0.396098883047618,0.6920320822632007,-0.24551175281228368,1.1265927351753902,-2.453592939000519,1.9625694333759516,-0.21792413988366607,0.8274882182261953,0.7061958163934607,0.5325824115350237,0.18484495985840343,0.9517075692057444,2.0,baseline
XLY,213,baseline_thr2.0,m1_p1,car_adj,surprise_bps,high_inflation,HC1,0.03951017764428777,132,82,-1.6304880223148188,0.6840214481794774,-2.9711454253995253,-0.2898306192301121,-2.3836796735750925,0.017140514919009787,0.09681078507446254,0.17297595081458184,-0.24221584871368967,0.4358374188626148,0.5596777159978554,0.5756992847358917,0.6434634514075248,1.11982261513464,-1.5513485433298273,2.838275446144877,0.5746119454197298,0.5655537714303828,-0.9870245709072939,0.8866325889552192,0.2656103519317735,-1.6304880223148188,2.0,baseline
GLD,152,ex_emergency_thr2.0,d0_p1,car_raw,surprise_bps,high_inflation,HC1,0.059187039520331,84,68,-4.394552443210129,1.1322189095019735,-6.613660728449212,-2.175444157971046,-3.8813628763214623,0.00010387271440618061,0.36953148943522846,0.3331791371407558,-0.28348761976078446,1.0225505986312413,1.109107528779976,0.2673837974052793,3.9604049364064786,1.7869558420055207,0.4580358441122111,7.462774028700747,2.216285843953296,0.026671931904697188,-0.43414750680365044,1.3824946734956414,0.7534967679898641,-4.394552443210129,2.0,ex_emergency
IEF,171,ex_emergency_thr2.0,d0_p1,car_raw,surprise_bps,high_inflation,HC1,0.11164259185387171,97,74,-1.9369660696258635,0.34258534648099825,-2.6084210103597956,-1.2655111288919312,-5.653966491918529,1.5678678942048307e-08,0.06804979321557485,0.1189557317963933,-0.16509915685996218,0.30119874329111185,0.5720598090392993,0.5672814562466931,1.3315648830584905,0.5849587916507573,0.18506671898293695,2.4780630471340443,2.276339636337128,0.022825689533623687,-0.6054011865673729,0.47414351024347945,0.20166187814188796,-1.9369660696258635,2.0,ex_emergency
QQQ,198,ex_emergency_thr2.0,d0_p1,car_adj,surprise_bps,high_inflation,HC1,0.0028057772461124175,119,79,-0.35855666657231583,0.4816257721222951,-1.3025258339583097,0.5854125008136778,-0.7444715115479132,0.45659126993760857,-0.01621610016098817,0.17846497979583345,-0.36600103306249016,0.3335688327405138,-0.0908643263207136,0.9276003963662306,0.06446181624143255,0.7369900194621701,-1.3800120788698942,1.5089357113527595,0.08746633541723477,0.9303008432942077,-0.2940948503308833,0.5578448748661698,0.5980559131935534,-0.35855666657231583,2.0,ex_emergency
SPY,200,ex_emergency_thr2.0,d0_p1,car_raw,surprise_bps,high_inflation,HC1,0.06103156979416191,119,81,-1.8100301723928978,0.9345526679748171,-3.641719743279358,0.021659398493562715,-1.9367877642629252,0.05277129221721167,0.09844333926545212,0.24799299906806727,-0.3876140073260349,0.5845006858569392,0.39696015466320533,0.6913968436408187,-0.3886178162301244,1.2376750197171058,-2.814416279440553,2.037180646980304,-0.3139901913177099,0.7535284885127554,-2.1986479886230224,0.8114497921700948,0.006737850300149602,-1.8100301723928978,2.0,ex_emergency
TLT,171,ex_emergency_thr2.0,d0_p1,car_raw,surprise_bps,high_inflation,HC1,0.07020316761789935,97,74,-3.3655181054117174,0.8395733223921,-5.01105157968087,-1.7199846311425657,-4.00860534232166,6.107839214546092e-05,0.06876249889198796,0.24432530907879393,-0.4101063074140653,0.5476313051980412,0.2814382969625645,0.7783742479076523,3.1828009021959023,1.2512602006813003,0.7303759735721935,5.635225830819611,2.543676287684124,0.010969268959186734,-0.1827172032158153,0.9277762263264236,0.8438736871278333,-3.3655181054117174,2.0,ex_emergency
XLB,199,ex_emergency_thr2.0,d0_p1,car_adj,surprise_bps,high_inflation,HC1,0.03563603152623229,119,80,-0.6364878823727004,0.8816472415787608,-2.3644847229361563,1.0915089581907553,-0.7219303280901157,0.47033731395765477,-0.08649804655294922,0.19839197028975428,-0.47533916314280805,0.3023430700369096,-0.43599570298443835,0.6628398472293792,-0.8293726538271299,1.0605877954393172,-2.908086535330926,1.2493412276766662,-0.7819933978059653,0.4342184536530693,-1.46586053619983,0.5895291453790853,0.01290088352076707,-0.6364878823727004,2.0,ex_emergency
XLE,199,ex_emergency_thr2.0,d0_p1,car_adj,surprise_bps,high_inflation,HC1,0.011787231039332324,119,80,-0.5935001053032999,0.806083210131647,-2.1733941657037605,0.9863939550971605,-0.7362764759811475,0.46156245925067907,0.2535131754125028,0.27857226932775697,-0.29247843956149283,0.7995047903864985,0.9100445497474458,0.36279901578847074,-0.4258355181527746,1.20178359376538,-2.7812880791440344,1.9296170428384853,-0.3543362718229193,0.7230868878092575,-1.0193356234560744,0.8913549599275771,0.25279789790288865,-0.5935001053032999,2.0,ex_emergency
XLF,199,ex_emergency_thr2.0,d0_p1,car_adj,surprise_bps,high_inflation,HC1,0.008208770532317722,119,80,-0.6643844621769731,1.966063270808361,-4.51779766428838,3.1890287399344337,-0.3379262875420111,0.7354187370778847,0.035466728830265526,0.18830105439975528,-0.3335965560441723,0.4045300137047034,0.18835119613813284,0.8506013547404707,0.13601333491133852,2.014781771931653,-3.8128863747824955,4.084913044605172,0.06750772555428522,0.9461775119547972,-0.5283711272656345,0.44038710663050373,0.23022171987502982,-0.6643844621769731,2.0,ex_emergency
XLI,199,ex_emergency_thr2.0,d0_p1,car_adj,surprise_bps,high_inflation,HC1,0.013787583158931582,119,80,-0.3774708062249297,0.5340704228246705,-1.4242296001693622,0.6692879877195029,-0.7067809601372537,0.479702608466538,-0.032420102400167995,0.12210307455497542,-0.2717377309295289,0.20689752612919293,-0.26551421836287376,0.7906133581425394,-0.09155251197492825,0.612849587158571,-1.292715630745968,1.1096106067961116,-0.1493882249303688,0.8812473026165432,-0.469023318199858,0.3005884228381206,0.11867705802194017,-0.3774708062249297,2.0,ex_emergency
XLK,199,ex_emergency_thr2.0,d0_p1,car_adj,surprise_bps,high_inflation,HC1,0.009814541783490172,119,80,-0.8440318312923719,0.7113230467325853,-2.238199384261541,0.5501357216767971,-1.1865661251514,0.23539880429435633,-0.08805115653381265,0.1621394860749235,-0.40583870971249636,0.22973639664487103,-0.5430580709570328,0.5870898202458403,0.9502575047972226,0.8584276665940632,-0.7322298050598988,2.632744814654344,1.1069744624698639,0.26830496968154227,0.10622567350485074,0.4805388454237607,0.8250493505901146,-0.8440318312923719,2.0,ex_emergency
XLP,199,ex_emergency_thr2.0,d0_p1,car_adj,surprise_bps,high_inflation,HC1,0.02630910303194456,119,80,0.4844715382760909,0.6705575615692871,-0.8297971319607118,1.7987402085128938,0.7224906048964621,0.4699928995448194,0.199728807067492,0.15507215081295025,-0.10420702353105418,0.5036646376660382,1.2879734112181567,0.19775521891536274,0.24785170899040898,0.825692369647941,-1.3704755978290886,1.8661790158099065,0.30017439678664837,0.7640441334836281,0.7323232472664999,0.4817887980402664,0.12850874595605577,0.4844715382760909,2.0,ex_emergency
XLRE,65,ex_emergency_thr2.0,d0_p1,car_adj,surprise_bps,high_inflation,HC1,0.03479347662157328,37,28,-2.6259211004718708,1.2465342843363247,-5.069083403265479,-0.18275879767826292,-2.1065775193419203,0.035154217093625824,-0.10639261838949081,0.39439905772103223,-0.8794005670592479,0.6666153302802663,-0.26975880470978414,0.7873458172887173,2.148312952408126,2.071220673844082,-1.9112049723610574,6.20783087717731,1.0372206976965734,0.2996330141545176,-0.4776081480637448,1.6541183022182109,0.7727812618946203,-2.6259211004718708,2.0,ex_emergency
XLU,199,ex_emergency_thr2.0,d0_p1,car_adj,surprise_bps,high_inflation,HC1,0.002724770296869683,119,80,0.440145381266494,1.272846961443678,-2.0545888209943577,2.934879583527346,0.3457959948046511,0.729496035374375,-0.11648820509454852,0.20855188496221425,-0.525242388528429,0.2922659783393319,-0.5585574309992645,0.5764637990707753,-0.38705603862904703,1.4054773146068762,-3.1417409563465957,2.3676288790885014,-0.2753911675460303,0.7830157291245421,0.053089342637446975,0.5960093074928906,0.9290225540954715,0.440145381266494,2.0,ex_emergency
XLV,199,ex_emergency_thr2.0,d0_p1,car_adj,surprise_bps,high_inflation,HC1,0.040257591306553264,119,80,0.8869149014518178,0.665980843413547,-0.41838356603234367,2.1922133689359793,1.331742361996259,0.1829448637992661,-0.030692860780988526,0.1492318378016088,-0.3231818882188648,0.2617961666568877,-0.20567233663497533,0.8370468687333191,0.16113107832069312,0.7602551514198981,-1.3289416375233525,1.6512037941647386,0.21194342191533336,0.8321511742322546,1.048045979772511,0.3666843485433664,0.0042609287064503745,0.8869149014518178,2.0,ex_emergency
XLY,199,ex_emergency_thr2.0,d0_p1,car_adj,surprise_bps,high_inflation,HC1,0.044071900686470045,119,80,-1.2344132661945593,0.48277608516809034,-2.180637005721258,-0.2881895266678605,-2.556906408826709,0.010560762706191506,-0.034198287244664186,0.13134322021498648,-0.29162626847955087,0.22322969399022252,-0.2603734489582897,0.7945757214829513,0.45157118701550475,0.714583716359515,-0.94898716098793,1.8521295350189395,0.631936016281001,0.5274286876410829,-0.7828420791790546,0.5268369190517586,0.1372979908830908,-1.2344132661945593,2.0,ex_emergency
GLD,152,ex_emergency_thr2.0,m1_p1,car_raw,surprise_bps,high_inflation,HC1,0.07687273948189277,84,68,-5.998814379249899,1.0134821784990078,-7.985202948081149,-4.01242581041865,-5.919013186925786,3.238789995147328e-09,0.3322769435272191,0.3815163159289705,-0.415481295207968,1.0800351822624061,0.8709377021481864,0.38378816947203687,5.413139889067426,1.9736801597079634,1.544797859038556,9.281481919096295,2.7426631728761888,0.006094316264423878,-0.585674490182473,1.6935959514269503,0.729480151157679,-5.998814379249899,2.0,ex_emergency
IEF,171,ex_emergency_thr2.0,m1_p1,car_raw,surprise_bps,high_inflation,HC1,0.08910030753619158,97,74,-2.0157490858217737,0.3478045301094297,-2.6974334384961325,-1.3340647331474147,-5.795637811812166,6.806201024258623e-09,0.017278622188006527,0.1330435759226361,-0.24348199499478052,0.27803923937079356,0.12987190150431557,0.8966677753291157,1.535684647445691,0.6442497093026945,0.27297842016201035,2.798390874729372,2.383679224485555,0.01714053583401957,-0.4800644383760825,0.5423003750431723,0.3760287397011386,-2.0157490858217737,2.0,ex_emergency
QQQ,198,ex_emergency_thr2.0,m1_p1,car_adj,surprise_bps,high_inflation,HC1,0.0025558599018639105,119,79,-0.5342477793127727,0.6788323290044851,-1.8647346957030082,0.7962391370774627,-0.7870099234906104,0.43127605706366845,0.08759281318290779,0.19611548708444343,-0.2967864783131315,0.47197210467894707,0.4466389395611172,0.6551357755020748,0.5294789808332668,0.966695393738737,-1.3652091749154245,2.4241671365819584,0.5477205997490933,0.5838837652514661,-0.004768798479505825,0.6882489762971232,0.99447159332446,-0.5342477793127727,2.0,ex_emergency
SPY,200,ex_emergency_thr2.0,m1_p1,car_raw,surprise_bps,high_inflation,HC1,0.05679755189136859,119,81,-1.740611180338128,0.7378124452621195,-3.186697000397312,-0.29452536027894366,-2.359151287722923,0.018316786677028896,0.15327432991781886,0.30445177680426466,-0.44344018764776694,0.7499888474834047,0.5034437030609303,0.6146523517412938,-1.1384808074676227,1.3792920731607943,-3.841843595024365,1.5648819800891194,-0.8254095195796152,0.4091391321483663,-2.879091987805751,1.1653666456100986,0.01349069403475495,-1.740611180338128,2.0,ex_emergency
TLT,171,ex_emergency_thr2.0,m1_p1,car_raw,surprise_bps,high_inflation,HC1,0.07767103839820033,97,74,-3.9128807491684707,0.9922074393114867,-5.857571595411696,-1.9681899029252456,-3.943611581751191,8.02636200228163e-05,0.03190895006621192,0.2665802065315872,-0.49057865372694826,0.5543965538593721,0.11969737168926313,0.9047228824789967,3.6872224479798064,1.4032801265593116,0.9368439397027466,6.437600956256867,2.6275740518184847,0.00859961220111372,-0.2256583011886644,0.9923303436715322,0.8201108546759804,-3.9128807491684707,2.0,ex_emergency
XLB,199,ex_emergency_thr2.0,m1_p1,car_adj,surprise_bps,high_inflation,HC1,0.02787220121990186,119,80,-0.5277694220453447,1.2097552601120793,-2.898846161972905,1.843307317882216,-0.43626131619088715,0.6626471450768004,-0.18068130791062947,0.23707539975988196,-0.6453405530604339,0.2839779372391749,-0.7621259232026169,0.44598485229861784,-0.9716987337252476,1.4482430565699989,-3.8102029654626492,1.8668054980121542,-0.67095003792154,0.502252358251447,-1.4994681557705922,0.7961784734180962,0.05965543035751716,-0.5277694220453447,2.0,ex_emergency
XLE,199,ex_emergency_thr2.0,m1_p1,car_adj,surprise_bps,high_inflation,HC1,0.020880373909979544,119,80,-1.1828447112622091,0.8759141175641458,-2.899604835238118,0.5339154127136994,-1.3504117441920165,0.17688394577159583,-0.06527740191230276,0.36178564207744196,-0.7743642305077878,0.6438094266831822,-0.18043115679623853,0.8568140961095942,-0.7365149514098271,1.4363571323052726,-3.551723199665395,2.0786932968457403,-0.5127658956430716,0.6081150887548059,-1.9193596626720364,1.1383743980677241,0.09178557565058477,-1.1828447112622091,2.0,ex_emergency
XLF,199,ex_emergency_thr2.0,m1_p1,car_adj,surprise_bps,high_inflation,HC1,0.02486366924944683,119,80,0.009495761892859469,1.308300807238506,-2.554726701239292,2.5737182250250115,0.007258087620462937,0.994208934792117,0.10572990517827084,0.21612158508281545,-0.3178606178657564,0.5293204282222981,0.489214925652874,0.6246895436769191,-1.3679492058619585,1.4131431441101587,-4.137658873317565,1.401760461593648,-0.9680188532658109,0.3330349540458657,-1.3584534439690992,0.5341559168675574,0.010984933083533304,0.009495761892859469,2.0,ex_emergency
XLI,199,ex_emergency_thr2.0,m1_p1,car_adj,surprise_bps,high_inflation,HC1,0.031411308305216434,119,80,-1.250183628213024,0.7234832711385961,-2.668184783061899,0.16781752663585103,-1.7280062692334583,0.08398710040959631,-0.038740722096919616,0.14181038830570764,-0.3166839758097466,0.2392025316159074,-0.27318677115109746,0.7847096484449047,0.8284234576284786,0.806895989550294,-0.7530636211599054,2.4099105364168625,1.0266793593684638,0.30457147161948694,-0.4217601705845456,0.35728573206181274,0.2378188065701905,-1.250183628213024,2.0,ex_emergency
XLK,199,ex_emergency_thr2.0,m1_p1,car_adj,surprise_bps,high_inflation,HC1,0.008877955560325446,119,80,-0.9782057085642875,0.7305856728048024,-2.410127314882664,0.45371589775408916,-1.338933604882838,0.18059228852435993,0.11193718447882611,0.1884358417640262,-0.2573902787751538,0.48126464773280603,0.5940334037884493,0.5524897713824741,1.106192956171032,0.9471145931988917,-0.7501175357311003,2.962503448073164,1.1679610515078762,0.24282247586382422,0.12798724760674438,0.6027193603516123,0.8318342603401078,-0.9782057085642875,2.0,ex_emergency
XLP,199,ex_emergency_thr2.0,m1_p1,car_adj,surprise_bps,high_inflation,HC1,0.027048212490241363,119,80,0.06303531482415678,0.7149359369797269,-1.3382133729095058,1.4642840025578194,0.0881691793119979,0.929742213237644,0.1439988992005558,0.18445017934277821,-0.21751680925324335,0.505514607654355,0.7806926494386941,0.4349832848903006,1.0634523652292012,0.9164581619477088,-0.7327726255260844,2.859677355984487,1.160393795794335,0.2458885116080186,1.126487680053358,0.5733778584977749,0.04945458487691452,0.06303531482415678,2.0,ex_emergency
XLRE,65,ex_emergency_thr2.0,m1_p1,car_adj,surprise_bps,high_inflation,HC1,0.03414490738163867,37,28,-2.718568447195736,2.1950291333850362,-7.020746493646573,1.5836095992551023,-1.2385113280949167,0.21552652433820652,-0.07046176949791905,0.49441052064160523,-1.0394885835331622,0.8985650445373242,-0.14251672761024495,0.8866718675099022,1.4003482198995096,2.9103330396045775,-4.303799720742445,7.104496160541464,0.48116425194065515,0.6303997656244605,-1.318220227296226,1.910990712956227,0.4903137701816028,-2.718568447195736,2.0,ex_emergency
XLU,199,ex_emergency_thr2.0,m1_p1,car_adj,surprise_bps,high_inflation,HC1,0.0020793595634063244,119,80,0.3067612047778855,1.401153124342565,-2.439448455759314,3.0529708653150847,0.21893481836385362,0.8267008232210471,-0.13373873796106792,0.23386718233341378,-0.592109992500421,0.32463251657828507,-0.5718576528210901,0.5674184151640091,-0.18248508188003087,1.56941727772975,-3.2584864229452366,2.8935162591851746,-0.11627569319486897,0.9074340489487103,0.1242761228978546,0.706993998405738,0.8604659849348173,0.3067612047778855,2.0,ex_emergency
XLV,199,ex_emergency_thr2.0,m1_p1,car_adj,surprise_bps,high_inflation,HC1,0.03901236412089204,119,80,0.9769509092434243,0.9919519721266007,-0.9672392305181927,2.9211410490050413,0.9848772286313255,0.3246843799094261,-0.1345904264445211,0.18575775830055918,-0.4986689425625134,0.2294880896734712,-0.7245480763541059,0.4687293230016235,0.3739716754988358,1.1104483083608787,-1.8024670155819145,2.550410366579586,0.3367754020453699,0.7362862173099758,1.3509225847422601,0.49912596660130343,0.006798092876715757,0.9769509092434243,2.0,ex_emergency
XLY,199,ex_emergency_thr2.0,m1_p1,car_adj,surprise_bps,high_inflation,HC1,0.05873027529869901,119,80,-1.6190894195010728,0.6848976309755712,-2.961464109309997,-0.27671472969214866,-2.363987472397641,0.018079423932687792,0.04553242280976277,0.15339107983558872,-0.25510856921769925,0.3461734148372248,0.2968387917900207,0.766589587941203,0.42291297980709497,0.9473659336190585,-1.4338901302664233,2.2797160898806133,0.4464093174550973,0.6553016035983715,-1.1961764396939778,0.6545360549778457,0.0676219182975591,-1.6190894195010728,2.0,ex_emergency
GLD,152,ex_covid_thr2.0,d0_p1,car_raw,surprise_bps,high_inflation,HC1,0.06550790436930598,89,63,-4.507709828214064,1.1417581836320954,-6.7455147471868395,-2.269904909241287,-3.9480424951931563,7.879282057737332e-05,0.5030512421291637,0.33129755223746415,-0.14628002842254317,1.1523825126808707,1.5184272830624226,0.12890671810890783,4.151031064791299,1.7138596879518704,0.7919278018505775,7.510134327732021,2.422036701121049,0.015433791722863662,-0.35667876342276444,1.2781640270699297,0.7802021958080757,-4.507709828214064,2.0,ex_covid
IEF,171,ex_covid_thr2.0,d0_p1,car_raw,surprise_bps,high_inflation,HC1,0.10969287360968316,102,69,-1.9464747547087682,0.3438780138269497,-2.6204632768847564,-1.27248623253278,-5.660364072267487,1.5105219226898864e-08,0.06032446435129346,0.12252681179314197,-0.17982367390378234,0.30047260260636927,0.4923368483066163,0.6224812350382576,1.3098338490670436,0.5623677061839035,0.20761339887818958,2.4120542992558973,2.329141297880121,0.019851581503838946,-0.6366409056417246,0.4449779191881072,0.15250912765825198,-1.9464747547087682,2.0,ex_covid
QQQ,200,ex_covid_thr2.0,d0_p1,car_adj,surprise_bps,high_inflation,HC1,0.06658372808044577,127,74,-0.3966055568754287,0.47031621033557747,-1.3184083904785253,0.5251972767276679,-0.8432742656104599,0.3990750719155053,0.25126551994842294,0.22274411236594868,-0.18530491805717936,0.6878359579540252,1.128045618263598,0.2593006539654963,-1.7709957123975864,1.4880563284476405,-4.687532523121867,1.1455410983266943,-1.1901402376650028,0.23399127749359072,-2.167601269273015,1.4117770004248738,0.12469275698932142,-0.3966055568754287,2.0,ex_covid
SPY,202,ex_covid_thr2.0,d0_p1,car_raw,surprise_bps,high_inflation,HC1,0.09047896589930671,127,76,-1.7416337171983418,0.9320685831315431,-3.5684545712574436,0.08518713686075999,-1.8685682027247823,0.061682913059375295,0.050232074009779054,0.24773549263120398,-0.43532056923966866,0.5357847172592268,0.20276494690471325,0.8393187570919941,-0.9370137413111869,1.175295640111528,-3.2405508671167302,1.366523384494357,-0.7972579062934925,0.42530126178546435,-2.678647458509529,0.7159385434549002,0.00018296239991123832,-1.7416337171983418,2.0,ex_covid
TLT,171,ex_covid_thr2.0,d0_p1,car_raw,surprise_bps,high_inflation,HC1,0.07157110352987783,102,69,-3.376396208535945,0.8418374269938321,-5.0263672462817235,-1.726425170790167,-4.010746137283206,6.052716357435718e-05,0.06279548536254813,0.24348167744560295,-0.414419833326232,0.5400108040513283,0.2579064101305014,0.796479137614113,3.217135852395619,1.213471990727804,0.8387744543210007,5.5954972504702365,2.6511826205943803,0.008021045866712598,-0.15926035614032621,0.8739702619616442,0.855405143994883,-3.376396208535945,2.0,ex_covid
XLB,201,ex_covid_thr2.0,d0_p1,car_adj,surprise_bps,high_inflation,HC1,0.01146096612680736,127,75,-0.6301215576590158,0.8741437415163599,-2.3434118083421716,1.08316869302414,-0.7208443276914119,0.47100529891409926,-0.10284210235372443,0.1994402688753406,-0.49373784641637675,0.2880536417089279,-0.5156536487523766,0.6060963331673561,-0.012178979777316478,1.118851472462291,-2.205087569853015,2.180729610298382,-0.010885251596902151,0.9913149973231652,-0.6423005374363323,0.6983561674380888,0.3577128088514927,-0.6301215576590158,2.0,ex_covid
XLE,201,ex_covid_thr2.0,d0_p1,car_adj,surprise_bps,high_inflation,HC1,0.012863545114648156,127,75,-0.4955219780269847,0.7845442987049065,-2.033200547764836,1.0421565917108662,-0.6316048422568006,0.5276451216510317,-0.08520086142657439,0.26548449097334564,-0.6055409021882809,0.4351391793351322,-0.3209259460475545,0.7482665109991289,1.600036400815218,1.5114366960469492,-1.3623250883490152,4.562397889979451,1.0586195273675667,0.28977309005631313,1.1045144227882333,1.2918711737348052,0.39256633105321137,-0.4955219780269847,2.0,ex_covid
XLF,201,ex_covid_thr2.0,d0_p1,car_adj,surprise_bps,high_inflation,HC1,0.010547817245679214,127,75,-0.5706688335394291,1.9638606404271552,-4.419764959432419,3.2784272923535607,-0.29058519825281703,0.7713685818972771,-0.03386145059159701,0.19029922062572982,-0.40684106930406927,0.33911816812087525,-0.1779379362682408,0.8587717173930774,-0.07222249831707525,2.034089019518262,-4.0589637179212605,3.9145187212871093,-0.03550606567562115,0.9716762097168633,-0.6428913318565044,0.5298768954255382,0.22502113346002994,-0.5706688335394291,2.0,ex_covid
XLI,201,ex_covid_thr2.0,d0_p1,car_adj,surprise_bps,high_inflation,HC1,0.014171171672412886,127,75,-0.3337422242616404,0.531938170019203,-1.3763218795014223,0.7088374309781413,-0.6274079264693344,0.5303918732576345,-0.04147004529048984,0.11165727913204791,-0.26031429100103953,0.17737420042005983,-0.3714047629751627,0.7103360785384265,-0.07749524957901921,0.6146807043559194,-1.2822472921083339,1.1272567929502955,-0.12607399098401995,0.8996733553595315,-0.4112374738406597,0.30801647940347376,0.18183865562523283,-0.3337422242616404,2.0,ex_covid
XLK,201,ex_covid_thr2.0,d0_p1,car_adj,surprise_bps,high_inflation,HC1,0.06688738424278051,127,75,-0.9151409255427361,0.7021510948323032,-2.2913317831194187,0.46104993203394623,-1.303339028135108,0.19245904238947886,0.22560111641478256,0.21439477471422483,-0.19460492049867675,0.6458071533282419,1.0522696586961837,0.2926758480732238,-1.0908608235425217,1.5482624629785224,-4.125399489595704,1.9436778425106611,-0.7045709946645229,0.48107725433104953,-2.0060017490852577,1.3798914791729522,0.1460187434831861,-0.9151409255427361,2.0,ex_covid
XLP,201,ex_covid_thr2.0,d0_p1,car_adj,surprise_bps,high_inflation,HC1,0.10684135430870945,127,75,0.4608352412470694,0.6747061649085475,-0.8615645421208261,1.7832350246149649,0.6830162005552936,0.4945966055833869,0.013413790723689738,0.1897557645406249,-0.3585006736347977,0.3853282550821772,0.07068976669121414,0.9436446654602204,1.927004356129323,1.223742165638424,-0.47148621488503695,4.3254949271436836,1.574681669258335,0.11532994104868828,2.387839597376393,1.0209390182551645,0.019342367622394274,0.4608352412470694,2.0,ex_covid
XLRE,60,ex_covid_thr2.0,d0_p1,car_adj,surprise_bps,high_inflation,HC1,0.0469866074931693,37,23,-2.489848388896708,1.2934590855314316,-5.024981612014427,0.045284834221011316,-1.9249533415846136,0.05423519569507136,-0.3001079131793891,0.3949195088161453,-1.0741359272512823,0.473920100892504,-0.7599217219707024,0.4473013765528574,2.012240240832962,2.1033728439313117,-2.1102947793319977,6.134775260997921,0.956673110351649,0.33873227443194853,-0.4776081480637462,1.6586563582140463,0.7733859125864605,-2.489848388896708,2.0,ex_covid
XLU,201,ex_covid_thr2.0,d0_p1,car_adj,surprise_bps,high_inflation,HC1,0.05182763103567167,127,75,0.48591395805964566,1.2686935914093926,-2.000679788519539,2.9725077046388297,0.3830033992051962,0.7017172437085615,-0.33430977343009693,0.2203218700322454,-0.7661327036998126,0.0975131568396187,-1.5173698978733647,0.129173319594313,1.1404467368850093,1.6054190220709041,-2.006116726469477,4.287010200239496,0.7103732553348561,0.4774727035419507,1.626360694944655,0.9837615603101362,0.09828890838397489,0.48591395805964566,2.0,ex_covid
XLV,201,ex_covid_thr2.0,d0_p1,car_adj,surprise_bps,high_inflation,HC1,0.020351247761462687,127,75,0.9118603849196466,0.660414475584482,-0.38252820209484506,2.206248971934138,1.3807395486185083,0.16735905652064764,-0.049250159294266294,0.1692618926187838,-0.38099737278216855,0.28249705419363597,-0.29097015596528175,0.7710741445306599,-0.25324016528080273,0.900589536274507,-2.018363221232465,1.5118828906708597,-0.28119376817144487,0.778561784192719,0.6586202196388439,0.6123024034622149,0.28208590706753944,0.9118603849196466,2.0,ex_covid
XLY,201,ex_covid_thr2.0,d0_p1,car_adj,surprise_bps,high_inflation,HC1,0.07382223009503197,127,75,-1.2240468000910563,0.4830198780592725,-2.170748364904159,-0.2773452352779536,-2.53415409115078,0.011271915285083041,0.0421383266123842,0.1380524669103621,-0.22843953650883309,0.3127161897336015,0.3052341443470528,0.7601878290144317,-0.07312350487889696,0.7341184049232958,-1.5119691389165488,1.365722129158755,-0.09960723554742815,0.9206561492615639,-1.2971703049699532,0.5528305616070168,0.01895495390393157,-1.2240468000910563,2.0,ex_covid
GLD,152,ex_covid_thr2.0,m1_p1,car_raw,surprise_bps,high_inflation,HC1,0.08175342857767598,89,63,-6.173376348546864,1.0243756809713032,-8.18111578988931,-4.1656369072044175,-6.02647687095942,1.6757227964519868e-09,0.5094595269634293,0.38176712776423594,-0.23879029393577444,1.257709347862633,1.3344771980421821,0.182047514842254,5.662276250383018,1.879719719732502,1.9780932986775899,9.346459202088447,3.0122981585727056,0.0025927779640934215,-0.5111000981638456,1.5760712829646417,0.7457204390305046,-6.173376348546864,2.0,ex_covid
IEF,171,ex_covid_thr2.0,m1_p1,car_raw,surprise_bps,high_inflation,HC1,0.08687316407521961,102,69,-2.0507749200680205,0.3559969095826763,-2.7485160414576284,-1.3530337986784131,-5.7606537159889335,8.378878332957843e-09,0.04737863323407916,0.13606565288780056,-0.21930514595893835,0.31406241242709665,0.34820421045675265,0.7276868259293703,1.584708854366051,0.6233242787964911,0.36301571723552484,2.8064019914965774,2.5423506002779046,0.011010966275118361,-0.4660660657019696,0.5116633237830808,0.3623563622648225,-2.0507749200680205,2.0,ex_covid
QQQ,200,ex_covid_thr2.0,m1_p1,car_adj,surprise_bps,high_inflation,HC1,0.04470218766827849,127,74,-0.6187470937053654,0.6634511616886859,-1.91908747611645,0.6815932887057192,-0.9326189016392178,0.3510167706015922,0.31068754171679713,0.21899905879494508,-0.11854272616946498,0.7399178096030592,1.4186706711269592,0.15599505163536911,-1.0362392049014866,1.6615498611286865,-4.29281709123124,2.2203386814282666,-0.6236582055970153,0.53285207630362,-1.654986298606852,1.523345166753317,0.2772950626055851,-0.6187470937053654,2.0,ex_covid
SPY,202,ex_covid_thr2.0,m1_p1,car_raw,surprise_bps,high_inflation,HC1,0.07733151570874419,127,76,-1.7047610605798995,0.7338936484654452,-3.143166180054871,-0.2663559411049277,-2.3228993249151504,0.020184561412695316,0.02363201990214052,0.3044582167150275,-0.5730951196566041,0.620359159460885,0.07761991171438826,0.9381304029081834,-1.5998258459796029,1.2254621783059205,-4.00168757987521,0.8020358879160034,-1.3054877370358364,0.19172682014875853,-3.304586906559502,0.9814059624846225,0.0007593650777166325,-1.7047610605798995,2.0,ex_covid
TLT,171,ex_covid_thr2.0,m1_p1,car_raw,surprise_bps,high_inflation,HC1,0.08037633779062026,102,69,-3.9953626175700467,1.012273517216383,-5.979382253817844,-2.0113429813222496,-3.946920026671013,7.91629845644513e-05,0.1080333395666607,0.2648035681170485,-0.4109721169204533,0.6270387960537748,0.4079753922307715,0.6832917411218393,3.928541109404523,1.3844129365748894,1.2151416139864055,6.641940604822641,2.837694596472019,0.004544063820884215,-0.06682150816552379,0.9444053712777595,0.9435926573799825,-3.9953626175700467,2.0,ex_covid
XLB,201,ex_covid_thr2.0,m1_p1,car_adj,surprise_bps,high_inflation,HC1,0.010980021194364809,127,75,-0.46292177031840437,1.2012560286545548,-2.8173403226929468,1.8914967820561381,-0.385364784255769,0.6999671697066242,-0.27326312453606755,0.23340187872726273,-0.7307224007654879,0.1841961516933528,-1.1707837401573957,0.2416857151691244,-0.07568361633543962,1.5310987339603641,-3.076581991672627,2.9252147590017477,-0.04943091823978927,0.9605758890786784,-0.538605386653844,0.9493404482882399,0.570478499930335,-0.46292177031840437,2.0,ex_covid
XLE,201,ex_covid_thr2.0,m1_p1,car_adj,surprise_bps,high_inflation,HC1,0.013061168439152504,127,75,-0.9882184092825002,0.8210888711645541,-2.5975230248716743,0.6210862063066742,-1.2035462225677296,0.22876501565686902,-0.4936033756583227,0.32198848743021846,-1.124689214458079,0.13748246314143342,-1.5329845473599322,0.12527966234549257,1.3399611340514663,1.7296314957190502,-2.050054304084016,4.729976572186949,0.7747090275402344,0.4385116153941244,0.35174272476896623,1.5223134291705618,0.8172697288833537,-0.9882184092825002,2.0,ex_covid
XLF,201,ex_covid_thr2.0,m1_p1,car_adj,surprise_bps,high_inflation,HC1,0.022527435498851722,127,75,0.18676288647755207,1.3034014921444248,-2.3678570955212863,2.7413828684763906,0.1432888389365582,0.8860620701134791,-0.10609944456680313,0.22825789824008091,-0.5534767043041703,0.34127781517056405,-0.46482266499802816,0.6420584554381139,-1.4504640136795854,1.4620248782275718,-4.315980119507184,1.4150520921480132,-0.9920925664671305,0.3211523723727707,-1.2637011272020333,0.6623151023735097,0.05639045289648922,0.18676288647755207,2.0,ex_covid
XLI,201,ex_covid_thr2.0,m1_p1,car_adj,surprise_bps,high_inflation,HC1,0.028909173544407585,127,75,-1.1486085956471883,0.7209040398543377,-2.5615545500711177,0.26433735877674136,-1.5932891649202998,0.11109533624083345,-0.102795220942355,0.12476035204040112,-0.34732101764007944,0.1417305757553694,-0.8239414145694848,0.40997284708808257,0.938216263864876,0.8012103506716337,-0.6321271674922332,2.5085596952219853,1.17099868103101,0.24159930731996737,-0.21039233178231226,0.3496217832816735,0.5473264259873476,-1.1486085956471883,2.0,ex_covid
XLK,201,ex_covid_thr2.0,m1_p1,car_adj,surprise_bps,high_inflation,HC1,0.051983751692948665,127,75,-1.0987449822532425,0.7172629349844087,-2.5045545022681783,0.30706453776169296,-1.5318580239715387,0.12555747382209398,0.3920637325604838,0.2140897480346843,-0.027544463046752232,0.8116719281677198,1.8313054976222694,0.06705495754291181,-0.4589341375426142,1.467199972214665,-3.334593241201525,2.416724966116297,-0.3127959011953061,0.7544357296171877,-1.5576791197958568,1.2799256386854136,0.22360135693988525,-1.0987449822532425,2.0,ex_covid
XLP,201,ex_covid_thr2.0,m1_p1,car_adj,surprise_bps,high_inflation,HC1,0.10578241103848485,127,75,0.08180944264632906,0.7126330864358127,-1.3149257409594832,1.4785446262521411,0.11479882733973745,0.9086045785596731,-0.02074114699975986,0.2084020594681189,-0.4292016778612475,0.3877193838617278,-0.09952467385732729,0.9207216982468515,2.5209296289795575,1.1747668084391465,0.21842899420576567,4.823430263753349,2.145897901498417,0.03188112527602979,2.6027390716258867,0.933933155170789,0.005322179720827474,0.08180944264632906,2.0,ex_covid
XLRE,60,ex_covid_thr2.0,m1_p1,car_adj,surprise_bps,high_inflation,HC1,0.042221174328758604,37,23,-2.5910202819769195,2.230844448954736,-6.963395057039304,1.7813544930854655,-1.1614526881024556,0.24545785289592403,-0.17932516209018684,0.48731825512329563,-1.134451391140748,0.7758010669603743,-0.36798367433375967,0.7128854074059272,1.272800054680693,2.940853237652242,-4.491166374935713,7.036766484297099,0.432799582918596,0.6651603763773015,-1.3182202272962265,1.9162334956830045,0.49150155708451215,-2.5910202819769195,2.0,ex_covid
XLU,201,ex_covid_thr2.0,m1_p1,car_adj,surprise_bps,high_inflation,HC1,0.04095907319527525,127,75,0.36591145016738835,1.391036018106377,-2.360469046519117,3.092291946853894,0.2630495870736008,0.7925123595401449,-0.3166635197154649,0.2364325509312803,-0.7800628043137063,0.14673576488277645,-1.339339775628035,0.18046008550835935,1.2218090174993326,1.675460096567195,-2.0620324293063708,4.505650464305036,0.7292379090392329,0.4658561459310677,1.5877204676667211,0.9339086312481047,0.08911566082191633,0.36591145016738835,2.0,ex_covid
XLV,201,ex_covid_thr2.0,m1_p1,car_adj,surprise_bps,high_inflation,HC1,0.028239496107025253,127,75,1.003810645604307,0.9865977347481911,-0.929885381730949,2.9375066729395627,1.017446736648457,0.30894095825973156,-0.16237667377775178,0.19525070842128947,-0.5450610302394105,0.220307682683907,-0.8316316754528446,0.4056168771768618,-0.0025901777062257905,1.1397320105761783,-2.2364238704629593,2.231243515050508,-0.0022726199511728692,0.9981867131892644,1.0012204678980812,0.5706259420336192,0.07932769447475801,1.003810645604307,2.0,ex_covid
XLY,201,ex_covid_thr2.0,m1_p1,car_adj,surprise_bps,high_inflation,HC1,0.09061078341649265,127,75,-1.6260479340647682,0.6852292282342874,-2.969072542558148,-0.28302332557138804,-2.372998504828525,0.017644335346812597,0.12986281814435544,0.16643712922376366,-0.1963479608244603,0.4560735971131712,0.7802514904577782,0.43524285987769473,-0.1111506238717781,0.9853416536045139,-2.042384777403767,1.820083529660211,-0.1128041461204588,0.9101858311984258,-1.737198557936546,0.7080671430743841,0.014149808356396325,-1.6260479340647682,2.0,ex_covid
GLD,164,baseline_thr2.5,d0_p1,car_raw,surprise_bps,high_inflation,HC1,0.0467077367572416,69,95,-3.2238424360915356,0.9192125648413396,-5.02546595731725,-1.4222189148658206,-3.5071783822363063,0.00045288544403835647,0.23231406594463438,0.36549801089678474,-0.4840488718340919,0.9486770037233607,0.6356096586534885,0.5250308725401367,2.985907286118536,1.8309691480482277,-0.6027263008599765,6.574540873097049,1.630779682607676,0.10293681600876528,-0.23793514997299953,1.583507588154303,0.8805608353026095,-3.2238424360915356,2.5,baseline
IEF,183,baseline_thr2.5,d0_p1,car_raw,surprise_bps,high_inflation,HC1,0.09519404420769706,75,108,-1.331257720565709,0.3982883964233207,-2.1118886330156297,-0.5506268081157889,-3.342446660561967,0.0008304331378744841,0.16938783467127258,0.12110190648590648,-0.0679675405002417,0.4067432098427869,1.398721453579969,0.16189652825725942,0.46418972162238176,0.6240538755887678,-0.7589333989442426,1.6873128421890058,0.7438295630877044,0.45697959261975885,-0.8670679989433274,0.48042646982852766,0.07110783967393935,-1.331257720565709,2.5,baseline
QQQ,212,baseline_thr2.5,d0_p1,car_adj,surprise_bps,high_inflation,HC1,0.08896299862292978,95,118,-0.11717832408986747,0.3470280193703923,-0.7973407436821046,0.5629840955023698,-0.33766242939824376,0.7356175904550507,0.21645949323511685,0.2640896604090513,-0.3011467298560371,0.7340657163262707,0.8196439531174391,0.41241910941371773,-2.8434358495193086,1.68051649395087,-6.137187653088538,0.4503159540499201,-1.692001155450984,0.0906457533179709,-2.9606141736091764,1.644295362826518,0.07177593144175248,-0.11717832408986747,2.5,baseline
SPY,214,baseline_thr2.5,d0_p1,car_raw,surprise_bps,high_inflation,HC1,0.05333829022399217,95,120,-0.8539639782144559,1.271604556024923,-3.3462631106003506,1.6383351541714386,-0.6715641070711283,0.5018612348349794,0.1472250989124439,0.2748904545249704,-0.39155029165034366,0.6860004894752314,0.5355773417700479,0.5922506918036113,-1.8578261908743603,1.5438497627358343,-4.883716123377304,1.1680637416285826,-1.203372397831077,0.22883224427508853,-2.7117901690888164,0.8754963980486453,0.0019520546873854673,-0.8539639782144559,2.5,baseline
TLT,183,baseline_thr2.5,d0_p1,car_raw,surprise_bps,high_inflation,HC1,0.038703594153331244,75,108,-1.9853900937982423,0.9611389399765016,-3.869187800291191,-0.10159238730529409,-2.065663985944407,0.03886021809593992,0.2291212986377455,0.25665965994359624,-0.27392239113600064,0.7321649884114916,0.892704754179513,0.3720153037388726,1.4415974128540965,1.3527255298813727,-1.209695906681255,4.092890732389448,1.0656983852300896,0.28656000784593727,-0.5437926809441458,0.951881451260444,0.5678085427155837,-1.9853900937982423,2.5,baseline
XLB,213,baseline_thr2.5,d0_p1,car_adj,surprise_bps,high_inflation,HC1,0.016765510870174083,95,119,-1.0881597583072364,0.5257278019340533,-2.118567315769388,-0.057752200845084985,-2.069815890093889,0.03846958876266565,0.021773271183066024,0.2193994746758488,-0.4082417974086053,0.45178833977473737,0.09924030682040096,0.9209474725838608,0.5977426397917506,0.9897681684076854,-1.342167323331488,2.537652602914989,0.6039218666259839,0.5458955900839864,-0.4904171185154859,0.8386008022096646,0.558679502446082,-1.0881597583072364,2.5,baseline
XLE,213,baseline_thr2.5,d0_p1,car_adj,surprise_bps,high_inflation,HC1,0.01678860042143626,95,119,0.48206314643898285,1.167690756197392,-1.8065686807882464,2.770694973666212,0.4128346001546086,0.6797277994456092,-0.19110132708058628,0.33433881521213066,-0.8463933635301547,0.4641907093689822,-0.5715798417223459,0.5676066553747601,1.216025288935547,1.9337099020947233,-2.5739764757185846,5.006027053589678,0.6288561110527837,0.529443261396183,1.6980884353745298,1.5413410665230287,0.2705940969939692,0.48206314643898285,2.5,baseline
XLF,213,baseline_thr2.5,d0_p1,car_adj,surprise_bps,high_inflation,HC1,0.007738781406094408,95,119,0.1872667307443688,1.1994662796490956,-2.163643978038108,2.538177439526845,0.15612504821657328,0.8759344548357011,-0.06684212429534234,0.212057571330075,-0.48246732675132287,0.34878307816063814,-0.31520744048935767,0.7526041566196727,-0.9133668745459366,1.3824194896216537,-3.622859285730621,1.7961255366387479,-0.6607016765916043,0.5088036483881392,-0.7261001438015677,0.6872876321239534,0.29075262360074894,0.1872667307443688,2.5,baseline
XLI,213,baseline_thr2.5,d0_p1,car_adj,surprise_bps,high_inflation,HC1,0.006735797870296323,95,119,-0.25841961475830966,0.371687511537146,-0.9869137508744318,0.4700745213578124,-0.6952604183271933,0.4868921148618487,0.017145480297641333,0.12073505004570252,-0.2194908694635766,0.2537818300588593,0.14200913728988523,0.8870727883221425,-0.06926249009518258,0.530142979730374,-1.1083236370234637,0.9697986568330983,-0.13064869807463803,0.8960532173651355,-0.32768210485349225,0.3780211273523262,0.3860321887870155,-0.25841961475830966,2.5,baseline
XLK,213,baseline_thr2.5,d0_p1,car_adj,surprise_bps,high_inflation,HC1,0.08275475013312117,95,119,0.09646553960598252,0.47390597785659205,-0.8323731090511741,1.0253041882631393,0.20355417342967935,0.8387019075731137,0.1646118286930889,0.25503156467200716,-0.33524085298494277,0.6644645103711205,0.6454566865273876,0.5186312784613292,-2.834588225695576,1.7020926151990794,-6.1706284498373645,0.5014519984462121,-1.665354869872365,0.09584197756446874,-2.7381226860895937,1.6347881804279818,0.09395193752725692,0.09646553960598252,2.5,baseline
XLP,213,baseline_thr2.5,d0_p1,car_adj,surprise_bps,high_inflation,HC1,0.10390952964671141,95,119,-0.7797020141694788,1.1827332450383967,-3.0978165777629227,1.5384125494239653,-0.659237420982587,0.5097433204742796,-0.13735707905640063,0.2297780023872785,-0.587713688175025,0.3129995300622238,-0.5977816746134499,0.5499856197875694,3.797177381752183,1.6994823557916274,0.46625317203930694,7.128101591465058,2.2343140950018503,0.02546241356015732,3.017475367582704,1.2204025355299797,0.013416245618624879,-0.7797020141694788,2.5,baseline
XLRE,72,baseline_thr2.5,d0_p1,car_adj,surprise_bps,high_inflation,HC1,0.022248237246951796,26,46,1.5023792890450023,2.460446701698339,-3.3200076321641085,6.324766210254112,0.6106124095303407,0.5414562053029892,0.10919308888136739,0.4783871254241046,-0.8284284476175233,1.0468146253802582,0.22825256592046542,0.8194498981108862,-1.9945238276447044,3.0234095447733393,-7.920297645915089,3.9312499906256813,-0.659693567182355,0.5094504956253151,-0.4921445385997019,1.7570450488044693,0.7794024350054543,1.5023792890450023,2.5,baseline
XLU,213,baseline_thr2.5,d0_p1,car_adj,surprise_bps,high_inflation,HC1,0.043036562526550415,95,119,-0.623843637006897,1.2400816309381213,-3.0543589715353057,1.806671697521512,-0.5030665896848738,0.6149174555940049,-0.30775119317479793,0.24469215836061503,-0.7873390108609748,0.171836624511379,-1.257707624292764,0.20849751390166882,2.597780136589314,1.7121608691729868,-0.7579935027285354,5.953553775907164,1.5172523700089593,0.12920297865179692,1.973936499582417,1.1805474960953692,0.09451411909550031,-0.623843637006897,2.5,baseline
XLV,213,baseline_thr2.5,d0_p1,car_adj,surprise_bps,high_inflation,HC1,0.015371974236422448,95,119,0.3251754422393678,0.5603212904065416,-0.7730341067284621,1.4233849912071976,0.5803374738865206,0.5616870612203544,0.20957053768807424,0.1795566358198643,-0.14235400170403442,0.5614950770801829,1.167155626029442,0.24314752719189503,0.17597383947864867,0.9635549539262092,-1.7125591673418725,2.0645068462991696,0.1826297906119479,0.8550885079218882,0.5011492817180165,0.7838865994216814,0.522619011019982,0.3251754422393678,2.5,baseline
XLY,213,baseline_thr2.5,d0_p1,car_adj,surprise_bps,high_inflation,HC1,0.05742588567565876,95,119,-0.4956058468494067,0.6804076742320231,-1.8291803831488338,0.8379686894500203,-0.7283954394088772,0.46637155421746745,0.2171609458487631,0.16825784231160104,-0.11261836519839458,0.5469402568959207,1.2906438289312967,0.19682721062040653,-0.9918954495719605,0.9934787001811117,-2.939077921334606,0.9552870221906852,-0.9984063567655123,0.3180823524115507,-1.487501296421367,0.723909748905014,0.03989678530639679,-0.4956058468494067,2.5,baseline
GLD,164,baseline_thr2.5,m1_p1,car_raw,surprise_bps,high_inflation,HC1,0.043024998774155,69,95,-3.705977455997712,1.5981452426854854,-6.838284573725287,-0.5736703382701359,-2.3189240608508617,0.020399154249163633,0.20582306291537256,0.429889621802488,-0.6367451131450488,1.048391238975794,0.4787811858596986,0.6320943025236487,3.6508205963087903,2.4835611450375215,-1.2168698013678092,8.51851099398539,1.46999424741509,0.14156331199775368,-0.055156859688921395,1.9010543770291872,0.9768535641964209,-3.705977455997712,2.5,baseline
IEF,183,baseline_thr2.5,m1_p1,car_raw,surprise_bps,high_inflation,HC1,0.057442852131569744,75,108,-1.2015886576701842,0.4650758702442852,-2.1131206134276064,-0.29005670191276195,-2.5836400779920905,0.009776375818115409,0.14415571898414886,0.14368408986814504,-0.13745992230883192,0.42577136027712964,1.0032824031974357,0.3157246239324434,0.4897002238449084,0.7770798181381827,-1.0333482328188646,2.0127486805086816,0.6301800824247227,0.5285767691158785,-0.7118884338252758,0.6225411461696264,0.25282263418310225,-1.2015886576701842,2.5,baseline
QQQ,212,baseline_thr2.5,m1_p1,car_adj,surprise_bps,high_inflation,HC1,0.0563373920723963,95,118,-0.18726976739336024,0.44783131112378466,-1.06500300834533,0.6904634735586094,-0.4181703305278652,0.6758225865749573,0.13454018514219543,0.265131645094445,-0.38510829040477235,0.6541886606891633,0.5074467255474903,0.6118414076138035,-2.1864350992817347,1.861778541958016,-5.83545398870894,1.4625837901454706,-1.174379793303601,0.2402429352596025,-2.373704866675095,1.8071155071196943,0.1890035924674036,-0.18726976739336024,2.5,baseline
SPY,214,baseline_thr2.5,m1_p1,car_raw,surprise_bps,high_inflation,HC1,0.07411847891238688,95,120,-2.049461924472629,0.7138444999592878,-3.448571434954837,-0.6503524139904208,-2.8710201235556405,0.004091494775027248,0.09972366917400205,0.361729833234772,-0.6092537760998309,0.8087011144478351,0.2756854978817266,0.7827896351600371,-1.645986343461263,1.3840584089333192,-4.3586909774703795,1.0667182905478534,-1.1892463011946215,0.2343427594349362,-3.6954482679338914,1.1857671395417002,0.0018300907497693468,-2.049461924472629,2.5,baseline
TLT,183,baseline_thr2.5,m1_p1,car_raw,surprise_bps,high_inflation,HC1,0.02619990606854916,75,108,-1.7637033256209376,1.2775735164047408,-4.267701405376421,0.7402947541345465,-1.3805102430302638,0.16742959805374535,0.2621035219609543,0.2900681767118558,-0.30641965745548305,0.8306267013773917,0.9035928205985841,0.3662113495859056,1.2883491251988115,1.7247434911933381,-2.0920860001100072,4.66878425050763,0.7469801345981086,0.45507555225240726,-0.47535420042212617,1.158682881808052,0.6816196869663194,-1.7637033256209376,2.5,baseline
XLB,213,baseline_thr2.5,m1_p1,car_adj,surprise_bps,high_inflation,HC1,0.007405819104946976,95,119,-0.8572262379868847,0.7748981506260042,-2.375998704900547,0.6615462289267774,-1.1062437525426683,0.2686210300891141,0.05008464300061888,0.26423214658258887,-0.4678008478589636,0.5679701338602013,0.18954787919782626,0.8496634329959094,0.4987188565950552,1.3805334570192873,-2.2070769986153227,3.2045147118054325,0.3612508295683323,0.71791194749799,-0.35850738139182947,1.1425434267921828,0.7536880657129877,-0.8572262379868847,2.5,baseline
XLE,213,baseline_thr2.5,m1_p1,car_adj,surprise_bps,high_inflation,HC1,0.005753955959224011,95,119,-0.1952057426894682,1.2172452417402981,-2.5809625768532043,2.190551091474268,-0.16036681516239254,0.8725921289288381,-0.22169246733785283,0.3947722817638071,-0.9954319216896131,0.5520469870139074,-0.5615704991934864,0.5744086847880023,1.2550986640488175,2.1853705629084557,-3.02814893212578,5.538346260223415,0.5743184635828708,0.5657523171227877,1.0598929213593493,1.8149816854964191,0.5592412127149238,-0.1952057426894682,2.5,baseline
XLF,213,baseline_thr2.5,m1_p1,car_adj,surprise_bps,high_inflation,HC1,0.02474096465002118,95,119,-0.038055130481076324,0.7102704337710496,-1.4301595999559753,1.3540493389938226,-0.05357836771978476,0.9572710918101438,-0.1451086662597788,0.2577325257500322,-0.650255134374384,0.36003780185482637,-0.563020386493693,0.5734210019684778,-1.5390077951605148,1.108161452994652,-3.710964332085609,0.6329487417645795,-1.3887938359537415,0.16489545017795393,-1.5770629256415911,0.8506102026274455,0.06373384362718333,-0.038055130481076324,2.5,baseline
XLI,213,baseline_thr2.5,m1_p1,car_adj,surprise_bps,high_inflation,HC1,0.006344868387341496,95,119,-0.43250227362726507,0.5815217919694814,-1.5722640421126426,0.7072594948581122,-0.7437421599670043,0.4570324782113604,0.08439637172487546,0.1439544706971704,-0.19774920625510511,0.36654194970485604,0.5862712794965275,0.5576932281294651,0.30088961243832835,0.7227744575382002,-1.1157222932820188,1.7175015181586755,0.4162980709959935,0.677191903943943,-0.13161266118893672,0.42922642268882116,0.7591268550287636,-0.43250227362726507,2.5,baseline
XLK,213,baseline_thr2.5,m1_p1,car_adj,surprise_bps,high_inflation,HC1,0.0545097915263153,95,119,-0.4766515539334482,0.43528938921985816,-1.3298030796568079,0.3764999717899115,-1.095022221395566,0.2735069013656415,0.1781382823017763,0.2506470880787732,-0.31312098316245784,0.6693975477660105,0.7107135521390584,0.4772617599267952,-1.7043839527095686,1.5887494365472352,-4.818275628800453,1.4095077233813165,-1.0727833562060214,0.2833683301443969,-2.1810355066430165,1.5279554704773832,0.15345862259800444,-0.4766515539334482,2.5,baseline
XLP,213,baseline_thr2.5,m1_p1,car_adj,surprise_bps,high_inflation,HC1,0.1106228578988303,95,119,-1.1059153557898487,1.1491484900754947,-3.3582050092264017,1.1463742976467048,-0.9623781133082236,0.3358597037367391,-0.11920833534522068,0.24296849287141364,-0.5954178307511683,0.3570011600607269,-0.49063289620975414,0.623686115284887,4.385385647962941,1.6030061517468042,1.2435513235430566,7.5272199723828255,2.735726025245857,0.006224282426680956,3.279470292173093,1.1176253711755604,0.0033427955829695853,-1.1059153557898487,2.5,baseline
XLRE,72,baseline_thr2.5,m1_p1,car_adj,surprise_bps,high_inflation,HC1,0.02062407219073703,26,46,1.3606972843035545,2.5976990585226845,-3.7306993130745134,6.4520938816816225,0.5238086682286381,0.6004116237576589,0.2953534909857808,0.5597267043946766,-0.8016906908130826,1.3923976727846443,0.5276744680338139,0.5977252971297468,-2.6980434605829293,3.2782373319737363,-9.123270564026129,3.7271836428602705,-0.8230165138649408,0.4104986025582016,-1.337346176279375,1.9996998790060092,0.5036400088681616,1.3606972843035545,2.5,baseline
XLU,213,baseline_thr2.5,m1_p1,car_adj,surprise_bps,high_inflation,HC1,0.034562362718469686,95,119,-0.3496795689294516,1.088946794556525,-2.4839760673405777,1.784616929481675,-0.3211172214082866,0.7481215600669435,-0.3375240908388587,0.26399084882220325,-0.8549366467785352,0.1798884651008178,-1.2785446629863286,0.20105744730298514,2.245343916784119,1.5459634839187728,-0.7846888331107426,5.275376666678981,1.4523913016965495,0.1463928335161762,1.8956643478546678,1.097359545561681,0.08408187338801726,-0.3496795689294516,2.5,baseline
XLV,213,baseline_thr2.5,m1_p1,car_adj,surprise_bps,high_inflation,HC1,0.017560982206235254,95,119,0.501061122775163,0.5972271914013344,-0.6694826629594619,1.6716049085097877,0.8389790853284372,0.40148104615286406,0.07468837082961577,0.20481210057077157,-0.32673596988709197,0.4761127115463235,0.364667764362915,0.7153594242226995,0.4668263707760129,0.9315767877520722,-1.3590305820515627,2.2926833236035886,0.5011142150745098,0.6162907431252675,0.9678874935511759,0.714951042610152,0.17580609813056314,0.501061122775163,2.5,baseline
XLY,213,baseline_thr2.5,m1_p1,car_adj,surprise_bps,high_inflation,HC1,0.06056195441870649,95,119,-0.4300336147537273,1.0763464681068302,-2.5396339271300046,1.67956669762255,-0.39953084577878256,0.6895021001737855,0.2635914893346265,0.19859131983198608,-0.12564034517834116,0.6528233238475942,1.3273061962508352,0.18440741499466595,-1.491666185689361,1.392516833602,-4.2209490274150365,1.2376166560363147,-1.0712015465054687,0.28407881640215127,-1.921699800443088,0.8835051853039076,0.029623668908698175,-0.4300336147537273,2.5,baseline
GLD,152,ex_emergency_thr2.5,d0_p1,car_raw,surprise_bps,high_inflation,HC1,0.04699545729607857,65,87,-3.5140771236644444,0.9271142486092581,-5.331187660492503,-1.6969665868363843,-3.7903388163172202,0.000150441931840961,0.22577659187886237,0.37463487544472457,-0.5084942713454469,0.9600474551031716,0.602657698674865,0.5467364278730067,3.205365957719587,1.9750124920013077,-0.6655873956196774,7.076319311058851,1.6229598398496938,0.10459799017216342,-0.30871116594485687,1.743884604435428,0.8594887553071193,-3.5140771236644444,2.5,ex_emergency
IEF,171,ex_emergency_thr2.5,d0_p1,car_raw,surprise_bps,high_inflation,HC1,0.10932292638177454,71,100,-1.4616052054848399,0.43148037719968624,-2.3072912048319822,-0.6159192061376972,-3.3874198751996056,0.000705533219435279,0.2222094452633139,0.12164887554176981,-0.016217969558350392,0.4606368600849782,1.8266461097457103,0.06775299578197962,0.6022740478394973,0.6747318907731181,-0.7201761572964278,1.9247242529754225,0.8926123932713518,0.37206477999102416,-0.8593311576453424,0.5187367429803708,0.09760354345274926,-1.4616052054848399,2.5,ex_emergency
QQQ,198,ex_emergency_thr2.5,d0_p1,car_adj,surprise_bps,high_inflation,HC1,0.005472265706207069,88,110,-0.04140962281125142,0.40071608250017243,-0.8267987125375704,0.7439794669150676,-0.10333905879915264,0.9176938771032377,-0.06133849687301633,0.20011068272617186,-0.45354822793803473,0.33087123419200204,-0.3065228504414775,0.7592065844560762,-0.5504543079254683,0.8189339704953296,-2.1555353958127013,1.0546267799617648,-0.6721595730026046,0.5014821145041011,-0.5918639307367197,0.7141984802958911,0.40726812312755223,-0.04140962281125142,2.5,ex_emergency
SPY,200,ex_emergency_thr2.5,d0_p1,car_raw,surprise_bps,high_inflation,HC1,0.06042966542619377,88,112,-2.0584223455434625,0.7004722195549815,-3.4313226680420597,-0.6855220230448653,-2.938620958945671,0.0032967598676794025,0.08868880999063167,0.25163600909674694,-0.40450870505238573,0.581886325033649,0.3524488021765332,0.7245017080652756,-0.02224818709479562,1.2810646757166266,-2.5330888133658678,2.4885924391762764,-0.0173669507219454,0.98614387468082,-2.0806705326382584,1.0725974888096017,0.05239879547369236,-2.0584223455434625,2.5,ex_emergency
TLT,171,ex_emergency_thr2.5,d0_p1,car_raw,surprise_bps,high_inflation,HC1,0.05456004492325084,71,100,-2.281748336215244,1.0402288460802533,-4.3205594102122,-0.24293726221828807,-2.1935061162870384,0.02827093440543958,0.3134643405076424,0.2542480151733186,-0.18485261237285522,0.81178129338814,1.2329077192361033,0.21761019515212077,1.6908453850532512,1.4616636014117872,-1.1739626312269607,4.555653401333464,1.1567951636888971,0.24735605824247264,-0.5909029511619927,1.026832231415931,0.5649788690952522,-2.281748336215244,2.5,ex_emergency
XLB,199,ex_emergency_thr2.5,d0_p1,car_adj,surprise_bps,high_inflation,HC1,0.035726575142205674,88,111,-0.8587161948183499,0.6509154622965537,-2.1344870578998347,0.4170546682631348,-1.319243810538216,0.18708761607332347,0.08292429054657482,0.21051422152350008,-0.32967600187297197,0.4955245829661217,0.3939130095175914,0.6936452651312384,-0.8263059231627197,0.9728950014415656,-2.7331450867272324,1.080533240401793,-0.8493269283307645,0.3956994007842949,-1.6850221179810696,0.723072433974113,0.0197869099511311,-0.8587161948183499,2.5,ex_emergency
XLE,199,ex_emergency_thr2.5,d0_p1,car_adj,surprise_bps,high_inflation,HC1,0.01268481043414349,88,111,-0.6102115610323021,0.596146409940252,-1.778637054028047,0.5582139319634428,-1.0235934509669524,0.30602733980610397,0.2741907797740185,0.28720920322319,-0.2887289145718791,0.8371104741199161,0.9546726800427252,0.3397432498279803,-0.586833441721518,1.3755386756477885,-3.282839705333106,2.1091728218900707,-0.4266208228897366,0.6696555285894152,-1.1970450027538202,1.2396435399413097,0.33422612313224986,-0.6102115610323021,2.5,ex_emergency
XLF,199,ex_emergency_thr2.5,d0_p1,car_adj,surprise_bps,high_inflation,HC1,0.00977455587846987,88,111,-0.4665751557504995,1.2410556432875612,-2.8989995194043083,1.9658492079033092,-0.37595023097799235,0.7069538961977944,-0.1103751613218393,0.19210176171476345,-0.4868876956494711,0.26613737300579243,-0.5745661067165357,0.565584779924013,-0.12878001692077637,1.3825875979478905,-2.8386019143703862,2.5810418805288333,-0.09314420085347103,0.9257890028413321,-0.5953551726712759,0.6093679974066711,0.3285670081968798,-0.4665751557504995,2.5,ex_emergency
XLI,199,ex_emergency_thr2.5,d0_p1,car_adj,surprise_bps,high_inflation,HC1,0.013642243503921958,88,111,-0.48946301838606243,0.34609406033333107,-1.1677949119026236,0.1888688751304989,-1.4142485366973634,0.1572889414542188,-0.023878364863810758,0.12260564641291306,-0.26418101613437284,0.21642428640675132,-0.19475746478586195,0.8455828227611883,0.10099290546273518,0.5343851153360561,-0.9463826744702176,1.1483684853956881,0.1889889941998558,0.850101442709857,-0.3884701129233272,0.4071687032357947,0.34004489360844714,-0.48946301838606243,2.5,ex_emergency
XLK,199,ex_emergency_thr2.5,d0_p1,car_adj,surprise_bps,high_inflation,HC1,0.009443544542929838,88,111,-0.36960234649333423,0.48643334791706044,-1.3229941892900146,0.5837894963033459,-0.7598211513992529,0.4473614979636916,-0.19232753579665934,0.17612317135546204,-0.5375226084963414,0.15286753690302274,-1.0920058633766747,0.2748305239910419,0.42104306741293834,0.8121474933304765,-1.1707367696492792,2.012822904475156,0.5184317760882491,0.6041570490194837,0.051440720919604124,0.6503584772701719,0.9369563056867668,-0.36960234649333423,2.5,ex_emergency
XLP,199,ex_emergency_thr2.5,d0_p1,car_adj,surprise_bps,high_inflation,HC1,0.023020984293101177,88,111,0.47098443356454206,0.4929013450790108,-0.4950844507216681,1.4370533178507523,0.9555348920564307,0.33930726902192565,0.11573699131172493,0.1616267725112347,-0.20104566174774352,0.4325196443711934,0.7160756198585853,0.47394465693005516,0.43856124953164716,0.7905832167000011,-1.11095338198218,1.9880758810454744,0.5547312923771135,0.5790784689691555,0.9095456830961891,0.6181181816991174,0.141162602329653,0.47098443356454206,2.5,ex_emergency
XLRE,65,ex_emergency_thr2.5,d0_p1,car_adj,surprise_bps,high_inflation,HC1,0.03240080867132433,26,39,-2.3302968814880867,1.20985024272945,-4.701559783924851,0.04096602094867778,-1.9261035781014377,0.05409144194902343,-0.17738105827117495,0.46421563353481216,-1.087226981059851,0.7324648645175009,-0.38210918688905576,0.7023803777854375,1.8381523428883841,2.137902374486927,-2.3520593135686565,6.028363999345425,0.8597924605091101,0.38990345605437204,-0.49214453859970225,1.7626369317032757,0.7800842440906153,-2.3302968814880867,2.5,ex_emergency
XLU,199,ex_emergency_thr2.5,d0_p1,car_adj,surprise_bps,high_inflation,HC1,0.00617572225759877,88,111,0.48547681525247305,0.8255269921065919,-1.1325263575421285,2.103479988047075,0.5880810923136822,0.5564778636130847,-0.16298058199761575,0.2056609944224001,-0.5660687240902129,0.24010756009498138,-0.7924720117946892,0.42808550497144193,-0.6188917540782048,1.1559829460424902,-2.8845766950639944,1.6467931869075845,-0.5353813879322198,0.5923861575320029,-0.13341493882573174,0.8091982185129415,0.8690439434964204,0.48547681525247305,2.5,ex_emergency
XLV,199,ex_emergency_thr2.5,d0_p1,car_adj,surprise_bps,high_inflation,HC1,0.04780110816828398,88,111,0.8833614316987801,0.45448707514766223,-0.007416867029587035,1.7741397304271471,1.9436447811233732,0.05193830171773167,0.1872971540186839,0.14550915837669265,-0.09789555582036841,0.4724898638577362,1.2871846425900624,0.1980299387567973,0.09391900699506377,0.6570466590914577,-1.1938687809865602,1.3817067949766875,0.14294115295393459,0.8863366569114913,0.977280438693844,0.47450164461987865,0.03943743111400598,0.8833614316987801,2.5,ex_emergency
XLY,199,ex_emergency_thr2.5,d0_p1,car_adj,surprise_bps,high_inflation,HC1,0.04623313165470788,88,111,-1.107307152905868,0.3496820274165445,-1.7926713326832429,-0.4219429731284929,-3.1666115673335224,0.001542261728441775,0.114353209242493,0.1599070594373946,-0.1990588681285062,0.42776528661349217,0.7151229573279944,0.4745330694027934,0.27786467504981943,0.8396104121186375,-1.3677414937475423,1.923470843847181,0.3309447703830488,0.7406862037166377,-0.8294424778560485,0.7633270097670349,0.27720705152002,-1.107307152905868,2.5,ex_emergency
GLD,152,ex_emergency_thr2.5,m1_p1,car_raw,surprise_bps,high_inflation,HC1,0.07331132254180805,65,87,-5.206288848137884,0.8841503676237061,-6.939191725598197,-3.473385970677571,-5.888465399986892,3.8979813151618064e-09,0.10596036334926391,0.4292257074660765,-0.735306564522971,0.947227291221499,0.2468639727447788,0.8050134990992138,5.2749251738657055,2.257756759585468,0.8498032392263315,9.70004710850508,2.336356718442159,0.019472657724669034,0.0686363257278215,2.0774368132111114,0.9736435289997495,-5.206288848137884,2.5,ex_emergency
IEF,171,ex_emergency_thr2.5,m1_p1,car_raw,surprise_bps,high_inflation,HC1,0.07888189218637631,71,100,-1.4507450239785538,0.4360072977285077,-2.305303624523061,-0.5961864234340462,-3.3273411512527047,0.0008767896139085879,0.1911419505684987,0.14462368178551505,-0.09231525704269222,0.4745991581796896,1.3216504254951331,0.18628458373260537,0.6643282587347671,0.7995874342966605,-0.9028343149774742,2.231490832447008,0.8308387929071557,0.40606470450451315,-0.7864167652437866,0.6702519686003171,0.24066946335379158,-1.4507450239785538,2.5,ex_emergency
QQQ,198,ex_emergency_thr2.5,m1_p1,car_adj,surprise_bps,high_inflation,HC1,0.0008792723537801583,88,110,-0.05186629917115554,0.5232233974113902,-1.0773653139661683,0.973632715623857,-0.09912840180267221,0.921036321764638,-0.04306559249472492,0.22619325477990082,-0.48639622540922295,0.4002650404197731,-0.1903929121875462,0.8490012513481132,-0.17908882304128398,1.0578826827421692,-2.252500781084548,1.8943231350019802,-0.1692898711386999,0.8655686426564626,-0.23095512221243952,0.9194308276575522,0.8016644470093788,-0.05186629917115554,2.5,ex_emergency
SPY,200,ex_emergency_thr2.5,m1_p1,car_raw,surprise_bps,high_inflation,HC1,0.060298085089630304,88,112,-1.7958722227799608,0.682149088329601,-3.1328598679928112,-0.4588845775671108,-2.632668215063612,0.008471706004144253,0.22777725936533333,0.3390790895391487,-0.4368055440420303,0.892360062772697,0.6717525981177765,0.5017412102396198,-1.5594985961335972,1.7404836797306904,-4.970783924085497,1.8517867318183021,-0.8960144897048977,0.3702450245396258,-3.3553708189135585,1.601235791724622,0.0361276101150482,-1.7958722227799608,2.5,ex_emergency
TLT,171,ex_emergency_thr2.5,m1_p1,car_raw,surprise_bps,high_inflation,HC1,0.05758680533569549,71,100,-2.611203309898682,1.1364227069961923,-4.838550886824733,-0.3838557329726308,-2.297739471257706,0.021576621604625215,0.3300174842481832,0.28777511822261714,-0.23401138311490255,0.894046351611269,1.1467895010745446,0.251468629386973,1.8409395991791673,1.674180643897651,-1.4403941664743063,5.12227336483264,1.0996063094441741,0.2715036917249626,-0.770263710719515,1.229399959095899,0.530963230160922,-2.611203309898682,2.5,ex_emergency
XLB,199,ex_emergency_thr2.5,m1_p1,car_adj,surprise_bps,high_inflation,HC1,0.025178233529030036,88,111,-0.8942950454017521,0.8987235394137705,-2.6557608147111065,0.8671707239076019,-0.9950724624227524,0.31970102271524325,0.09490015683535254,0.26398694549821744,-0.4225047487298918,0.6123050624005969,0.35948806732184924,0.7192300029420088,-0.7938899192006642,1.318864938541844,-3.37881769921531,1.7910378608139816,-0.6019493702504521,0.5472078395318837,-1.6881849646024163,0.9652464585889802,0.08029658744165588,-0.8942950454017521,2.5,ex_emergency
XLE,199,ex_emergency_thr2.5,m1_p1,car_adj,surprise_bps,high_inflation,HC1,0.02084812156833138,88,111,-1.5391896057107703,0.7725348009325192,-3.053329992342328,-0.025049219079212315,-1.9923886973801432,0.046328426504344905,0.13679371870691717,0.37991780185135726,-0.6078314900073678,0.8814189274212021,0.36006135548351503,0.7188012511388049,-0.43062255593203214,1.7529541414759788,-3.8663495397752814,3.005104427911217,-0.2456553458777022,0.8059490418601756,-1.9698121616428026,1.5735432003812093,0.21063098753664,-1.5391896057107703,2.5,ex_emergency
XLF,199,ex_emergency_thr2.5,m1_p1,car_adj,surprise_bps,high_inflation,HC1,0.036188389662667464,88,111,0.08403188348116893,0.8593617956277003,-1.6002862856387943,1.768350052601132,0.09778405778417208,0.9221037667551785,-0.03268943168536664,0.20935346431740381,-0.44301468178616943,0.37763581841543614,-0.1561446895180379,0.8759189732056132,-2.0223231457567477,1.0831220994876953,-4.145203451612041,0.10055716009854457,-1.867123888168549,0.06188428921323646,-1.938291262275579,0.6592805067755064,0.0032820168715467796,0.08403188348116893,2.5,ex_emergency
XLI,199,ex_emergency_thr2.5,m1_p1,car_adj,surprise_bps,high_inflation,HC1,0.02766911831090635,88,111,-0.9692767888402213,0.5079571033039503,-1.9648544170072557,0.02630083932681302,-1.9081863065516134,0.056367140834031194,-0.0056759230456218945,0.1401136173941377,-0.28029356688175666,0.2689417207905128,-0.04050943192520396,0.9676869876262786,0.5666757773982493,0.6986004738635474,-0.8025559909569191,1.9359075457534174,0.8111585929283722,0.4172746011048858,-0.402601011441972,0.4796063002978933,0.40122209604840264,-0.9692767888402213,2.5,ex_emergency
XLK,199,ex_emergency_thr2.5,m1_p1,car_adj,surprise_bps,high_inflation,HC1,0.0028968634784800606,88,111,-0.4140962632637921,0.5219213550300129,-1.4370433218849603,0.6088507953573762,-0.7934073961008544,0.4275405029987629,-0.06851751879156948,0.20832588364327492,-0.4768287477798703,0.3397937101967313,-0.32889585102586133,0.7422344104223793,0.504207648965271,0.9849379419539034,-1.426235244271382,2.434650542201924,0.5119181904649062,0.6087082666517272,0.09011138570147892,0.8352848907193438,0.9140900733726907,-0.4140962632637921,2.5,ex_emergency
XLP,199,ex_emergency_thr2.5,m1_p1,car_adj,surprise_bps,high_inflation,HC1,0.02914779305353643,88,111,0.210764835182888,0.49765001269902953,-0.7646112666131103,1.1861409369788865,0.42352020457066697,0.6719157604420918,0.06355910769823069,0.1952363550547533,-0.31909711668196034,0.44621533207842173,0.32554955085289194,0.7447651869720338,1.2602573728089652,0.9168346439443852,-0.5367055091006339,3.0572202547185645,1.3745743369678032,0.1692634493070705,1.4710222079918531,0.7700196290986896,0.05608562256794673,0.210764835182888,2.5,ex_emergency
XLRE,65,ex_emergency_thr2.5,m1_p1,car_adj,surprise_bps,high_inflation,HC1,0.03341213204109761,26,39,-2.4706059949951555,2.13331067991134,-6.651818095456037,1.7106061054657267,-1.1581088578705439,0.24681961566390975,-0.12920366176145007,0.5437231782807038,-1.1948815087512805,0.9364741852283804,-0.23762765120663493,0.8121699021614273,1.1332598187157812,2.928362566534885,-4.606225345367871,6.872744982799434,0.38699436731864834,0.6987603779309586,-1.3373461762793744,2.0060640229212523,0.5049945783366688,-2.4706059949951555,2.5,ex_emergency
XLU,199,ex_emergency_thr2.5,m1_p1,car_adj,surprise_bps,high_inflation,HC1,0.01026125861551086,88,111,0.48114865684481334,0.9107219058885464,-1.3038334786284145,2.266130792318041,0.5283156732409773,0.5972802550765086,-0.2971960910439599,0.23842515960087532,-0.7645008168698898,0.17010863478197003,-1.2464963493847183,0.21258222861481868,-0.5229322638796716,1.3059027548588331,-3.082454630714624,2.03659010295528,-0.4004373694243413,0.688834404768299,-0.041783607034858325,0.9359314159075033,0.9643911686971176,0.48114865684481334,2.5,ex_emergency
XLV,199,ex_emergency_thr2.5,m1_p1,car_adj,surprise_bps,high_inflation,HC1,0.03843353070644995,88,111,0.8976814828882678,0.6760767924378267,-0.4274046810732341,2.2227676468497695,1.3277803541390163,0.18425067890327806,0.05066859131784072,0.19259867247702944,-0.32681787020736275,0.4281550528430442,0.2630786114264821,0.7924899890537311,0.5803533624780804,0.9462355303712376,-1.2742341979417018,2.434940922897863,0.6133286521701312,0.5396590517879895,1.4780348453663483,0.6620285867422326,0.025576348806495276,0.8976814828882678,2.5,ex_emergency
XLY,199,ex_emergency_thr2.5,m1_p1,car_adj,surprise_bps,high_inflation,HC1,0.06131938232903833,88,111,-1.5116729881130608,0.5908270278078861,-2.6696726837093623,-0.3536732925167593,-2.5585711502091235,0.010510330977241345,0.1321044695734263,0.1791281934112255,-0.21898033812830064,0.48318927727515326,0.737485635609317,0.4608270753700461,0.31964391058647557,1.0362258224227765,-1.7113213812125636,2.350609202385515,0.30846935452652907,0.7577252155977022,-1.1920290775265852,0.8512857206998474,0.1614327546986526,-1.5116729881130608,2.5,ex_emergency
GLD,152,ex_covid_thr2.5,d0_p1,car_raw,surprise_bps,high_inflation,HC1,0.05132459700766945,69,83,-3.604656041179388,0.9294680362660636,-5.426379917042041,-1.782932165316735,-3.8781925795536907,0.00010523539993107199,0.3431013341514111,0.36232081884101924,-0.36703442162604805,1.0532370899288703,0.9469545118851109,0.3436619586313583,3.3667208912063873,1.837489021761233,-0.2346914134333647,6.968133195846139,1.8322400032514947,0.06691567136102108,-0.23793514997300091,1.5850725770931624,0.8806778775958548,-3.604656041179388,2.5,ex_covid
IEF,171,ex_covid_thr2.5,d0_p1,car_raw,surprise_bps,high_inflation,HC1,0.1045543902399717,75,96,-1.4701254430317532,0.4290371466203023,-2.311022798437376,-0.6292280876261303,-3.426569131863106,0.0006112581429082145,0.19760858904165823,0.12296200959016938,-0.043392521221742475,0.43860969930505894,1.6070702625980564,0.1080389557858261,0.6030574440884262,0.644395051490895,-0.6599336486495618,1.8660485368264141,0.9358505201012505,0.34935015592692054,-0.8670679989433269,0.48080360772966635,0.07132973515190635,-1.4701254430317532,2.5,ex_covid
QQQ,200,ex_covid_thr2.5,d0_p1,car_adj,surprise_bps,high_inflation,HC1,0.0925839293105788,95,106,-0.06346314676707417,0.39912599970119916,-0.845735731474969,0.7188094379408206,-0.1590052936029852,0.8736647032023888,0.2608984380090215,0.2649116787952626,-0.25831891151373637,0.7801157875317795,0.9848506460549716,0.324697439021544,-2.8971510268421063,1.692965466221608,-6.215302367706519,0.42100031402230664,-1.7112877283362562,0.08702801060629818,-2.9606141736091804,1.645244816488254,0.07193999602439614,-0.06346314676707417,2.5,ex_covid
SPY,202,ex_covid_thr2.5,d0_p1,car_raw,surprise_bps,high_inflation,HC1,0.08935238651210697,95,108,-2.054462377830199,0.6870683762610271,-3.401091650218227,-0.7078331054421714,-2.990186200986901,0.0027880743371926308,0.037005857243344945,0.26089618259140435,-0.4743412643397934,0.5483529788264833,0.14184131356686305,0.8872053504496272,-0.6573277912586196,1.11329474940531,-2.8393454042705724,1.524689821753333,-0.5904346459998533,0.5548992887236365,-2.7117901690888186,0.8759921491631464,0.0019636306231814223,-2.054462377830199,2.5,ex_covid
TLT,171,ex_covid_thr2.5,d0_p1,car_raw,surprise_bps,high_inflation,HC1,0.05451152193503461,75,96,-2.2733319142127963,1.038444790892476,-4.308646304295277,-0.23801752413031563,-2.189169741281108,0.02858450505531389,0.30435665300671677,0.24759197887928763,-0.1809147084576887,0.7896280144711223,1.22926701577479,0.21897170981191816,1.72953923326865,1.4092086410630482,-1.0324589499175572,4.491537416454857,1.227312395674751,0.2197051984144891,-0.5437926809441465,0.9526286843860237,0.5681122881482803,-2.2733319142127963,2.5,ex_covid
XLB,201,ex_covid_thr2.5,d0_p1,car_adj,surprise_bps,high_inflation,HC1,0.011535548462254352,95,107,-0.8942606232167422,0.6408437626194092,-2.15029131766792,0.36177007123443583,-1.3954425015568648,0.1628824423195766,0.04192274760067935,0.21908774801354078,-0.38748134795984734,0.4713268431612061,0.1913514013485058,0.8482502925598517,0.403843504701257,1.0558108241222581,-1.665507685065922,2.4731946944684364,0.3824960830809722,0.7020934336895961,-0.49041711851548514,0.8390803109628543,0.5589042642033184,-0.8942606232167422,2.5,ex_covid
XLE,201,ex_covid_thr2.5,d0_p1,car_adj,surprise_bps,high_inflation,HC1,0.024303001086272147,95,107,-0.6031176798508477,0.6001970404856294,-1.77948226283021,0.5732469031285147,-1.0048661342329432,0.31496131347669076,-0.16683658816667377,0.3045996748876063,-0.7638409806489916,0.43016780431564405,-0.5477241176578225,0.5838813493428419,2.301206115225376,1.6548977058707144,-0.9423337863791834,5.544746016829935,1.3905428154633948,0.16436410731926743,1.698088435374528,1.542222399489919,0.270867993491955,-0.6031176798508477,2.5,ex_covid
XLF,201,ex_covid_thr2.5,d0_p1,car_adj,surprise_bps,high_inflation,HC1,0.013989148158995213,95,107,-0.44017016811332876,1.2253401836656308,-2.8417927969076606,1.9614524606810027,-0.3592228296933432,0.7194283992550349,-0.15824710633324562,0.2085070291355581,-0.5669133739623833,0.250419161295892,-0.758953340754586,0.44788046879448484,-0.28592997568823947,1.4051203512969124,-3.0399152581744566,2.4680553067979774,-0.2034914485612061,0.8387509289210436,-0.7261001438015682,0.6876806205812671,0.29102840459078716,-0.44017016811332876,2.5,ex_covid
XLI,201,ex_covid_thr2.5,d0_p1,car_adj,surprise_bps,high_inflation,HC1,0.014026398812301388,95,107,-0.48459551660233297,0.3436331928591687,-1.15810419849881,0.18891316529414418,-1.410211605492182,0.15847720999090686,-0.011758886983054929,0.11633310477395013,-0.23976758254972183,0.21624980858361195,-0.10107945632418155,0.9194873859890877,0.15691341174884024,0.5110256451527172,-0.8446784479268311,1.1585052714245117,0.3070558458997641,0.7588008650966507,-0.3276821048534927,0.3782372783969927,0.38630370622125443,-0.48459551660233297,2.5,ex_covid
XLK,201,ex_covid_thr2.5,d0_p1,car_adj,surprise_bps,high_inflation,HC1,0.08851689234334792,95,107,-0.3847623420160542,0.4779013715410717,-1.3214318183988498,0.5519071343667417,-0.8051082606758893,0.4207572092802535,0.20414857233689074,0.25512680447880504,-0.29589077593235924,0.7041879206061408,0.8001847267829932,0.4236037774981525,-2.3533603440735384,1.7041065921231864,-5.693347890452271,0.9866272023051949,-1.3809936273654289,0.1672809200728529,-2.7381226860895924,1.635722946099632,0.09413991443347683,-0.3847623420160542,2.5,ex_covid
XLP,201,ex_covid_thr2.5,d0_p1,car_adj,surprise_bps,high_inflation,HC1,0.13072679579967628,95,107,0.4669110090053063,0.49171214099733096,-0.4968270781105434,1.430649096121156,0.9495616847252928,0.34233501491592533,-0.13844823939081022,0.21834305906346882,-0.5663927714295109,0.28949629264789045,-0.6340858279839596,0.5260248110881678,2.5505643585773936,1.3163840289314996,-0.029500927952078385,5.130629645106866,1.9375534057851416,0.052677731757955384,3.0174753675826995,1.2211003570639667,0.013469374319398575,0.4669110090053063,2.5,ex_covid
XLRE,60,ex_covid_thr2.5,d0_p1,car_adj,surprise_bps,high_inflation,HC1,0.04436625379415904,26,34,-2.299846143418121,1.230632075834727,-4.7118406902739505,0.11214840343770835,-1.8688332512852435,0.061646017156661424,-0.31249318458144837,0.466380705826445,-1.2265825710856504,0.6015962019227535,-0.6700388345347567,0.5028330344957241,1.8077016048184193,2.1536980005332067,-2.4134689098025914,6.028872119439431,0.839347765736363,0.4012741863704954,-0.49214453859970153,1.7674727074066638,0.780670518921798,-2.299846143418121,2.5,ex_covid
XLU,201,ex_covid_thr2.5,d0_p1,car_adj,surprise_bps,high_inflation,HC1,0.06447879088684749,95,107,0.5122546806871868,0.8237405714767814,-1.102247172011747,2.1267565333861205,0.6218640897689784,0.534031239660482,-0.42875323900761053,0.22706332354426687,-0.8737891753643393,0.016282697349118247,-1.888254044357029,0.05899185357339354,1.461681818895225,1.4400816613416614,-1.3608263721310383,4.284190009921488,1.0149992588152534,0.310106180815104,1.973936499582412,1.181222528669202,0.09470267440718674,0.5122546806871868,2.5,ex_covid
XLV,201,ex_covid_thr2.5,d0_p1,car_adj,surprise_bps,high_inflation,HC1,0.027704740920730386,95,107,0.9083769997189363,0.4525073595752515,0.021478872212127298,1.7952751272257452,2.0074303334460444,0.04470386167364549,0.19670931258765834,0.17823439212881478,-0.15262367679120792,0.5460423019665246,1.1036551938050836,0.26974273894730194,-0.4072277180009183,0.9055076061132289,-2.181990013709928,1.3675345777080916,-0.4497231334686289,0.6529100887092306,0.501149281718018,0.7843348228015535,0.522856664869819,0.9083769997189363,2.5,ex_covid
XLY,201,ex_covid_thr2.5,d0_p1,car_adj,surprise_bps,high_inflation,HC1,0.08666769504318794,95,107,-1.090524554555649,0.3510633494544181,-1.7785960757783075,-0.40245303333299026,-3.1063469207207635,0.0018941435108157671,0.23590931413650515,0.16301213986136506,-0.08358860903457652,0.5554072373075868,1.447188622498521,0.14784410222618682,-0.3969767418657145,0.8049163096116551,-1.9745837192734497,1.1806302355420204,-0.49319008339791554,0.6218782841048949,-1.4875012964213636,0.7243236777495891,0.04001038469276263,-1.090524554555649,2.5,ex_covid
GLD,152,ex_covid_thr2.5,m1_p1,car_raw,surprise_bps,high_inflation,HC1,0.07442997995140843,69,83,-5.259670379002382,0.8815594825589137,-6.987495215047618,-3.531845542957145,-5.966324999119823,2.4265672815310916e-09,0.3327923540659299,0.42219886609411633,-0.49470221779218704,1.160286925924047,0.7882360204912157,0.43055866329180736,5.204513519313459,2.097212884207477,1.0940517983534341,9.314975240273485,2.4816333899647063,0.013078175130603616,-0.05515685968892278,1.9029331991418676,0.9768764109532562,-5.259670379002382,2.5,ex_covid
IEF,171,ex_covid_thr2.5,m1_p1,car_raw,surprise_bps,high_inflation,HC1,0.07638886595218342,75,96,-1.4813263361461408,0.4332501707130429,-2.330481067039535,-0.6321716052527466,-3.4191015636720343,0.0006282827082032669,0.19036742115084646,0.14444379004815636,-0.0927372051340051,0.47347204743569804,1.317934271091748,0.1875256520115065,0.7694379023208661,0.7588622392784323,-0.7179047558922781,2.25678056053401,1.0139362093605944,0.3106131920474643,-0.7118884338252748,0.6230298450153058,0.25319501642386366,-1.4813263361461408,2.5,ex_covid
QQQ,200,ex_covid_thr2.5,m1_p1,car_adj,surprise_bps,high_inflation,HC1,0.06145315713124766,95,106,-0.05761327921962635,0.5171874243928358,-1.071282004286617,0.9560554458473641,-0.11139729332603707,0.9113013063166812,0.23562188977031626,0.26362193501156156,-0.2810676083871031,0.7523113879277357,0.8937871188904774,0.37143580240782703,-2.3160915874554724,1.8806705499650662,-6.0021381321721385,1.3699549572611935,-1.2315243557668802,0.21812681309694038,-2.373704866675099,1.8081589768479462,0.18925896930561936,-0.05761327921962635,2.5,ex_covid
SPY,202,ex_covid_thr2.5,m1_p1,car_raw,surprise_bps,high_inflation,HC1,0.08046356565334978,95,108,-1.824639411192785,0.6741454883576694,-3.145940288713983,-0.5033385336715869,-2.706595894660529,0.006797694681370022,0.026755140999362062,0.3487183328596719,-0.6567202321544454,0.7102305141531695,0.07672421687714544,0.9388429390398025,-1.870808856741106,1.364591018633032,-4.545358106888675,0.8037403934064626,-1.37096670811682,0.1703853344141909,-3.6954482679338914,1.1864385819168795,0.00184106819352681,-1.824639411192785,2.5,ex_covid
TLT,171,ex_covid_thr2.5,m1_p1,car_raw,surprise_bps,high_inflation,HC1,0.05952605122025889,75,96,-2.663677826497133,1.1341616963337224,-4.886593903956083,-0.44076174903818316,-2.3485873620205178,0.01884477786902948,0.35453201030131387,0.28002805548247345,-0.19431289310511812,0.9033769137077459,1.2660588943149789,0.20549199775933513,2.188323626075008,1.622028796308081,-0.9907943965756862,5.367441648725702,1.3491274822345185,0.17729602234079134,-0.4753542004221248,1.1595924554006278,0.6818557381865125,-2.663677826497133,2.5,ex_covid
XLB,201,ex_covid_thr2.5,m1_p1,car_adj,surprise_bps,high_inflation,HC1,0.00666668758993505,95,107,-0.8605269824090732,0.8938512714946679,-2.612443282073956,0.8913893172558098,-0.9627183065591315,0.33568890720760125,0.02873214737974153,0.26576805224180705,-0.49216366325555994,0.5496279580150429,0.10810986172860161,0.9139085454783492,0.5020196010172442,1.4511612096021738,-2.3422041055645972,3.346243307599085,0.3459433712088194,0.729385273168444,-0.35850738139182897,1.1431967287835494,0.7538242700073328,-0.8605269824090732,2.5,ex_covid
XLE,201,ex_covid_thr2.5,m1_p1,car_adj,surprise_bps,high_inflation,HC1,0.01812685503845568,95,107,-1.4585379995991343,0.7684362970776613,-2.9646454662846717,0.047569467086403146,-1.8980597417715794,0.05768821263123836,-0.33615783680262024,0.3702307910033365,-1.0617968531369355,0.38948117953169514,-0.9079683402118512,0.3638949488925357,2.51843092095848,1.9719079879744588,-1.3464377162983012,6.383299558215261,1.2771543785597264,0.2015477498424746,1.0598929213593455,1.8160194851297848,0.5594657630126592,-1.4585379995991343,2.5,ex_covid
XLF,201,ex_covid_thr2.5,m1_p1,car_adj,surprise_bps,high_inflation,HC1,0.034510411814989594,95,107,0.10234260415411056,0.8338368034582334,-1.5319474996080304,1.7366327079162514,0.12273697170676261,0.9023153860046098,-0.29240690375871997,0.25082399369284214,-0.7840128978551922,0.1991990903377523,-1.1657852163728804,0.24370129586796108,-1.6794055297957033,1.191490327452444,-4.01468365953033,0.6558725999389229,-1.4094999271932682,0.15868739497281104,-1.577062925641593,0.8510965783101749,0.06388556419167646,0.10234260415411056,2.5,ex_covid
XLI,201,ex_covid_thr2.5,m1_p1,car_adj,surprise_bps,high_inflation,HC1,0.024485533016254557,95,107,-0.9210282746112065,0.5060113086199589,-1.912792215276308,0.07073566605389509,-1.8201733022985602,0.06873261744486267,-0.029542469313163386,0.1337772698285155,-0.2917411001271506,0.2326561615008238,-0.22083325030502463,0.8252222726537547,0.7894156134222705,0.6636968560539658,-0.5114063210959671,2.0902375479405078,1.18942195705999,0.23427366476563816,-0.13161266118893594,0.42947185272685234,0.7592602500653416,-0.9210282746112065,2.5,ex_covid
XLK,201,ex_covid_thr2.5,m1_p1,car_adj,surprise_bps,high_inflation,HC1,0.05995032366728281,95,107,-0.4214549448493793,0.5148273502361588,-1.430498009568439,0.5875881198696803,-0.818633556775979,0.4129955155059831,0.28644555502047175,0.2505576893773945,-0.20463849220879549,0.777529602249739,1.1432319468313037,0.2529423015130887,-1.7595805617936333,1.6131849767625532,-4.921365016649322,1.4022038930620553,-1.0907494101047708,0.27538316258688333,-2.1810355066430125,1.528829149611301,0.15369374491062043,-0.4214549448493793,2.5,ex_covid
XLP,201,ex_covid_thr2.5,m1_p1,car_adj,surprise_bps,high_inflation,HC1,0.1290298141872691,95,107,0.2396738648597946,0.49487451471711835,-0.7302623608524943,1.2096100905720835,0.48431240189605984,0.6281641756832064,-0.13362025329855381,0.2314270957201724,-0.5872090259567954,0.31996851935968773,-0.577375146513178,0.5636860597589775,3.0397964273132954,1.222872074176039,0.6430112042284654,5.436581650398126,2.4857844835172025,0.012926622281607325,3.27947029217309,1.1182644251173797,0.003360901515991301,0.2396738648597946,2.5,ex_covid
XLRE,60,ex_covid_thr2.5,m1_p1,car_adj,surprise_bps,high_inflation,HC1,0.041718640453561884,26,34,-2.4047416097267242,2.1560775267462073,-6.6305759100254855,1.8210926905720373,-1.1153316983716175,0.26470830663224865,-0.20577643373301657,0.5413693671404316,-1.2668408956615043,0.8552880281954711,-0.3801035784864385,0.703868529550804,1.067395433447349,2.9487412000126634,-4.712031118306892,6.84682198520159,0.3619834231104327,0.7173644180808681,-1.3373461762793752,2.011567638264266,0.5061606111988297,-2.4047416097267242,2.5,ex_covid
XLU,201,ex_covid_thr2.5,m1_p1,car_adj,surprise_bps,high_inflation,HC1,0.05748877605229352,95,107,0.5182558735034004,0.9060153390919782,-1.2575015605577213,2.294013307564522,0.5720166658798559,0.5673106839981416,-0.5123331607531774,0.24546540056415445,-0.9934365053096179,-0.03122981619673676,-2.0871909424940513,0.03687087790296272,1.3774084743512625,1.4235305659772113,-1.4126601658559907,4.167477114558515,0.9676002098386365,0.3332440724358179,1.8956643478546629,1.0979870115813968,0.08425917367751201,0.5182558735034004,2.5,ex_covid
XLV,201,ex_covid_thr2.5,m1_p1,car_adj,surprise_bps,high_inflation,HC1,0.025822176091599314,95,107,0.9401622721819587,0.6781319995584376,-0.38895202371671095,2.2692765680806284,1.3864001002668225,0.16562476585727792,0.07129036533099992,0.2054538162711059,-0.33139171504667697,0.4739724457086768,0.34698973533267913,0.7285990302778871,0.027725221369216874,0.9856991032988057,-1.9042095206898688,1.9596599634283027,0.028127469403624105,0.9775604853213675,0.9678874935511755,0.7153598489004988,0.17605312148490082,0.9401622721819587,2.5,ex_covid
XLY,201,ex_covid_thr2.5,m1_p1,car_adj,surprise_bps,high_inflation,HC1,0.0999077722142987,95,107,-1.488502441957014,0.5945032559967458,-2.653707412402432,-0.32329747151159643,-2.5037750877602627,0.012287611760502028,0.26913150634975236,0.19238191268043367,-0.10793011378082717,0.6461931264803319,1.398943916296371,0.16182980178698148,-0.43319735848606855,1.0653208230549434,-2.5211878036543247,1.654793086682188,-0.40663558724386883,0.684275655672159,-1.9216998004430825,0.8840103702127757,0.029716924132809883,-1.488502441957014,2.5,ex_covid
GLD,164,baseline_thr3.5,d0_p1,car_raw,surprise_bps,high_inflation,HC1,0.06324528831481191,42,122,-3.3357359391452666,0.8544476131346672,-5.010422487565427,-1.6610493907251056,-3.9039677656862155,9.462838984355425e-05,0.0848762823702569,0.4886819946563407,-0.8729228270493661,1.04267539178988,0.17368407941844685,0.8621137501340053,4.413803932197114,2.021250441549263,0.4522258630248757,8.375382001369351,2.183699674946756,0.028984323684193007,1.0780679930518469,1.8317676227817652,0.5561700852258387,-3.3357359391452666,3.5,baseline
IEF,183,baseline_thr3.5,d0_p1,car_raw,surprise_bps,high_inflation,HC1,0.11580818199841048,42,141,-1.4791809612422566,0.364520079552797,-2.1936271888074144,-0.764734733677099,-4.057886092466992,4.951890862615349e-05,0.19759297755351213,0.15138646392791716,-0.09911903949207757,0.4943049945991018,1.3052222267877018,0.19181718779197787,1.1682784238777257,0.658092518701968,-0.12155921127338376,2.458116059028835,1.7752495138252844,0.07585669745433787,-0.3109025373645309,0.5479150251401423,0.5704231700524129,-1.4791809612422566,3.5,baseline
QQQ,212,baseline_thr3.5,d0_p1,car_adj,surprise_bps,high_inflation,HC1,0.09015089971780488,45,168,-2.3465997794256017,1.1827464156550849,-4.6647401569534095,-0.02845940189779468,-1.9840261178266996,0.047252928418719545,0.00016785735535416318,0.2857753075411286,-0.5599414530961156,0.560277167806824,0.0005873752942423315,0.9995313423482756,3.637213866529329,1.5703650128296287,0.559354998801477,6.715072734257181,2.3161582414367863,0.020549630274180174,1.2906140871037273,1.0330330051718826,0.21153910413775445,-2.3465997794256017,3.5,baseline
SPY,214,baseline_thr3.5,d0_p1,car_raw,surprise_bps,high_inflation,HC1,0.04624163713806706,45,170,-1.849613078811651,0.9334199417783092,-3.6790825471486115,-0.020143610474690488,-1.9815444217828175,0.04753025288542027,-0.3624240726265139,0.432124690224292,-1.209372902296654,0.4845247570436261,-0.8387025338413309,0.4016362561015846,0.8048589084415951,1.898581281322224,-2.916292024671873,4.526009841555063,0.4239264951991254,0.6716194206802099,-1.0447541703700558,1.653281008805739,0.527434080561768,-1.849613078811651,3.5,baseline
TLT,183,baseline_thr3.5,d0_p1,car_raw,surprise_bps,high_inflation,HC1,0.06054208332452571,42,141,-2.249771303761035,0.8591942627456939,-3.933761114466039,-0.5657814930560306,-2.618466394982117,0.008832599088279554,0.27032645283533485,0.3030778742202199,-0.32369526514725666,0.8643481708179264,0.8919372736490573,0.3724265545844009,2.8942009427091837,1.3142334291966904,0.3183507542050993,5.470051131213268,2.2021970210255795,0.027651394404219713,0.6444296389481488,0.9944821392478471,0.5169815600800634,-2.249771303761035,3.5,baseline
XLB,213,baseline_thr3.5,d0_p1,car_adj,surprise_bps,high_inflation,HC1,0.018751320147335937,45,169,-0.5856890362720071,0.6119312028776653,-1.785052154928504,0.6136740823844901,-0.9571158220364449,0.3385087984665893,0.11796937111296608,0.31110708775224855,-0.4917893162165832,0.7277280584425154,0.3791921680900806,0.7045451670309655,-0.993888652413869,1.1367967728761286,-3.221969384992441,1.2341920801647028,-0.8742887701020668,0.38196101341098065,-1.5795776886858761,0.9580433736351784,0.09919807566297098,-0.5856890362720071,3.5,baseline
XLE,213,baseline_thr3.5,d0_p1,car_adj,surprise_bps,high_inflation,HC1,0.020794490715781988,45,169,1.5873008798483332,1.1097868741924126,-0.5878414240840797,3.7624431837807464,1.4302754130187434,0.15263798859526975,-0.05741051395136007,0.4475449586533641,-0.9345825143744213,0.8197614864717011,-0.1282787635997618,0.8979283704390016,-2.253013448607616,2.139383863870962,-6.446128770900843,1.940101873685611,-1.0531132288391925,0.29228910055659907,-0.6657125687592826,1.8290260826083589,0.7158796173882807,1.5873008798483332,3.5,baseline
XLF,213,baseline_thr3.5,d0_p1,car_adj,surprise_bps,high_inflation,HC1,0.0076200853458257,45,169,-0.042204280518448385,0.7652765386967512,-1.5421187345775536,1.4577101735406568,-0.05514905839178257,0.9560197126398636,-0.08648241067137616,0.39791750622967625,-0.8663863916995342,0.6934215703567819,-0.21733753684478233,0.8279453059735609,-1.0053940951910079,1.7849992507752341,-4.503928339141447,2.4931401487594314,-0.5632462281171043,0.573267228112228,-1.0475983757094565,1.6126295745112909,0.5159369290364153,-0.042204280518448385,3.5,baseline
XLI,213,baseline_thr3.5,d0_p1,car_adj,surprise_bps,high_inflation,HC1,0.01763086120742252,45,169,-0.08246884166413829,0.29791444712586035,-0.6663704285049868,0.5014327451767102,-0.2768205518723889,0.7819178995063194,-0.002496514396484892,0.17433154509856957,-0.34418006415890146,0.33918703536593164,-0.01432049716001385,0.9885742869388103,-0.911101787776565,0.6642424629753911,-2.212993092210512,0.3907895166573819,-1.371640385192176,0.17017541518477797,-0.9935706294407034,0.5936876550959326,0.09421753024902411,-0.08246884166413829,3.5,baseline
XLK,213,baseline_thr3.5,d0_p1,car_adj,surprise_bps,high_inflation,HC1,0.0746134644073313,45,169,-2.037874236355101,1.2145162936858744,-4.418282430616485,0.3425339579062842,-1.6779307506616141,0.09336061858532914,0.046447434345624615,0.2605361512697103,-0.46419403881368704,0.5570889075049362,0.17827635097572944,0.8585059504810487,3.1294955000171085,1.5095251482979477,0.17088057559564684,6.08811042443857,2.073165527282367,0.03815687739256404,1.0916212636620077,0.8964465102366503,0.22333021638309936,-2.037874236355101,3.5,baseline
XLP,213,baseline_thr3.5,d0_p1,car_adj,surprise_bps,high_inflation,HC1,0.02781660068775549,45,169,1.2178398605562204,1.229025238556371,-1.1910053431050147,3.6266850642174555,0.9908989842932038,0.3217349083835892,0.0627068968846845,0.20471714827387522,-0.338531340749857,0.46394513451922603,0.3063099374596299,0.7593686736378784,-0.46725718923758325,1.518364720016625,-3.443197355866411,2.508682977391245,-0.3077371221009845,0.7582823702252482,0.7505826713186372,0.891587564955131,0.3998721216286366,1.2178398605562204,3.5,baseline
XLRE,72,baseline_thr3.5,d0_p1,car_adj,surprise_bps,high_inflation,HC1,0.016927893339126587,19,53,0.2809800881766366,2.709077026606395,-5.028713315316756,5.590673491670028,0.10371801370617156,0.9173931308845936,-0.3537271348043758,0.463004610645946,-1.2611994963464204,0.5537452267376689,-0.7639818841347708,0.4448780383825438,1.3625582709818052,3.0566031734126873,-4.6282738639379,7.35339040590151,0.44577532433185085,0.6557595478989791,1.6435383591584418,1.415529803158504,0.2456107992442692,0.2809800881766366,3.5,baseline
XLU,213,baseline_thr3.5,d0_p1,car_adj,surprise_bps,high_inflation,HC1,0.01196581526561169,45,169,0.9037025974738002,1.1609694504337444,-1.3717557125275983,3.179160907475199,0.7784034258060556,0.4363312198006699,0.10419671048554266,0.27335289078842423,-0.4315651105296795,0.6399585315007649,0.3811802033079327,0.7030695377029235,-1.32184825407822,1.628133219563275,-4.512930726455483,1.869234218299043,-0.8118796657393849,0.41686068342646665,-0.41814565660441977,1.1414761126738682,0.7141262243873585,0.9037025974738002,3.5,baseline
XLV,213,baseline_thr3.5,d0_p1,car_adj,surprise_bps,high_inflation,HC1,0.021109560733618582,45,169,0.19622443942693152,0.5442320805840389,-0.870450837749085,1.262899716602948,0.3605528715182586,0.718433725679333,-0.1825549414762741,0.23472604554289705,-0.6426095369738608,0.2774996540213126,-0.7777361947799334,0.43672454969170027,1.4052274317322766,1.0847441599699505,-0.7208320542489818,3.5312869177135346,1.2954459526854736,0.19516643453069182,1.6014518711592083,0.9383396693373257,0.0878802931534517,0.19622443942693152,3.5,baseline
XLY,213,baseline_thr3.5,d0_p1,car_adj,surprise_bps,high_inflation,HC1,0.06178962934613785,45,169,-0.7076435582072119,0.5540943456755426,-1.7936485197685623,0.37836140335413854,-1.2771174507194525,0.2015607848199672,0.3327826404117019,0.25531315826498197,-0.1676219545668376,0.8331872353902414,1.3034292579088957,0.19242825321979817,-1.497615944670558,1.1867726600823723,-3.8236476162688033,0.8284157269276875,-1.261923193079465,0.20697642543369155,-2.2052595028777695,1.0494802536538657,0.035615756066084296,-0.7076435582072119,3.5,baseline
GLD,164,baseline_thr3.5,m1_p1,car_raw,surprise_bps,high_inflation,HC1,0.058180836572179095,42,122,-3.7855557507926645,1.4371846307099212,-6.602385866118608,-0.9687256354667207,-2.634007955486364,0.008438351076552721,0.17166825798947494,0.588267172573488,-0.9813142135417702,1.32465072952072,0.29182022385930373,0.7704240815424939,5.028275914512272,2.631946932041853,-0.13024528151045003,10.186797110534993,1.9104776974402582,0.05607173528157398,1.2427201637196073,2.204913828324297,0.5730168997018368,-3.7855557507926645,3.5,baseline
IEF,183,baseline_thr3.5,m1_p1,car_raw,surprise_bps,high_inflation,HC1,0.08857751950645865,42,141,-1.4522280398634957,0.4282000237972816,-2.2914846646853615,-0.6129714150416297,-3.391471179719059,0.0006951847405626641,0.22175549620779586,0.1814954272538662,-0.13396900456849123,0.5774799969840829,1.221824150410225,0.22177413371451116,1.4878460597597047,0.8561573512912941,-0.19019151387043887,3.165883633389849,1.7378184717046115,0.08224280481764658,0.035618019896209094,0.7413839422257079,0.9616822836030073,-1.4522280398634957,3.5,baseline
QQQ,212,baseline_thr3.5,m1_p1,car_adj,surprise_bps,high_inflation,HC1,0.07024738331819647,45,168,-2.0458591779779027,1.2609894110436244,-4.51735300850978,0.42563465255397515,-1.6224237571390088,0.10471264576507616,0.00958639360004987,0.26160932935849995,-0.5031584699622871,0.5223312571623868,0.036643928653297464,0.9707689170335101,3.3881484403365505,1.5582038723972873,0.3341249698670213,6.4421719108060795,2.1743935439743867,0.029675592530096426,1.3422892623586475,0.9153715164837484,0.14254277572792495,-2.0458591779779027,3.5,baseline
SPY,214,baseline_thr3.5,m1_p1,car_raw,surprise_bps,high_inflation,HC1,0.07685878144530367,45,170,-2.70361149739089,0.6236319783510894,-3.925907714566488,-1.4813152802152918,-4.335267579669917,1.4558292328426482e-05,-0.5994451761715565,0.6601203864917653,-1.8932573591560773,0.6943670068129644,-0.9080846288619118,0.3638335109216838,0.024987860266977198,2.686046499861825,-5.2395665402620715,5.289542260796026,0.00930283979382435,0.9925775148175161,-2.6786236371239127,2.6126478819385293,0.30524408657245294,-2.70361149739089,3.5,baseline
TLT,183,baseline_thr3.5,m1_p1,car_raw,surprise_bps,high_inflation,HC1,0.058158666152443694,42,141,-2.2252952633903567,1.1255594220972283,-4.431351193160641,-0.019239333620072255,-1.977057114624847,0.04803517459587158,0.4494751357695433,0.3511434053733422,-0.23875329217095592,1.1377035637100426,1.2800329691273937,0.20053354108087906,3.209424128312007,1.7343055406587242,-0.1897522695673587,6.608600526191373,1.8505528887908662,0.06423390261298621,0.9841288649216507,1.319443706903672,0.4557480612462629,-2.2252952633903567,3.5,baseline
XLB,213,baseline_thr3.5,m1_p1,car_adj,surprise_bps,high_inflation,HC1,0.009066382686082064,45,169,-0.3685723450422609,0.8263961237426459,-1.9882789845413529,1.2511342944568309,-0.4459996053382273,0.6555975310090827,0.019560922461270835,0.40095056879394486,-0.7662877519557104,0.8054095968782521,0.04878636915296039,0.9610895450797441,-1.0041678040404354,1.5835782850124096,-4.107924209364463,2.0995886012835925,-0.6341131433439468,0.5260069858246581,-1.3727401490826963,1.350847745464297,0.3095311006610768,-0.3685723450422609,3.5,baseline
XLE,213,baseline_thr3.5,m1_p1,car_adj,surprise_bps,high_inflation,HC1,0.023017844440279434,45,169,1.3229506950903862,1.1954829135860081,-1.0201527596711997,3.6660541498519716,1.10662451136338,0.2684563052298029,0.04159028814803151,0.5874701907738478,-1.109830127759585,1.193010704055648,0.07079557193063109,0.9435604560711351,-4.139900771805312,2.5281013564969546,-9.094888379806198,0.8150868361955749,-1.6375533208612076,0.10151490732292955,-2.816950076714926,2.2275809911304347,0.20602261746363837,1.3229506950903862,3.5,baseline
XLF,213,baseline_thr3.5,m1_p1,car_adj,surprise_bps,high_inflation,HC1,0.04174961175557346,45,169,-0.16412409913096632,0.5079010030492095,-1.1595917728191851,0.8313435745572525,-0.3231419078632232,0.7465877734090747,-0.21958201422301746,0.43434744244679024,-1.0708873581958103,0.6317233297497753,-0.5055446234149689,0.6131763648536491,-2.782879436308964,1.6108603985251373,-5.940107801540071,0.37434892892214344,-1.7275733135266702,0.08406475070161104,-2.94700353543993,1.528694801011036,0.053881171883636884,-0.16412409913096632,3.5,baseline
XLI,213,baseline_thr3.5,m1_p1,car_adj,surprise_bps,high_inflation,HC1,0.010694410372632412,45,169,-0.0764227931563487,0.4280808217654148,-0.9154457862888719,0.7626001999761745,-0.17852421615427527,0.8583113049183021,0.08028184629061028,0.21182645753523272,-0.334890381451149,0.4954540740323695,0.3789982008137824,0.7046891999002625,-0.906937179701104,0.8683406910471394,-2.6088536604641193,0.7949793010619113,-1.0444485546420965,0.29627790920968666,-0.9833599728574527,0.755488163881388,0.19304565440565236,-0.0764227931563487,3.5,baseline
XLK,213,baseline_thr3.5,m1_p1,car_adj,surprise_bps,high_inflation,HC1,0.07940673117838137,45,169,-2.0868655434828245,1.0368857592194052,-4.119124287635328,-0.05460679933032009,-2.012628223435021,0.044153755517565084,0.1625340970361138,0.27124127490015654,-0.36908903288892114,0.6941572269611487,0.5992233191498688,0.5490239744098171,3.233727638263173,1.4379381712955661,0.4154206105284764,6.05203466599787,2.248864174284782,0.02452113893006967,1.1468620947803487,0.9962600598221507,0.24966337729824994,-2.0868655434828245,3.5,baseline
XLP,213,baseline_thr3.5,m1_p1,car_adj,surprise_bps,high_inflation,HC1,0.027710095532332835,45,169,0.8439123659104955,1.1932120469249385,-1.494740271981701,3.182565003802692,0.7072610170885942,0.47940428628491516,0.16334910307393485,0.2752515535575203,-0.3761340285875027,0.7028322347353724,0.5934538823222272,0.5528774379415109,0.9603961968359113,1.6548605104995586,-2.283070803180792,4.203863196852614,0.5803487307495138,0.5616794715544267,1.8043085627464066,1.1466509147443513,0.11559232418750938,0.8439123659104955,3.5,baseline
XLRE,72,baseline_thr3.5,m1_p1,car_adj,surprise_bps,high_inflation,HC1,0.000971780429067759,19,53,0.22891963226061052,2.7462231554575887,-5.153578845946205,5.611418110467426,0.08335798633322167,0.9335668942479383,-0.09896564676120745,0.6484791332307044,-1.3699613926191394,1.1720300990967245,-0.15261192178715674,0.8787043229099208,0.185179870022365,3.552148943439548,-6.776904126841156,7.1472638668858846,0.052131786411820674,0.9584236854994376,0.41409950228297554,2.2530025514426857,0.85417118023931,0.22891963226061052,3.5,baseline
XLU,213,baseline_thr3.5,m1_p1,car_adj,surprise_bps,high_inflation,HC1,0.009814783862183707,45,169,0.8142335433645829,1.00374422901094,-1.1530689951867839,2.7815360819159496,0.8111962388734275,0.41725298519754317,0.17355594659280044,0.34125604504423573,-0.49529361120048004,0.842405504386081,0.5085798452897824,0.6110467591761385,-0.6300702008807989,1.7661082495806408,-4.091578762857932,2.831438361096334,-0.3567562752908311,0.7212742723070833,0.1841633424837839,1.4531468858873247,0.8991508121125369,0.8142335433645829,3.5,baseline
XLV,213,baseline_thr3.5,m1_p1,car_adj,surprise_bps,high_inflation,HC1,0.0330916941590087,45,169,0.3985209715171224,0.4711699671639125,-0.524955194721066,1.3219971377553108,0.8458114890384839,0.3976579151604799,-0.2550300576828748,0.3229465226716479,-0.8879936110517528,0.3779334956860032,-0.7896974879093949,0.42970445878450325,1.898624732423391,1.3937359670450766,-0.8330475669430629,4.630297031789844,1.362255676337859,0.17311721042917205,2.2971457039405134,1.3116778597955492,0.07989368753440806,0.3985209715171224,3.5,baseline
XLY,213,baseline_thr3.5,m1_p1,car_adj,surprise_bps,high_inflation,HC1,0.04849970839185047,45,169,-0.926021231253562,0.8109757122897042,-2.515504419678099,0.663461957170975,-1.141860621989577,0.25351195898548207,0.3010225698998451,0.2809675865956592,-0.24966378065078576,0.851708920450476,1.0713782808443562,0.2839993745525219,-1.2852863190903234,1.4836578309967852,-4.193202233224837,1.6226295950441898,-0.8662956459622585,0.3863280533821346,-2.2113075503438853,1.2424004803421045,0.07509773807907856,-0.926021231253562,3.5,baseline
GLD,152,ex_emergency_thr3.5,d0_p1,car_raw,surprise_bps,high_inflation,HC1,0.06594661150953429,39,113,-3.6340226063346948,0.8585890506308902,-5.3168262230916765,-1.9512189895777132,-4.232551770447596,2.3105470398384127e-05,0.0247275102285,0.5183394661911486,-0.9911991752718682,1.0406541957288682,0.0477052430720782,0.9619511554951923,4.7920763426091595,2.237156350058769,0.40733046870889134,9.176822216509429,2.142039085682713,0.03219033694645969,1.158053736274465,2.0658396299676838,0.5750887222210372,-3.6340226063346948,3.5,ex_emergency
IEF,171,ex_emergency_thr3.5,d0_p1,car_raw,surprise_bps,high_inflation,HC1,0.1388394375711416,39,132,-1.620624827873623,0.3815756655474122,-2.368499389723452,-0.8727502660237942,-4.247191249863009,2.1646716971442854e-05,0.2656132468174025,0.1481784173693708,-0.02481111451270862,0.5560376081475136,1.7925231726243696,0.07304920066764944,1.3649780670463505,0.7275418483781696,-0.06097775302056265,2.7909338871132636,1.8761505885732188,0.0606346047798603,-0.2556467608272727,0.61944907184011,0.6798262723898696,-1.620624827873623,3.5,ex_emergency
QQQ,198,ex_emergency_thr3.5,d0_p1,car_adj,surprise_bps,high_inflation,HC1,0.012205309156479993,42,156,-0.6635635086850904,0.49981329635456173,-1.643179568534276,0.31605255116409525,-1.327622761388817,0.18430276130485113,0.09933492488192885,0.21577788084160143,-0.3235819502279853,0.522251799991843,0.46035731046431394,0.6452597710690509,1.1758860301897793,0.9534422986516133,-0.6928265365044647,3.0445985968840237,1.2333059188298576,0.2174616504691148,0.512322521504689,0.8119352718322195,0.5280474782651969,-0.6635635086850904,3.5,ex_emergency
SPY,200,ex_emergency_thr3.5,d0_p1,car_raw,surprise_bps,high_inflation,HC1,0.06425637770497494,42,158,-2.2214960093324083,0.5286799249122022,-3.2576896215096642,-1.185302397155152,-4.201967777954368,2.646048039953419e-05,-0.25310895682922757,0.3942054868134898,-1.0257375134917468,0.5195195998332918,-0.6420736526911429,0.5208253620566381,0.9489527425755249,1.8840227649506138,-2.7436640227812497,4.641569507932299,0.503684329207349,0.6144832222307953,-1.2725432667568835,1.8083250028263684,0.4816110219901536,-2.2214960093324083,3.5,ex_emergency
TLT,171,ex_emergency_thr3.5,d0_p1,car_raw,surprise_bps,high_inflation,HC1,0.08372840156216566,39,132,-2.5454895552690013,0.8914277302169309,-4.292655801314474,-0.7983233092235291,-2.8555198239677275,0.00429664404614508,0.34599764110200154,0.30943477044632584,-0.26048336453721616,0.9524786467412192,1.1181601880193934,0.2634985843012807,3.2498045638901187,1.423665387932037,0.45947167750708184,6.040137450273155,2.282702516643088,0.022447897454494662,0.7043150086211172,1.1100359177053554,0.5257562014001452,-2.5454895552690013,3.5,ex_emergency
XLB,199,ex_emergency_thr3.5,d0_p1,car_adj,surprise_bps,high_inflation,HC1,0.03738879427530872,42,157,-0.9086723929464764,0.5762830330849821,-2.0381663826945458,0.2208215968015929,-1.5767814438022474,0.11484582279214729,-0.006508095412021742,0.28879257932596636,-0.5725311498933423,0.5595149590692989,-0.02253553546012661,0.9820207659932244,-1.1669301114151365,1.1864758096289447,-3.4923799668158693,1.1585197439855965,-0.9835262564519365,0.325348499244684,-2.075602504361613,1.037122322878567,0.04535907288089986,-0.9086723929464764,3.5,ex_emergency
XLE,199,ex_emergency_thr3.5,d0_p1,car_adj,surprise_bps,high_inflation,HC1,0.009121519359798436,42,157,-0.6456578728572014,0.5663327794191909,-1.7556497237832824,0.46433397806887944,-1.1400679888587117,0.25425797700548347,0.15277678974440134,0.44356980405545904,-0.7166040508337872,1.0221576303225899,0.344425586114288,0.7305262496951982,-0.7494378233752705,2.045675278839722,-4.758887693965059,3.2600120472145173,-0.3663522901837779,0.7141022156219052,-1.395095696232472,1.9657198501849926,0.4778825188499457,-0.6456578728572014,3.5,ex_emergency
XLF,199,ex_emergency_thr3.5,d0_p1,car_adj,surprise_bps,high_inflation,HC1,0.016746427500978878,42,157,-0.6432270153969253,0.8954935478096109,-2.39836211749176,1.1119080866979092,-0.7182932997901181,0.47257646057040625,-0.31160699758579197,0.29584145376556775,-0.8914455921002764,0.2682315969286924,-1.0532905163206683,0.2922078640967405,0.644469064522677,1.3868552575734694,-2.073717292091343,3.362655421136697,0.46469814423913375,0.6421476375045198,0.0012420491257518138,1.0589895236925302,0.9990641913146283,-0.6432270153969253,3.5,ex_emergency
XLI,199,ex_emergency_thr3.5,d0_p1,car_adj,surprise_bps,high_inflation,HC1,0.02233183456766097,42,157,-0.26065329267889303,0.31903813934151737,-0.8859565554829384,0.3646499701251523,-0.8169972819452607,0.41392998134683157,-0.10946918843211138,0.17141496349896762,-0.4454363433013359,0.22649796643711312,-0.6386209593234881,0.5230695430273754,-0.5865532596493986,0.6944926290864557,-1.9477338001873863,0.7746272808885888,-0.8445780920971878,0.3983464451637172,-0.8472065523282918,0.6168749285721706,0.16963280197718622,-0.26065329267889303,3.5,ex_emergency
XLK,199,ex_emergency_thr3.5,d0_p1,car_adj,surprise_bps,high_inflation,HC1,0.018346818883586802,42,157,-0.6421079223555811,0.45339039692898553,-1.5307367712727122,0.2465209265615501,-1.416236265048539,0.15670634135230788,0.09176245495578438,0.227980949106796,-0.35507199445479476,0.5385969043663635,0.4025005392568961,0.6873156915768479,1.438280048826246,1.0026862327304713,-0.5269488551196244,3.4035089527721163,1.4344268444871182,0.15145049159431154,0.7961721264706648,0.8943247895925744,0.37333197292547615,-0.6421079223555811,3.5,ex_emergency
XLP,199,ex_emergency_thr3.5,d0_p1,car_adj,surprise_bps,high_inflation,HC1,0.018334105312389215,42,157,0.7100016220433346,0.39333009413976644,-0.060911196506356624,1.480914440593026,1.8051037350603578,0.07105845071358488,0.0022446060472139373,0.1976328734667324,-0.3851087081087432,0.3895979202031711,0.011357452876339283,0.9909382585153023,0.01169458098238367,1.0477500140084268,-2.04185771127547,2.065246873240237,0.011161613768577447,0.9910945056109471,0.7216962030257182,0.9711186996956972,0.4573850478873528,0.7100016220433346,3.5,ex_emergency
XLRE,65,ex_emergency_thr3.5,d0_p1,car_adj,surprise_bps,high_inflation,HC1,0.16099187136320559,19,46,-4.471277728592841,1.8108698654728268,-8.020517445608474,-0.922038011577208,-2.469132549966736,0.013544103882962143,-0.6267769475889493,0.45402561427876303,-1.5166507996339993,0.2630969044561008,-1.3804880779350044,0.16743641791035924,6.114816087751282,2.3012493332980277,1.6044502750403367,10.625181900462227,2.6571723451573384,0.007879914754068728,1.6435383591584412,1.4200347968719118,0.24711182533380183,-4.471277728592841,3.5,ex_emergency
XLU,199,ex_emergency_thr3.5,d0_p1,car_adj,surprise_bps,high_inflation,HC1,0.006456725577713374,42,157,0.45229804040319965,0.6464151356458024,-0.8146523445241468,1.719248425330546,0.6997021193684309,0.48411335263753663,0.051949427235490064,0.2653388574873562,-0.4681051771387342,0.5720040316097144,0.19578522244132876,0.8447782770125706,-1.2139400978725048,1.3443220717829507,-3.848762942189357,1.4208827464443474,-0.9030128444313033,0.36651907800966255,-0.7616420574693052,1.1787066238427715,0.5181708050143256,0.45229804040319965,3.5,ex_emergency
XLV,199,ex_emergency_thr3.5,d0_p1,car_adj,surprise_bps,high_inflation,HC1,0.04047008221610937,42,157,0.9112827647756796,0.38323149388546274,0.16016283901869077,1.6624026905326685,2.3778911162453595,0.01741196655578436,0.013401303718185723,0.1987610920929684,-0.3761632783118813,0.4029658857482527,0.06742418034168077,0.9462440198571712,0.2647854671284238,0.7857273102679453,-1.2752117626662776,1.8047826969231253,0.3369940991845222,0.736121348375055,1.1760682319041034,0.6859307750751654,0.08642625880562829,0.9112827647756796,3.5,ex_emergency
XLY,199,ex_emergency_thr3.5,d0_p1,car_adj,surprise_bps,high_inflation,HC1,0.053431985902443246,42,157,-0.7855887774850816,0.41021161229008357,-1.5895887636137536,0.018411208643590374,-1.9150817625551464,0.05548207725038055,0.2309536003746006,0.24767799131948673,-0.25448634237481754,0.7163935431240187,0.932475264129089,0.35109096431721276,-0.8318020242683568,1.1094578512060886,-3.006299454997489,1.3426954064607752,-0.749737381518466,0.4534128888400121,-1.6173908017534384,1.0308361444697227,0.11664592928744046,-0.7855887774850816,3.5,ex_emergency
GLD,152,ex_emergency_thr3.5,m1_p1,car_raw,surprise_bps,high_inflation,HC1,0.09130146967463237,39,113,-5.015609831855407,0.909094930870809,-6.797403154890122,-3.2338165088206914,-5.517146407417569,3.445483864753347e-08,-0.07783193769139415,0.6035902413760506,-1.2608470722082912,1.105183196825503,-0.12894830359409848,0.8973985549513424,6.61991492059813,2.6269507241435357,1.4711861121153857,11.768643729080875,2.519999655782055,0.011735494906965805,1.6043050887427233,2.464633139788403,0.5150912977142033,-5.015609831855407,3.5,ex_emergency
IEF,171,ex_emergency_thr3.5,m1_p1,car_raw,surprise_bps,high_inflation,HC1,0.12307205646074848,39,132,-1.7124098153575698,0.388682960325123,-2.474214418999222,-0.9506052117159179,-4.405672463555347,1.0545620897236294e-05,0.2949769945431988,0.18134434139329722,-0.06045138338779987,0.6504053724741975,1.6266126214738434,0.10381939700717747,1.707823376182084,0.9250572539203549,-0.10525552513933507,3.520902277503503,1.8461812703423472,0.06486588954391923,-0.004586439175485735,0.8394381927119875,0.9956406191283181,-1.7124098153575698,3.5,ex_emergency
QQQ,198,ex_emergency_thr3.5,m1_p1,car_adj,surprise_bps,high_inflation,HC1,0.010613069123571073,42,156,-0.548599661957976,0.6536609172929931,-1.8297515179536576,0.7325521940377056,-0.8392725455116585,0.4013163858555704,0.12374142806522753,0.2289015172139288,-0.3248973016806481,0.5723801578111032,0.5405880641218301,0.5887915466497038,1.3565525691264149,1.040497964793596,-0.6827859678562583,3.3958911061090875,1.3037532172352828,0.19231773818589282,0.8079529071684388,0.8095451932679848,0.3182633034134388,-0.548599661957976,3.5,ex_emergency
SPY,200,ex_emergency_thr3.5,m1_p1,car_raw,surprise_bps,high_inflation,HC1,0.0594381980918014,42,158,-2.091762532372591,0.5445455203213091,-3.159052140144981,-1.024472924600201,-3.841299678929222,0.00012238459014949545,-0.31586462278938,0.6231123960659543,-1.537142477399108,0.905413231820348,-0.5069143621337086,0.6122149079674063,-1.0361430312777349,2.964902787770029,-6.847245712969395,4.774959650413925,-0.34946947857843313,0.7267368806813016,-3.127905563650326,2.914467141215438,0.2831660876099885,-2.091762532372591,3.5,ex_emergency
TLT,171,ex_emergency_thr3.5,m1_p1,car_raw,surprise_bps,high_inflation,HC1,0.10158148833354053,39,132,-3.0139602871643785,0.9545644146078475,-4.884872160719319,-1.1430484136094377,-3.1574194900221255,0.0015917218369007667,0.5305964838718461,0.36113158460671796,-0.17720841563720047,1.2384013833808927,1.4692608082167058,0.14176206261114704,3.729883888739417,1.7492409974268743,0.3014345335018216,7.158333243977011,2.1322870286175886,0.03298325774433,0.715923601575038,1.4658276997803483,0.6252600907128796,-3.0139602871643785,3.5,ex_emergency
XLB,199,ex_emergency_thr3.5,m1_p1,car_adj,surprise_bps,high_inflation,HC1,0.02478909011513475,42,157,-1.1301193070671114,0.7232630858456555,-2.5476889066718975,0.2874502925376747,-1.5625286692818707,0.11816349743890728,-0.195498654122445,0.4068527535485693,-0.9929153980885914,0.6019180898437015,-0.4805145164124021,0.6308615835799192,-0.1946256051553143,1.6579592266581986,-3.444165977241264,3.054914766930635,-0.1173886559005458,0.9065520731992112,-1.3247449122224257,1.4918844814241061,0.3745582412355547,-1.1301193070671114,3.5,ex_emergency
XLE,199,ex_emergency_thr3.5,m1_p1,car_adj,surprise_bps,high_inflation,HC1,0.027748289609180854,42,157,-1.0909368658339673,0.7135001884796992,-2.4893715382167185,0.30749780654878345,-1.5289931011209636,0.12626615419127138,0.1845431509495597,0.6103081152238419,-1.011638774361692,1.3807250762608112,0.3023770229269769,0.7623646684917181,-2.4782438794063855,2.542434959801029,-7.461324833651943,2.5048370748391715,-0.9747521248686468,0.3296832301662571,-3.5691807452403532,2.440264945832296,0.14357133926278554,-1.0909368658339673,3.5,ex_emergency
XLF,199,ex_emergency_thr3.5,m1_p1,car_adj,surprise_bps,high_inflation,HC1,0.0336573356896962,42,157,-0.38330238491652835,0.6179550206406483,-1.594471969437905,0.8278671996048481,-0.6202755412831663,0.5350763948929146,-0.2633803283825391,0.2715788121814969,-0.7956650192224407,0.2689043624573625,-0.9698117694340651,0.33214032521658543,-1.570002300624615,1.2340172647714684,-3.9886316958773214,0.8486270946280912,-1.2722693153854445,0.20327744700046824,-1.9533046855411436,1.0681433434792698,0.06744583197624232,-0.38330238491652835,3.5,ex_emergency
XLI,199,ex_emergency_thr3.5,m1_p1,car_adj,surprise_bps,high_inflation,HC1,0.02735317864481901,42,157,-0.6720590497716461,0.44078760243526344,-1.5359868753765222,0.19186877583323012,-1.524677749688635,0.12733949414368337,-0.14306732077713907,0.19246968295505335,-0.5203009674848864,0.2341663259306082,-0.7433239281146891,0.4572855881412041,0.036706609686078015,0.869837904101654,-1.6681443547409696,1.7415575741131253,0.042199367851171815,0.966339766494674,-0.6353524400855681,0.7498828368160797,0.3968452320846906,-0.6720590497716461,3.5,ex_emergency
XLK,199,ex_emergency_thr3.5,m1_p1,car_adj,surprise_bps,high_inflation,HC1,0.01878224032929865,42,157,-0.6237792388295683,0.5587807397479453,-1.7189693639901902,0.47141088633105355,-1.1163220105097797,0.2642843233366291,0.2695078767668949,0.24174629103028625,-0.20430614704860445,0.7433219005823943,1.114837690449326,0.2649199818834085,1.300626504129562,1.102801883662547,-0.8608254699319609,3.4620784781910845,1.1793836439687733,0.2382454450280599,0.6768472652999936,0.9507555308786809,0.4765238343200553,-0.6237792388295683,3.5,ex_emergency
XLP,199,ex_emergency_thr3.5,m1_p1,car_adj,surprise_bps,high_inflation,HC1,0.027515213454495813,42,157,0.4690327516749788,0.42870574478561074,-0.3712150680702384,1.309280571420196,1.0940668684286816,0.27392565201988706,0.08391215209975876,0.27772037843623737,-0.4604097874081007,0.6282340916076182,0.30214618233002444,0.7625406281972469,1.2393580444275003,1.3336896710137622,-1.3746256773125471,3.853341766167548,0.929270182834543,0.352749083655749,1.708390796102479,1.262909150713785,0.1761379295986938,0.4690327516749788,3.5,ex_emergency
XLRE,65,ex_emergency_thr3.5,m1_p1,car_adj,surprise_bps,high_inflation,HC1,0.0827353678431133,19,46,-4.36233818714557,2.0971338405659057,-8.47264498541491,-0.252031388876231,-2.0801429564306706,0.03751242254764898,-0.48767685928778937,0.6375508030383379,-1.7372534715575212,0.7618997529819425,-0.7649223512286344,0.4443177835310631,4.776437689428546,3.0832371995134378,-1.2665961774119292,10.819471556269022,1.5491632269428737,0.12134248687872681,0.41409950228297604,2.2601728436597006,0.8546286536500278,-4.36233818714557,3.5,ex_emergency
XLU,199,ex_emergency_thr3.5,m1_p1,car_adj,surprise_bps,high_inflation,HC1,0.0016577517854351465,42,157,0.2811097273537943,0.7243411348722176,-1.138572809516622,1.7007922642242106,0.3880902434229217,0.6979492518519703,0.08169563463370472,0.3452134723060721,-0.594910338064212,0.7583016073316213,0.23665250978754385,0.8129263801275861,-0.609119454986995,1.6882826492040999,-3.9180926431509007,2.699853733176911,-0.3607923443827073,0.7182546861904482,-0.32800972763320074,1.5250010570277135,0.8296985560602856,0.2811097273537943,3.5,ex_emergency
XLV,199,ex_emergency_thr3.5,m1_p1,car_adj,surprise_bps,high_inflation,HC1,0.041439173262286855,42,157,0.9218524664993637,0.5177935266479066,-0.09300419715851399,1.9367091301572417,1.7803476077950513,0.0750190903484533,-0.09050675374923137,0.30780813907883975,-0.6937996204920532,0.5127861129935906,-0.29403625914534254,0.768730196597113,1.0908151739234615,1.2985174203560566,-1.4542322032722674,3.6358625511191907,0.8400466230359523,0.4008822460736422,2.012667640422825,1.190813736370921,0.0909970441208816,0.9218524664993637,3.5,ex_emergency
XLY,199,ex_emergency_thr3.5,m1_p1,car_adj,surprise_bps,high_inflation,HC1,0.06172936663895445,42,157,-1.3189942939190555,0.5455975695233513,-2.388345880237412,-0.2496427076006988,-2.4175223050780166,0.015626576233246467,0.20339640921022617,0.26437561878942145,-0.31477028200753066,0.721563100427983,0.7693463192316308,0.44168774683429735,-0.22463762841670576,1.3147341256112834,-2.8014691638605806,2.352193907027169,-0.17086163965833082,0.8643325601654238,-1.5436319223357613,1.1961810536775273,0.19688863596251793,-1.3189942939190555,3.5,ex_emergency
GLD,152,ex_covid_thr3.5,d0_p1,car_raw,surprise_bps,high_inflation,HC1,0.06830570697965621,42,110,-3.656797320490504,0.8566395830645628,-5.335780051028455,-1.977814589952553,-4.2687699620517074,1.9655384264227484e-05,0.15311857565813725,0.48713568317420813,-0.8016498189476251,1.1078869702638996,0.31432428571113197,0.7532747549309564,4.734865313542345,2.0238180603942824,0.7682548039078432,8.701475823176846,2.3395706393784694,0.019305920272307535,1.0780679930518406,1.833577968428135,0.5565600603923442,-3.656797320490504,3.5,ex_covid
IEF,171,ex_covid_thr3.5,d0_p1,car_raw,surprise_bps,high_inflation,HC1,0.12790488249191256,42,129,-1.6235169396957252,0.37977614966511897,-2.3678645152266515,-0.8791693641647988,-4.274931274982167,1.911962628514606e-05,0.2140116805940618,0.152339439331263,-0.08456813392023829,0.5125914951083619,1.4048343720675782,0.16007053551396588,1.3126144023311983,0.6670174799844986,0.00528416450291478,2.619944640159482,1.967886062538726,0.04908114880083089,-0.3109025373645269,0.5483451419958129,0.5707255287261002,-1.6235169396957252,3.5,ex_covid
QQQ,200,ex_covid_thr3.5,d0_p1,car_adj,surprise_bps,high_inflation,HC1,0.10117528157453459,45,156,-2.6094857884184086,1.31120814086873,-5.1794065207568405,-0.039565056079976166,-1.990138489141408,0.04657568194266037,0.01298623063898851,0.2896659902528332,-0.5547486778026949,0.5807211390806719,0.04483174095672591,0.9642414248950293,3.900099875522139,1.6696277238014794,0.6276896692816509,7.172510081762629,2.335909867765148,0.019495939567654403,1.2906140871037308,1.0336295020006339,0.21180281273164714,-2.6094857884184086,3.5,ex_covid
SPY,202,ex_covid_thr3.5,d0_p1,car_raw,surprise_bps,high_inflation,HC1,0.10122440098619723,45,158,-2.69729857269003,0.5024292205423967,-3.6820417497336595,-1.7125553956464006,-5.3685145338047136,7.93877946631991e-08,-0.45493002734884935,0.4271509252625809,-1.2921304568264684,0.3822704021287696,-1.0650334587691503,0.28686078896632894,1.6525444023199745,1.7288347536796096,-1.735909450113236,5.040998254753185,0.9558718083395417,0.3391370035733273,-1.0447541703700558,1.6542171815924278,0.5276678060390241,-2.69729857269003,3.5,ex_covid
TLT,171,ex_covid_thr3.5,d0_p1,car_raw,surprise_bps,high_inflation,HC1,0.08286241647935022,42,129,-2.5306159179331336,0.8896845451609104,-4.274365584050417,-0.7868662518158497,-2.8443968502065418,0.0044495590225752,0.3186725405280475,0.2986869676098173,-0.26674315863867604,0.904088239694771,1.0669114326552671,0.2860118317479915,3.1750455568812863,1.3349481859638956,0.5585951911649724,5.7914959225976,2.378403589191556,0.017387783210027367,0.6444296389481525,0.9952628141903628,0.5173103663406904,-2.5306159179331336,3.5,ex_covid
XLB,201,ex_covid_thr3.5,d0_p1,car_adj,surprise_bps,high_inflation,HC1,0.01647249739427037,45,157,-0.40792989293808896,0.672060595970418,-1.7251444564686327,0.909284670592455,-0.6069837978658174,0.5438616645732635,0.13533954800680104,0.3116795233551111,-0.4755410924878274,0.7462201885014295,0.43422662660004885,0.6641238794160333,-1.1716477957477862,1.1707102517234549,-3.4661977254575786,1.1229021339620062,-1.0008008335307144,0.3169231065077409,-1.579577688685875,0.9585911791969937,0.09939133277446294,-0.40792989293808896,3.5,ex_covid
XLE,201,ex_covid_thr3.5,d0_p1,car_adj,surprise_bps,high_inflation,HC1,0.013565478642706297,45,157,1.103640287499919,1.1158816698546488,-1.0834475964236079,3.2907281714234458,0.9890298562245184,0.322648534290488,-0.03160784951621842,0.43827418100759924,-0.8906094596449015,0.8273937606124646,-0.07211889471460874,0.9425072895705576,-1.7693528562592038,2.143444682524895,-5.970427236861887,2.4317215243434798,-0.8254716674913087,0.4091038615476196,-0.6657125687592851,1.8300719127746456,0.7160349454052541,1.103640287499919,3.5,ex_covid
XLF,201,ex_covid_thr3.5,d0_p1,car_adj,surprise_bps,high_inflation,HC1,0.014885871166507969,45,157,-0.43635028174629864,0.75414946994903,-1.9144560818063692,1.041755518313772,-0.578599202324958,0.5628596430977824,-0.1511057809216367,0.3968684267896849,-0.9289536040304903,0.6267420421872169,-0.38074528161373034,0.7033922652102513,-0.6112480939631568,1.781092477865075,-4.102125203713908,2.879629015787594,-0.34318717391689607,0.7314576531405372,-1.0475983757094556,1.6135516699762529,0.5161768166447339,-0.43635028174629864,3.5,ex_covid
XLI,201,ex_covid_thr3.5,d0_p1,car_adj,surprise_bps,high_inflation,HC1,0.024023028524021606,45,157,-0.1945203456509696,0.30417326183120524,-0.7906889839002038,0.40164829259826457,-0.6395050783882336,0.5224944110161156,-0.022786215204610008,0.17316179121011627,-0.36217708947488236,0.3166046590656624,-0.1315891632061081,0.8953092574932483,-0.7990502837897326,0.6673751543155688,-2.1070815504251086,0.5089809828456431,-1.1973030140883865,0.23118847005858534,-0.9935706294407022,0.5940271234419309,0.09440578079594371,-0.1945203456509696,3.5,ex_covid
XLK,201,ex_covid_thr3.5,d0_p1,car_adj,surprise_bps,high_inflation,HC1,0.11001257867084901,45,157,-2.5961612419966063,1.2744990007202777,-5.094133381740639,-0.09818910225257368,-2.037005317798913,0.04164950910614819,0.05801547212474888,0.26391843818113586,-0.45925516156633805,0.5752861058158358,0.21982348988035072,0.8260086247801015,3.687782505658614,1.5584875106471838,0.6332031144346498,6.742361896882579,2.3662573363370814,0.01796894964427543,1.0916212636620077,0.8969590949459569,0.22359486484152358,-2.5961612419966063,3.5,ex_covid
XLP,201,ex_covid_thr3.5,d0_p1,car_adj,surprise_bps,high_inflation,HC1,0.09802001487907663,45,157,2.210819215778298,0.9387380055658278,0.3709265339503151,4.0507118976062815,2.355097165205023,0.018517862890161465,0.0802662926273812,0.20092695488152248,-0.31354330246370726,0.4740758877184697,0.39947996362514226,0.6895395843399817,-1.4602365444596626,1.2950161246261942,-3.998421508125638,1.0779484192063125,-1.1275817472011471,0.25949659885217524,0.7505826713186358,0.8920973713379828,0.40014149889098416,2.210819215778298,3.5,ex_covid
XLRE,60,ex_covid_thr3.5,d0_p1,car_adj,surprise_bps,high_inflation,HC1,0.1837429895663103,19,41,-4.39055088008309,1.7962632746981808,-7.911162205243502,-0.869939554922678,-2.4442691346683674,0.014514594333583947,-0.7359748661405691,0.4566157380455223,-1.6309252674839685,0.15897553520283036,-1.6118035468746723,0.10700469612366081,6.034089239241535,2.2921911439115226,1.5414771514932826,10.526701326989787,2.6324546516415857,0.00847703388012279,1.6435383591584447,1.4239306472567335,0.24840735768354982,-4.39055088008309,3.5,ex_covid
XLU,201,ex_covid_thr3.5,d0_p1,car_adj,surprise_bps,high_inflation,HC1,0.053864860666453684,45,157,1.7855602548278875,0.9053748261601354,0.011058203044809686,3.560062306610966,1.972177934746412,0.04858929764127693,0.04209705813353365,0.26660385420222427,-0.4804368942423935,0.5646310105094607,0.15790116110475358,0.874534683114065,-2.2037059114323077,1.457450438826952,-5.0602562807852305,0.6528444579206153,-1.5120280269742752,0.13052673274308318,-0.4181456566044201,1.1421288043790774,0.7142824209245584,1.7855602548278875,3.5,ex_covid
XLV,201,ex_covid_thr3.5,d0_p1,car_adj,surprise_bps,high_inflation,HC1,0.029946031490618252,45,157,0.5007773570034066,0.547019395771842,-0.5713609575542655,1.5729156715610788,0.9154654494413528,0.3599473326489091,-0.20009939794190462,0.23497483611332473,-0.6606416139972228,0.2604428181134135,-0.8515779870377259,0.39444836161733865,1.1006745141558008,1.086608832120555,-1.0290396620836166,3.230388690395218,1.0129445681090188,0.31108663874639075,1.6014518711592076,0.9388762083958703,0.08806182225650012,0.5007773570034066,3.5,ex_covid
XLY,201,ex_covid_thr3.5,d0_p1,car_adj,surprise_bps,high_inflation,HC1,0.09470420897908483,45,157,-1.0886345933976933,0.4386755965281601,-1.9484229634895112,-0.22884622330587545,-2.481639284276462,0.013077958824998091,0.3406507715181287,0.2544159214489408,-0.1579952716153667,0.8392968146516242,1.3389522541595122,0.18058621686508602,-1.1166249094800746,1.138026803131003,-3.3471164570580947,1.1138666380979454,-0.9811938580075212,0.32649715242882926,-2.2052595028777677,1.0500803424763436,0.03572123669771446,-1.0886345933976933,3.5,ex_covid
GLD,152,ex_covid_thr3.5,m1_p1,car_raw,surprise_bps,high_inflation,HC1,0.09029965186285682,42,110,-5.0125028733480255,0.9105984033790386,-6.7972429483506165,-3.2277627983454336,-5.5046251506127,3.699545768551409e-08,0.23864118050032224,0.5839227415570526,-0.9058263627053907,1.383108723706035,0.4086862242494209,0.6827699445793634,6.255223037067625,2.3875612599833627,1.5756889566171626,10.934757117518087,2.6199214830245716,0.008795001405987117,1.2427201637196004,2.2070929563425477,0.5733957545521362,-5.0125028733480255,3.5,ex_covid
IEF,171,ex_covid_thr3.5,m1_p1,car_raw,surprise_bps,high_inflation,HC1,0.11460648162727405,42,129,-1.7241511680652484,0.3873411263512488,-2.4833258254448745,-0.9649765106856223,-4.451247365098414,8.537292978185889e-06,0.25083364458870167,0.18197971541649843,-0.10584004354448373,0.6075073327218871,1.37836046184937,0.16809202429323622,1.759769187961461,0.8369866155121917,0.11930556601549153,3.4002328099074304,2.1025057693241305,0.035508994800533884,0.03561801989621256,0.7419659334386582,0.961712316575439,-1.7241511680652484,3.5,ex_covid
QQQ,200,ex_covid_thr3.5,m1_p1,car_adj,surprise_bps,high_inflation,HC1,0.07760319598544396,45,156,-2.2116272602123366,1.4131899706868494,-4.981428706071776,0.5581741856471031,-1.5649893546424083,0.1175854054073047,0.0660939278845775,0.2646565195508151,-0.4526233187087408,0.5848111744778958,0.24973474296705248,0.8027924883083115,3.5539165225709857,1.684036471326881,0.25326569011838024,6.854567355023591,2.110356030336323,0.03482770077727503,1.3422892623586493,0.9159000728841512,0.14277332910215998,-2.2116272602123366,3.5,ex_covid
SPY,202,ex_covid_thr3.5,m1_p1,car_raw,surprise_bps,high_inflation,HC1,0.08527094344787123,45,158,-2.682911791381766,0.6320694269293509,-3.921745103892165,-1.444078478871367,-4.244647307837034,2.1893750332453724e-05,-0.66562944634651,0.6567939733203971,-1.9529219793174495,0.6216630866244295,-1.0134524270700072,0.3108441084046665,0.00428815425785288,2.689455946583698,-5.2669486390532745,5.27552494756898,0.001594431863923981,0.998727827971545,-2.678623637123913,2.6141272976187695,0.30551787230178695,-2.682911791381766,3.5,ex_covid
TLT,171,ex_covid_thr3.5,m1_p1,car_raw,surprise_bps,high_inflation,HC1,0.10573451185897154,42,129,-3.0372068365096085,0.9541838226597984,-4.907372763553567,-1.1670409094656498,-3.183041636613959,0.001457366556857459,0.505531142924914,0.3460847801164475,-0.17278256170078699,1.183844847550615,1.4607147495905985,0.14409373957676536,4.021335701431268,1.6291509510563642,0.8282585119816179,7.214412890880919,2.468362860313084,0.013573265067948146,0.9841288649216597,1.3204794787887437,0.45610159077581613,-3.0372068365096085,3.5,ex_covid
XLB,201,ex_covid_thr3.5,m1_p1,car_adj,surprise_bps,high_inflation,HC1,0.008990565198140787,45,157,-0.31264881230655933,0.9196245716655888,-2.115079852069187,1.4897822274560686,-0.3399744003580742,0.73387580644487,0.005746577827156207,0.40229721199791946,-0.7827414687696408,0.7942346244239533,0.014284408779810104,0.9886030783552587,-1.0600913367761369,1.6348046967185041,-4.264249664101331,2.1440669905490575,-0.6484513648046322,0.5166930575810871,-1.3727401490826963,1.3516201550738154,0.3098076677518764,-0.31264881230655933,3.5,ex_covid
XLE,201,ex_covid_thr3.5,m1_p1,car_adj,surprise_bps,high_inflation,HC1,0.021483201756348658,45,157,0.7916029518232451,1.2725275428387341,-1.7025052014759248,3.2857111051224153,0.6220713699110589,0.5338949397148957,-0.02440560913149764,0.5807955454158638,-1.162743960527888,1.1139327422648926,-0.0420209991693766,0.9664819579841372,-3.60855302853817,2.566538462809937,-8.638875980582439,1.4217699235060992,-1.4059999804512568,0.1597241305764654,-2.816950076714925,2.2288547134794614,0.20628193056313715,0.7916029518232451,3.5,ex_covid
XLF,201,ex_covid_thr3.5,m1_p1,car_adj,surprise_bps,high_inflation,HC1,0.052899832458071505,45,157,-0.09887995724168876,0.5560510891560833,-1.1887200655518824,0.990960151068505,-0.1778253098861087,0.8588601697174112,-0.32198305846460057,0.4326886644136755,-1.1700372572341422,0.5260711403049412,-0.7441448897232169,0.4567888243987299,-2.8481235781982397,1.6275054047356945,-6.0379755561244846,0.3417283997280057,-1.7499933148675302,0.08011946728499289,-2.9470035354399284,1.5295689028913455,0.05401840317407989,-0.09887995724168876,3.5,ex_covid
XLI,201,ex_covid_thr3.5,m1_p1,car_adj,surprise_bps,high_inflation,HC1,0.019755649763663397,45,157,-0.3198305819441295,0.4283983312370935,-1.159475882205893,0.519814718317634,-0.746572894017932,0.45532141542692084,0.0015508437454453475,0.20881225427213343,-0.4077136541585562,0.4108153416494469,0.007426976691819144,0.9940741844421855,-0.6635293909133224,0.8688730644277963,-2.3664893043287534,1.0394305225021085,-0.7636666598133012,0.4450659138626325,-0.9833599728574518,0.7559201491436935,0.19330018091388557,-0.3198305819441295,3.5,ex_covid
XLK,201,ex_covid_thr3.5,m1_p1,car_adj,surprise_bps,high_inflation,HC1,0.08912140769969312,45,157,-2.2629295807099155,1.1628032230135148,-4.541982018923502,0.016122857503670165,-1.9460984764432616,0.051642911580945014,0.22637541393747646,0.2739546131140541,-0.310565761164674,0.763316589039627,0.826324519102844,0.40862002827024546,3.409791675490263,1.5315942090584593,0.4079221868055729,6.411661164174953,2.226302277276445,0.025993941051462348,1.1468620947803476,0.9968297175399576,0.24993406929291706,-2.2629295807099155,3.5,ex_covid
XLP,201,ex_covid_thr3.5,m1_p1,car_adj,surprise_bps,high_inflation,HC1,0.08109141583184487,45,157,1.893137181341798,0.9054115085247646,0.11856323344517951,3.667711129238417,2.0909135387801596,0.036535815233292364,0.17361288377639789,0.272136390573361,-0.3597646406301151,0.7069904081829108,0.6379627634900829,0.5234979197033947,-0.08882861859539279,1.461534246857427,-2.9533831046078225,2.775725867417037,-0.060777651147341225,0.9515362892111623,1.8043085627464053,1.147306565381728,0.1158005107815409,1.893137181341798,3.5,ex_covid
XLRE,60,ex_covid_thr3.5,m1_p1,car_adj,surprise_bps,high_inflation,HC1,0.09867495141727556,19,41,-4.281200333388862,2.101315941749822,-8.39970389935838,-0.1626967674193444,-2.037390117463151,0.041610963418007886,-0.5490078954939072,0.6368030481193224,-1.7971189350531063,0.6991031440652918,-0.8621313875856881,0.38861522090425615,4.69529983567184,3.0906274442736357,-1.3622186447355584,10.752818316079239,1.519206025420944,0.12871064513156052,0.4140995022829774,2.266373603853839,0.8550219747687507,-4.281200333388862,3.5,ex_covid
XLU,201,ex_covid_thr3.5,m1_p1,car_adj,surprise_bps,high_inflation,HC1,0.032376953684834175,45,157,1.4994751491322007,0.8708560544526234,-0.20737135331359324,3.206321651577995,1.721840413769295,0.08509843141156101,0.07464499559140461,0.33542425247082935,-0.5827744587926912,0.7320644499755004,0.22253905327819495,0.8238942752327952,-1.3153118066484182,1.6948279206700285,-4.637113491154582,2.006489877857745,-0.7760739545336417,0.4377053210591453,0.18416334248378252,1.4539777897567432,0.899208136710272,1.4994751491322007,3.5,ex_covid
XLV,201,ex_covid_thr3.5,m1_p1,car_adj,surprise_bps,high_inflation,HC1,0.040717387923385195,45,157,0.6305320379101472,0.5039556938673048,-0.3572029718736632,1.6182670476939574,1.2511656194843408,0.21087405881348398,-0.2624149404932949,0.3232382685814834,-0.8959503053380873,0.37112042435149756,-0.8118312897940304,0.41688844510729284,1.6666136660303656,1.4058585494790823,-1.0888184583063572,4.422045790367089,1.1854774910661545,0.2358287091246849,2.297145703940513,1.3124278722132332,0.08006614052177204,0.6305320379101472,3.5,ex_covid
XLY,201,ex_covid_thr3.5,m1_p1,car_adj,surprise_bps,high_inflation,HC1,0.09702287359738937,45,157,-1.6174784917591958,0.5905500342076575,-2.7749352898751014,-0.46002169364329026,-2.738935565263951,0.006163845251289517,0.29582340345677965,0.279496219814127,-0.2519791211939995,0.8436259281075589,1.0584164739455537,0.2898656121600929,-0.5938290585846866,1.3762536115910753,-3.2912365708963707,2.1035784537269975,-0.43148228900788554,0.6661177278010157,-2.2113075503438826,1.2431108802173743,0.07526438881812669,-1.6174784917591958,3.5,ex_covid
GLD,164,baseline_thr4.0,d0_p1,car_raw,surprise_bps,high_inflation,HC1,0.0652466137531994,30,134,-3.10983960120099,0.8114908802028553,-4.700332500181294,-1.519346702220686,-3.8322545293714168,0.00012697426911507419,0.22679557527005717,0.5706212697141785,-0.8916015621822488,1.3451927127223633,0.39745377066588844,0.6910328705838347,4.585415046902028,2.1987754586760597,0.27589433780641354,8.894935755997643,2.0854403430821566,0.03702934803341461,1.4755754457010384,2.043549869473145,0.470254633034223,-3.10983960120099,4.0,baseline
IEF,183,baseline_thr4.0,d0_p1,car_raw,surprise_bps,high_inflation,HC1,0.100780695373482,30,153,-1.3741107117368883,0.35414995622457696,-2.068231871063496,-0.6799895524102807,-3.8800250786012356,0.0001044456951727747,0.03061971482914702,0.1687716826563949,-0.3001667047876102,0.3614061344459043,0.1814268504479286,0.8560325449688979,1.2484511468764976,0.7093511859401982,-0.141851629957066,2.6387539237100612,1.7599902158784129,0.07840946551370223,-0.1256595648603906,0.6146193240542444,0.8380010420819705,-1.3741107117368883,4.0,baseline
QQQ,212,baseline_thr4.0,d0_p1,car_adj,surprise_bps,high_inflation,HC1,0.07149888394335091,30,183,-2.0412461796710835,1.129721525116477,-4.25545968145904,0.17296732211687302,-1.8068578267202853,0.07078444962589785,-0.030863597545378846,0.36226772422063525,-0.7408952897791126,0.6791680946883549,-0.08519554871132186,0.9321059293306343,3.086073879937835,1.6458984834632797,-0.13982786985928738,6.311975629734956,1.875008641750587,0.06079153467247546,1.044827700266751,1.1969591027078663,0.3827166301500706,-2.0412461796710835,4.0,baseline
SPY,214,baseline_thr4.0,d0_p1,car_raw,surprise_bps,high_inflation,HC1,0.04493943727692706,30,185,-2.0102196532218177,0.9061049088910327,-3.7861526408631887,-0.23428666558044686,-2.2185285980649785,0.02651881189666987,-0.09226195017050652,0.5194582184801292,-1.1103813498648984,0.9258574495238855,-0.17761187885419089,0.8590277949017134,1.4990480694154515,2.0018420416273495,-2.424490234912285,5.422586373743188,0.7488343426921119,0.4539570576604719,-0.5111715838063663,1.7850337402162246,0.7745984084159814,-2.0102196532218177,4.0,baseline
TLT,183,baseline_thr4.0,d0_p1,car_raw,surprise_bps,high_inflation,HC1,0.048404595488779734,30,153,-1.965209100600912,0.8837492199861793,-3.697325743139189,-0.2330924580626354,-2.223718059555001,0.02616741938984285,-0.1891419081373067,0.2670458166308706,-0.7125420909559005,0.3342582746812871,-0.7082751211892296,0.4787744237176724,2.894800709857874,1.1870757153928209,0.5681750607658256,5.221426358949922,2.4385982059282054,0.014744351807985135,0.929591609256962,0.7925503581787088,0.2408312063893604,-1.965209100600912,4.0,baseline
XLB,213,baseline_thr4.0,d0_p1,car_adj,surprise_bps,high_inflation,HC1,0.018580453310458656,30,184,-0.7056532144779952,0.5915441560522735,-1.8650584556055925,0.4537520266496022,-1.1929003224158945,0.23290841295781284,0.2557167648969138,0.3885439030292783,-0.5058152914530949,1.0172488212469226,0.6581412368157648,0.5104473802715259,-0.6605938103514586,1.1562734517170725,-2.926848131996734,1.6056605112938167,-0.5713127888307675,0.5677876341814525,-1.3662470248294538,0.9935007833847527,0.16907420664009365,-0.7056532144779952,4.0,baseline
XLE,213,baseline_thr4.0,d0_p1,car_adj,surprise_bps,high_inflation,HC1,0.01720521475728054,30,184,1.3899840408043205,1.0924448527872694,-0.7511685257548891,3.53113660736353,1.2723608310826016,0.2032449441973314,-0.16016500633175568,0.5565792074245409,-1.251040207427704,0.9307101947641927,-0.2877667799932506,0.7735252679192302,-1.792217520137437,2.321597737797433,-6.34246547281007,2.758030432535196,-0.7719759073498088,0.440128697117961,-0.40223347933311654,2.0485068464041714,0.8443327289542484,1.3899840408043205,4.0,baseline
XLF,213,baseline_thr4.0,d0_p1,car_adj,surprise_bps,high_inflation,HC1,0.003251900539343655,30,184,-0.20201423330938245,0.7269805810230195,-1.6268699895745036,1.2228415229557386,-0.2778811959806472,0.7811035590721915,-0.04443193089863651,0.5280836571157648,-1.0794568796697346,0.9905930178724616,-0.08413805331774599,0.9329466697224558,-0.5047559908822145,2.044172810911475,-4.511261078444711,3.501749096680283,-0.24692432468913872,0.804966790725747,-0.7067702241915969,1.9105344057841909,0.7114322175466155,-0.20201423330938245,4.0,baseline
XLI,213,baseline_thr4.0,d0_p1,car_adj,surprise_bps,high_inflation,HC1,0.019847252844210073,30,184,-0.11662625611920215,0.28369301683125336,-0.672654351773974,0.4394018395355698,-0.4111002005684684,0.6809990629197509,0.10073902365558096,0.21947357362011172,-0.3294212761981381,0.5308993235093,0.4590029769595442,0.646232028293561,-1.112039301833777,0.7373836728747643,-2.55728474345618,0.3332061397886254,-1.5080877740327236,0.13153206386695981,-1.2286655579529793,0.6806268825306999,0.07104387138689318,-0.11662625611920215,4.0,baseline
XLK,213,baseline_thr4.0,d0_p1,car_adj,surprise_bps,high_inflation,HC1,0.05942226191372402,30,184,-1.759965791190033,1.154540477934955,-4.022823546636206,0.50289196425614,-1.5243863899323473,0.12741221792273041,-0.14661313236287177,0.34325608292122994,-0.8193826923627768,0.5261564276370333,-0.4271246444204061,0.6692885437370903,2.7538964772124594,1.5402387815265821,-0.26491606217149827,5.7727090165964166,1.7879672361469698,0.07378129398625775,0.9939306860224262,1.0194958503732199,0.3295980995655823,-1.759965791190033,4.0,baseline
XLP,213,baseline_thr4.0,d0_p1,car_adj,surprise_bps,high_inflation,HC1,0.03270338219378499,30,184,1.3388616158882667,1.1537410392418317,-0.9224292685115366,3.60015250028807,1.1604524502032838,0.24586464260955831,0.1558567046530551,0.23487469626008473,-0.30448924089649554,0.6162026502026057,0.6635738422859723,0.50696310363252,-1.374484351276922,1.5622146915963693,-4.436368882925153,1.6874001803713097,-0.8798306395853873,0.3789510636593365,-0.03562273538865544,1.053278860040739,0.9730200481296544,1.3388616158882667,4.0,baseline
XLRE,72,baseline_thr4.0,d0_p1,car_adj,surprise_bps,high_inflation,HC1,0.022796072916419052,17,55,0.14308758439195357,2.576015719986009,-4.90581045038964,5.191985619173548,0.055546083543593715,0.9557034172365997,-0.42094909154217547,0.48687160638479743,-1.3751999051515398,0.533301722067189,-0.8645997959664949,0.3872584845545536,1.8696568391238546,2.9984588908122443,-4.007214595992062,7.746528274239772,0.623539260402329,0.532930210967281,2.0127444235158083,1.5345679295084842,0.1896540051325717,0.14308758439195357,4.0,baseline
XLU,213,baseline_thr4.0,d0_p1,car_adj,surprise_bps,high_inflation,HC1,0.018002387439850054,30,184,0.9914405293711743,1.0883753188745264,-1.1417358972851948,3.1246169560275434,0.910936247981449,0.36232896533764136,-0.11603658044343215,0.3430495236586596,-0.7884012917280261,0.5563281308411618,-0.3382502304795229,0.7351746257972422,-1.9968721080917198,1.7380342799951407,-5.4033567007781995,1.4096124845947597,-1.1489256173343732,0.2505866533850075,-1.0054315787205454,1.355065431520929,0.4580993952262671,0.9914405293711743,4.0,baseline
XLV,213,baseline_thr4.0,d0_p1,car_adj,surprise_bps,high_inflation,HC1,0.013761734498593303,30,184,0.3536366431703908,0.521439069864229,-0.6683651538955631,1.3756384402363446,0.6781936061340202,0.49764894602691756,-0.21073424853988576,0.29716170997430885,-0.7931604976738681,0.37169200059409657,-0.7091568040785093,0.47822717580138907,0.8393759247819786,1.2548561586996556,-1.6200969520476247,3.298848801611582,0.6689021040083046,0.5035579279791825,1.1930125679523693,1.1413874344172459,0.2959166083968874,0.3536366431703908,4.0,baseline
XLY,213,baseline_thr4.0,d0_p1,car_adj,surprise_bps,high_inflation,HC1,0.04893931656989925,30,184,-0.8689933243784457,0.5369862979689592,-1.9214671285890998,0.18348047983220844,-1.6182783949334183,0.10560261460778708,0.31520041819740385,0.30920520322298783,-0.2908306439520405,0.9212314803468482,1.0193891141284983,0.3080182721276671,-0.785369451385925,1.3160434818876374,-3.364767277974386,1.7940283752025352,-0.5967655797051993,0.5506639015390278,-1.6543627757643706,1.201505789421145,0.16854073410694803,-0.8689933243784457,4.0,baseline
GLD,164,baseline_thr4.0,m1_p1,car_raw,surprise_bps,high_inflation,HC1,0.04990066687227579,30,134,-3.26130402182679,1.3456225518148215,-5.8986757601687225,-0.6239322834848574,-2.423639539504088,0.015365848784171156,0.35974616081720795,0.6295525041193029,-0.8741540736336297,1.5936463952680455,0.5714315461590707,0.5677071502364878,4.3157252183877155,2.778028129712036,-1.1291098638870407,9.76056030066247,1.5535210648983147,0.12029870077586194,1.0544211965609258,2.4303786201986535,0.6643969423413602,-3.26130402182679,4.0,baseline
IEF,183,baseline_thr4.0,m1_p1,car_raw,surprise_bps,high_inflation,HC1,0.0806180398670685,30,153,-1.378558163857076,0.4144227047510278,-2.190811739544767,-0.5663045881693852,-3.3264542411721156,0.0008795846036582758,-0.02844531861804024,0.18908434176375108,-0.3990438185154551,0.34215318127937466,-0.15043719830371183,0.8804196951918675,1.8553253390717637,0.9243483458334419,0.043635872069042875,3.6670148060744845,2.0071711573182975,0.04473144160477165,0.4767671752146877,0.8262406950954806,0.5639179577266684,-1.378558163857076,4.0,baseline
QQQ,212,baseline_thr4.0,m1_p1,car_adj,surprise_bps,high_inflation,HC1,0.06842178791158193,30,183,-1.8756060576856186,1.188659149212561,-4.20533518003626,0.4541230646650234,-1.5779174870509618,0.11458456706400538,-0.21266160247078536,0.3134295535669639,-0.8269722391525022,0.40164903421093145,-0.6784988845199961,0.49745543085210453,3.7328456089502726,1.5567297732251322,0.6817113197678079,6.7839798981327375,2.3978764157743346,0.01649042790970674,1.8572395512646542,1.0052348053260183,0.06466487800375863,-1.8756060576856186,4.0,baseline
SPY,214,baseline_thr4.0,m1_p1,car_raw,surprise_bps,high_inflation,HC1,0.0684790615282912,30,185,-2.8788764626368923,0.6209828863113952,-4.095980554822958,-1.6617723704508265,-4.635999680663122,3.552165131634464e-06,-0.12090573652262948,0.8587765783857356,-1.8040769009252098,1.562265427879951,-0.14078834887404487,0.8880371476344007,0.17660008308440206,3.2356839332919463,-6.165223891522715,6.5184240576915204,0.05457890409732673,0.9564739457941248,-2.7022763795524902,3.175536296607552,0.3947877222627876,-2.8788764626368923,4.0,baseline
TLT,183,baseline_thr4.0,m1_p1,car_raw,surprise_bps,high_inflation,HC1,0.04560071966092538,30,153,-1.9778282778411715,1.1203566795675737,-4.1736870196324976,0.218030463950155,-1.7653559030902175,0.07750396960760768,-0.19345626153302065,0.30148729080113845,-0.784360493299806,0.39744797023376466,-0.6416730238244926,0.5210855081657797,3.69374033369627,1.6068671008664053,0.544338688055826,6.843141979336714,2.2987217372890676,0.021520745375880383,1.7159120558550987,1.1518779407537632,0.13631238670294893,-1.9778282778411715,4.0,baseline
XLB,213,baseline_thr4.0,m1_p1,car_adj,surprise_bps,high_inflation,HC1,0.013052428759192103,30,184,-0.4084664217670706,0.8013628794254488,-1.9791088039882645,1.1621759604541233,-0.5097146776500651,0.6102513685405535,0.3235407907234596,0.45711306382949063,-0.572384351245101,1.21946593269202,0.7077916085201728,0.47907467824428174,-1.3724025736231058,1.4671430296760488,-4.247950071957141,1.5031449247109299,-0.93542520794727,0.3495692109443487,-1.7808689953901766,1.228953296511291,0.14731129996545672,-0.4084664217670706,4.0,baseline
XLE,213,baseline_thr4.0,m1_p1,car_adj,surprise_bps,high_inflation,HC1,0.02768365105962478,30,184,1.2400858801393164,1.15544436378082,-1.0245434590108873,3.50471521928952,1.0732545148963593,0.28315693718036417,0.10737953125839553,0.7332696361970923,-1.3298025466446932,1.5445616091614844,0.1464393532170388,0.88357456276937,-5.064479097138733,2.823551709588267,-10.598538756418233,0.46958056214076793,-1.793655515477434,0.07286816969170026,-3.8243932169994164,2.576313757857525,0.13769119829568213,1.2400858801393164,4.0,baseline
XLF,213,baseline_thr4.0,m1_p1,car_adj,surprise_bps,high_inflation,HC1,0.0410971980474405,30,184,-0.27911215546694523,0.4851449572304532,-1.2299787989198583,0.6717544879859678,-0.5753170290799531,0.5650769066290057,-0.022808680246326582,0.575617616495349,-1.1509984774439996,1.1053811169513466,-0.039624708474346834,0.9683923283915322,-3.381384389217231,1.8500770580454986,-7.007468791610227,0.24470001317576512,-1.8276992163718153,0.06759470582032152,-3.660496544684176,1.7853345600139343,0.04033379373410539,-0.27911215546694523,4.0,baseline
XLI,213,baseline_thr4.0,m1_p1,car_adj,surprise_bps,high_inflation,HC1,0.017663358067215307,30,184,-0.10348336575332012,0.4056153454892442,-0.89847483448901,0.6915081029823696,-0.2551268508554596,0.7986251262243164,0.2605406883685402,0.26580079723731254,-0.26041930127862584,0.7815006780157063,0.9802103344931807,0.3269823042578135,-1.1582093863405303,0.9410129325481074,-3.0025608431212403,0.6861420704401794,-1.230811337740376,0.21839343411112877,-1.2616927520938503,0.8491063129705428,0.13730380346169896,-0.10348336575332012,4.0,baseline
XLK,213,baseline_thr4.0,m1_p1,car_adj,surprise_bps,high_inflation,HC1,0.06849493259364836,30,184,-1.856213487327931,0.9875394389691277,-3.7917552210203125,0.07932824636445006,-1.8796347913614413,0.06015786825016791,-0.1305320862915758,0.3306463674960814,-0.7785870582028904,0.5175228856197389,-0.3947785281298237,0.6930063426034322,3.3497741769250062,1.4546896313798232,0.49863489073670547,6.200913463113307,2.3027414952752707,0.021293391999718386,1.4935606895970752,1.0681234854287713,0.1620219806016835,-1.856213487327931,4.0,baseline
XLP,213,baseline_thr4.0,m1_p1,car_adj,surprise_bps,high_inflation,HC1,0.024991307814377417,30,184,0.9976272853263675,1.121402436208739,-1.2002811018182362,3.1955356724709714,0.889624681661266,0.3736674487169189,0.1996398565851591,0.3413841955975407,-0.4694608716771979,0.868740584847516,0.5847952516832835,0.5586853975046149,0.4649495060244615,1.8037206235071157,-3.070277954221616,4.000176966270538,0.2577724620792014,0.7965825185018826,1.462576791350829,1.4127507436664135,0.30054338826016325,0.9976272853263675,4.0,baseline
XLRE,72,baseline_thr4.0,m1_p1,car_adj,surprise_bps,high_inflation,HC1,0.0040174945959230435,17,55,0.032402311980860715,2.6275482035409374,-5.117497534602296,5.182302158564017,0.012331766906195937,0.990160922954225,-0.27073902462322447,0.6562729353581901,-1.55701034195366,1.0155322927072112,-0.41254028626893874,0.6799434587822758,0.9611452885276949,3.549244785987056,-5.995246664323506,7.917537241378897,0.27080276128669367,0.7865427360089063,0.9935476005085555,2.386027868430102,0.6771156125271041,0.032402311980860715,4.0,baseline
XLU,213,baseline_thr4.0,m1_p1,car_adj,surprise_bps,high_inflation,HC1,0.014969007053001415,30,184,1.0005368042664027,0.9409542174806668,-0.8436995730967736,2.8447731816295794,1.0633214514360367,0.2876362003263132,-0.21688363499996044,0.4190723796280972,-1.038250405986528,0.6044831359866071,-0.5175326400476029,0.6047843899779296,-1.4441230331617438,1.901655171838649,-5.171298680979824,2.2830526146563357,-0.7594032054536303,0.4476113966100118,-0.4435862288953412,1.652542753814868,0.7883710616631399,1.0005368042664027,4.0,baseline
XLV,213,baseline_thr4.0,m1_p1,car_adj,surprise_bps,high_inflation,HC1,0.02242338377029718,30,184,0.5587675823679458,0.4640155443452959,-0.3506861728155826,1.468221337551474,1.2042001376405191,0.2285122328059599,-0.17013761662456098,0.4193683630437216,-0.9920845044457735,0.6518092711966516,-0.4056996941536649,0.6849632670295364,1.3219591532414205,1.6608463783075726,-1.9332399320952078,4.577158238578049,0.7959551048836417,0.4260581305037334,1.8807267356093664,1.594710088681739,0.23825749017310582,0.5587675823679458,4.0,baseline
XLY,213,baseline_thr4.0,m1_p1,car_adj,surprise_bps,high_inflation,HC1,0.042573488741893595,30,184,-1.1794892353407298,0.7758856583332147,-2.70019718179498,0.3412187111135206,-1.5201843501973613,0.1284646495278233,0.3188491222273704,0.3533499042876699,-0.3737039641171378,1.0114022085718786,0.9023608563589375,0.3668652075631358,-0.017139988016153657,1.681943414805256,-3.313688505068768,3.279408529036461,-0.010190585405715455,0.9918692299668899,-1.1966292233568834,1.4922918936319398,0.42262617552735704,-1.1794892353407298,4.0,baseline
GLD,152,ex_emergency_thr4.0,d0_p1,car_raw,surprise_bps,high_inflation,HC1,0.06563491382179554,27,125,-3.297681241669799,0.8257744795948387,-4.916169481027989,-1.6791930023116093,-3.993440489088239,6.512142860684162e-05,0.13296274817495216,0.6216702560856794,-1.0854885640127716,1.351414060362676,0.21387986134666714,0.8306407451714115,4.885335360459651,2.504852859717671,-0.024086031159144955,9.794756752078445,1.9503482376247403,0.051134626895832126,1.5876541187898516,2.364822267673762,0.5019893239883814,-3.297681241669799,4.0,ex_emergency
IEF,171,ex_emergency_thr4.0,d0_p1,car_raw,surprise_bps,high_inflation,HC1,0.11529660217648718,27,144,-1.4945383512992858,0.3737638858117494,-2.227102106212056,-0.7619745963865157,-3.998616260245185,6.371388284690323e-05,0.10606444599790506,0.16072977730337915,-0.20896012875986147,0.42108902075567156,0.6598929444026249,0.509322532302052,1.4902973563142943,0.7978411607701453,-0.07344258417882141,3.0540372968074103,1.8679123484626068,0.0617742893855275,-0.00424099498499142,0.7048766384850289,0.9951994380001351,-1.4945383512992858,4.0,ex_emergency
QQQ,198,ex_emergency_thr4.0,d0_p1,car_adj,surprise_bps,high_inflation,HC1,0.00372785582033508,27,171,-0.4001358789593751,0.4664655370561812,-1.3143915316186243,0.514119773699874,-0.857803732907245,0.3910008481654037,0.06149321624016457,0.24456039653407552,-0.4178363530114577,0.5408227854917869,0.2514438850756299,0.8014709418834585,0.36290824032029545,0.9714274996247361,-1.5410546725359842,2.266871153176575,0.3735824242781756,0.7087150120761629,-0.0372276386390796,0.8521040369380112,0.9651522464226855,-0.4001358789593751,4.0,ex_emergency
SPY,200,ex_emergency_thr4.0,d0_p1,car_raw,surprise_bps,high_inflation,HC1,0.06731997333918338,27,173,-2.383337986093617,0.5814496361644974,-3.52295833179995,-1.243717640387284,-4.098958599088966,4.150132560238479e-05,0.10738865100033092,0.43201937447633804,-0.7393537635968144,0.9541310655974762,0.2485736921648468,0.8036905604676028,1.674036876005085,2.0922708034969357,-2.4267385447535887,5.774812296763759,0.8001052603741201,0.4236498136521548,-0.709301110088532,2.0098540832035257,0.724154606033491,-2.383337986093617,4.0,ex_emergency
TLT,171,ex_emergency_thr4.0,d0_p1,car_raw,surprise_bps,high_inflation,HC1,0.06257307198780448,27,144,-2.204609874354777,0.9385816684808725,-4.0441961411267995,-0.365023607582754,-2.3488737830593,0.018830288663826307,-0.1457293868011413,0.26509201390029935,-0.6653001866349194,0.37384141303263674,-0.5497313353843616,0.5825036609477905,3.2848790191795687,1.282098032929632,0.7720130499878415,5.797744988371296,2.5621122057831434,0.010403770046392593,1.0802691448247919,0.873407017165361,0.21614461396463758,-2.204609874354777,4.0,ex_emergency
XLB,199,ex_emergency_thr4.0,d0_p1,car_adj,surprise_bps,high_inflation,HC1,0.03504185458923059,27,172,-1.0296843782527527,0.550509577537271,-2.1086633233701644,0.04929456686465876,-1.870420461818469,0.06142545269599243,0.045444698806167826,0.3467442122424444,-0.6341614690367356,0.7250508666490714,0.13106116036449594,0.895726925615981,-1.0254436541310972,1.2422628393285764,-3.460234078547575,1.4093467702853806,-0.8254643233837159,0.4091080294306705,-2.05512803238385,1.1136229914187439,0.06497308660716233,-1.0296843782527527,4.0,ex_emergency
XLE,199,ex_emergency_thr4.0,d0_p1,car_adj,surprise_bps,high_inflation,HC1,0.008139044826260489,27,172,-0.7059748710822988,0.6179461388186566,-1.917127047552454,0.5051773053878565,-1.1424537297569803,0.2532654685331851,0.10191062499448271,0.5676568537997935,-1.0106763640304313,1.2144976140193968,0.1795285731376468,0.8575226836586054,-0.5695410431990259,2.35004171015554,-5.175538157270801,4.03645607087275,-0.24235358918856384,0.8085061929594223,-1.2755159142813246,2.267341749492098,0.5737344942489205,-0.7059748710822988,4.0,ex_emergency
XLF,199,ex_emergency_thr4.0,d0_p1,car_adj,surprise_bps,high_inflation,HC1,0.021021012029887154,27,172,-0.8007282019225731,0.8285178110837071,-2.4245932721965993,0.823136868351453,-0.9664586460431249,0.3338147304115232,-0.3461997722731225,0.38564966025294867,-1.10205921701901,0.4096596724727649,-0.897705373436733,0.3693426439731736,1.4957684474851514,1.4227518522683928,-1.2927739418985504,4.284310836868853,1.0513206818886534,0.2931113313827385,0.6950402455625782,1.1566248613315404,0.5478925609335903,-0.8007282019225731,4.0,ex_emergency
XLI,199,ex_emergency_thr4.0,d0_p1,car_adj,surprise_bps,high_inflation,HC1,0.02186722803529173,27,172,-0.2793952297493205,0.29983953764580823,-0.8670699246762463,0.3082794651776053,-0.9318158370406842,0.3514317086338373,-0.0567665054871922,0.21917632162303896,-0.48634420213231605,0.37281119115793165,-0.25899926172145926,0.7956358101240083,-0.8288382767918416,0.8008517930906632,-2.398478948203865,0.7408023946201818,-1.0349458962852196,0.3006941788995381,-1.1082335065411624,0.7426034245550437,0.13560413904037122,-0.2793952297493205,4.0,ex_emergency
XLK,199,ex_emergency_thr4.0,d0_p1,car_adj,surprise_bps,high_inflation,HC1,0.0073288692374093856,27,172,-0.40163873127531735,0.42439005492459936,-1.2334279543245075,0.4301504917738728,-0.9463905353453107,0.3439494310346356,-0.1362511857655224,0.3008869492447534,-0.7259787697033703,0.45347639817232543,-0.4528318230734902,0.6506698466235856,0.9820083253331406,1.1131342293583228,-1.19969467416792,3.1637113248342015,0.8822011752340317,0.37766802653332143,0.5803695940578233,1.0290582558097683,0.5727668711335262,-0.40163873127531735,4.0,ex_emergency
XLP,199,ex_emergency_thr4.0,d0_p1,car_adj,surprise_bps,high_inflation,HC1,0.025279769785392592,27,172,0.9085365441241058,0.36745033467815597,0.18834712204773077,1.6287259662004807,2.472542431944929,0.013415578665950913,0.12619262093277656,0.23116387053128964,-0.3268802398354311,0.5792654817009841,0.5459011420891376,0.5851338932614172,-1.0980232864077386,1.2182789572257393,-3.4858061656932007,1.2897595928777237,-0.9012905294762321,0.3674338678536705,-0.18948674228363283,1.161543743973487,0.870413292770972,0.9085365441241058,4.0,ex_emergency
XLRE,65,ex_emergency_thr4.0,d0_p1,car_adj,surprise_bps,high_inflation,HC1,0.17458475775239868,17,48,-4.214490765761994,1.6005549632442564,-7.351520848997567,-1.0774606825264217,-2.6331434174677772,0.008459861629849286,-0.7139337047061918,0.477711256416846,-1.6502305622925886,0.22236315288020514,-1.4944879257423662,0.13504813546661035,6.227235189277803,2.2207404027095143,1.874663980954179,10.579806397601427,2.804125678841158,0.0050453234197947,2.0127444235158087,1.5394517679552653,0.19106252520638567,-4.214490765761994,4.0,ex_emergency
XLU,199,ex_emergency_thr4.0,d0_p1,car_adj,surprise_bps,high_inflation,HC1,0.01917450259710507,27,172,0.574501425605732,0.593856322286641,-0.5894355780674954,1.7384384292789594,0.9674081154741554,0.33334005468095174,-0.15530675280508546,0.34517515956616174,-0.8318376339126288,0.5212241283024579,-0.44993606434566424,0.6527565422935041,-2.0968078844912683,1.553963753997646,-5.142520875607315,0.9489051066247787,-1.3493286951495038,0.17723141267292053,-1.5223064588855362,1.4360146298762562,0.28910311509101483,0.574501425605732,4.0,ex_emergency
XLV,199,ex_emergency_thr4.0,d0_p1,car_adj,surprise_bps,high_inflation,HC1,0.04127258506765874,27,172,1.063738316119961,0.37188736776982273,0.33485246898570675,1.7926241632542153,2.860377652779954,0.004231367874073516,0.06701678629987763,0.24698430184218398,-0.41706355005757273,0.551097122657328,0.2713402665676277,0.7861293394438038,-0.4513863305595017,0.8859963573735258,-2.187907281445291,1.2851346203262874,-0.5094674789607543,0.6104245880334443,0.6123519855604592,0.8041699639829808,0.4463758837941324,1.063738316119961,4.0,ex_emergency
XLY,199,ex_emergency_thr4.0,d0_p1,car_adj,surprise_bps,high_inflation,HC1,0.044849602397590616,27,172,-0.996435610915625,0.40289823557124704,-1.7861016420700038,-0.20676957976124635,-2.4731694580464825,0.013392062487292222,0.14600581888044334,0.2927194265861504,-0.4277137148036278,0.7197253525645144,0.4987910115267744,0.6179266204388061,0.17342660188142278,1.2196851967617057,-2.21711245624817,2.5639656600110152,0.1421896423289179,0.8869302128879792,-0.8230090090342023,1.1512189153124683,0.4746694378983961,-0.996435610915625,4.0,ex_emergency
GLD,152,ex_emergency_thr4.0,m1_p1,car_raw,surprise_bps,high_inflation,HC1,0.07273950241496807,27,125,-4.209968855035099,0.9872746885547419,-6.144991687450391,-2.2749460226198055,-4.264232542209722,2.0059045511454806e-05,0.0464657828372988,0.647687144391125,-1.2229776934188998,1.3159092590934973,0.07174109172875456,0.9428079539240195,5.59628969492048,2.9623613965498086,-0.20983195150892156,11.402411341349882,1.8891313198444812,0.05887423466904427,1.386320839885382,2.7930044276921007,0.6196441886316746,-4.209968855035099,4.0,ex_emergency
IEF,171,ex_emergency_thr4.0,m1_p1,car_raw,surprise_bps,high_inflation,HC1,0.10631437905870844,27,144,-1.618215049057489,0.380637305211951,-2.364250458445293,-0.8721796396696848,-4.2513306680657985,2.1250414680464325e-05,0.03786775883847829,0.18133227688073175,-0.31753697308240103,0.39327249075935766,0.20883076907143877,0.8345803506170785,2.1410932664623825,1.021342631092124,0.1392984936464406,4.142888039278325,2.0963516074648783,0.03605101185836338,0.5228782174048936,0.9477636899391991,0.5811560864839764,-1.618215049057489,4.0,ex_emergency
QQQ,198,ex_emergency_thr4.0,m1_p1,car_adj,surprise_bps,high_inflation,HC1,0.009598094826620551,27,171,-0.4631157139278105,0.6016952544577437,-1.6424167423336515,0.7161853144780307,-0.7696848371276866,0.4414868666780758,-0.11395418126739784,0.2674162093432942,-0.638080320462478,0.41017195792768224,-0.42613041874776464,0.6700128159482963,1.697453741290126,1.0833751862261942,-0.42592260545758903,3.820830088037841,1.5668198449357138,0.11715680742642984,1.2343380273623155,0.9009243114122703,0.1706620526333127,-0.4631157139278105,4.0,ex_emergency
SPY,200,ex_emergency_thr4.0,m1_p1,car_raw,surprise_bps,high_inflation,HC1,0.056674154751719885,27,173,-2.341738975220615,0.5819833796818297,-3.4824054389979007,-1.201072511443329,-4.023721393041918,5.7285681374772507e-05,0.3716528940989771,0.7879434539161453,-1.1726878974307633,1.9159936856287176,0.4716745754429851,0.6371590873001555,-0.8959623377910833,3.707352230986231,-8.162239188528314,6.370314512946148,-0.24167175978116845,0.8090345134306058,-3.2377013130116983,3.6613871565805076,0.3765436258780237,-2.341738975220615,4.0,ex_emergency
TLT,171,ex_emergency_thr4.0,m1_p1,car_raw,surprise_bps,high_inflation,HC1,0.07807941999957835,27,144,-2.6945651647518267,0.9961112788368593,-4.646907395866206,-0.7422229336374473,-2.705084484032969,0.0068287019722984834,-0.16534614215875895,0.29934355067963864,-0.7520487204951911,0.42135643617767315,-0.5523624670828955,0.5807000402197828,4.241316680969398,1.6103699707345063,1.085049536544945,7.397583825393851,2.63375296239217,0.008444690463011165,1.5467515162175711,1.2653275318341297,0.22155187631084727,-2.6945651647518267,4.0,ex_emergency
XLB,199,ex_emergency_thr4.0,m1_p1,car_adj,surprise_bps,high_inflation,HC1,0.023709992565262628,27,172,-1.0954305560754778,0.7296090768453658,-2.5254380694859115,0.33457695733495607,-1.5013938160032574,0.133253732421685,0.0294210410687663,0.4598050297781796,-0.8717802572068328,0.9306223393443654,0.06398590524979615,0.9489814497898219,-0.7604240377078421,1.589377646393,-3.875546982471159,2.3546989070554756,-0.4784413820299915,0.6323360860345524,-1.8558545937833195,1.4120169608891406,0.18873557085547032,-1.0954305560754778,4.0,ex_emergency
XLE,199,ex_emergency_thr4.0,m1_p1,car_adj,surprise_bps,high_inflation,HC1,0.03632455671336132,27,172,-0.9821972975688699,0.7345782194962379,-2.4219441516090545,0.457549556471315,-1.3370901443857743,0.1811932138400909,0.3334172607174493,0.7730359980509379,-1.1817054542153644,1.848539975650263,0.43130884144864795,0.6662438224592786,-3.9431669083397436,2.9791683654100094,-9.782229608424425,1.895895791744938,-1.3235797459862808,0.18564265545916525,-4.925364205908614,2.887185305605007,0.08801929610125389,-0.9821972975688699,4.0,ex_emergency
XLF,199,ex_emergency_thr4.0,m1_p1,car_adj,surprise_bps,high_inflation,HC1,0.02769115982774517,27,172,-0.4992103972358078,0.5802307531010207,-1.6364417760363605,0.638020981564745,-0.8603652849625727,0.3895877157304648,-0.01885170497025833,0.3322761222148903,-0.6701009374340726,0.6323975274935559,-0.056735057712231626,0.9547562469650994,-1.9393907222281799,1.352834399218819,-4.590897421743946,0.7121159772875866,-1.4335758488607786,0.15169333959528336,-2.438601119463988,1.222085588191582,0.045994675374563004,-0.4992103972358078,4.0,ex_emergency
XLI,199,ex_emergency_thr4.0,m1_p1,car_adj,surprise_bps,high_inflation,HC1,0.02451959547298499,27,172,-0.6518754202219127,0.41692456005134493,-1.4690325421927557,0.16528170174893025,-1.5635332688043928,0.1179272168443011,-0.02695528455932389,0.24367570311883344,-0.5045508865797119,0.45064031746106414,-0.1106195004849482,0.9119180832400011,-0.24632168762129275,0.9776585768234579,-2.162497287371956,1.6698539121293703,-0.2519506231118276,0.8010792298114812,-0.8981971078432054,0.8843020999988982,0.3097660923278034,-0.6518754202219127,4.0,ex_emergency
XLK,199,ex_emergency_thr4.0,m1_p1,car_adj,surprise_bps,high_inflation,HC1,0.008039755474404275,27,172,-0.4610549064759627,0.5287700498244832,-1.4974251602353996,0.5753153472834742,-0.8719383910435217,0.38324198846259594,-0.050981138660177144,0.28934669170046295,-0.6180902334388991,0.5161279561185448,-0.17619395736155077,0.860141567852897,1.3921805520202466,1.1637554104527665,-0.8887381392808036,3.673099243321297,1.1962827751568603,0.23158622821573316,0.931125645544284,1.0366913184582478,0.36909461399988486,-0.4610549064759627,4.0,ex_emergency
XLP,199,ex_emergency_thr4.0,m1_p1,car_adj,surprise_bps,high_inflation,HC1,0.020870111815795567,27,172,0.6920170652100257,0.40686654760345564,-0.10542671460689879,1.4894608450269502,1.7008453245570987,0.08897203574041707,0.12543791353050693,0.35696040133688905,-0.574191616996759,0.8250674440577729,0.3514056827051867,0.7252840197304498,0.5846627646040469,1.647421068447309,-2.644223196925174,3.813548726133268,0.354895767573915,0.7226676793515326,1.2766798298140727,1.5963883578895575,0.423867186383044,0.6920170652100257,4.0,ex_emergency
XLRE,65,ex_emergency_thr4.0,m1_p1,car_adj,surprise_bps,high_inflation,HC1,0.10182369166799421,17,48,-4.345457565533758,1.8174715876714744,-7.907636420294679,-0.7832787107728376,-2.390935624529412,0.016805499257047104,-0.6805439850380317,0.6450519712003641,-1.9448226167473135,0.5837346466712501,-1.0550219446219524,0.29141528846412534,5.339005166042314,3.005432906333517,-0.5515350883229214,11.22954542040755,1.7764512908576762,0.07565856355688177,0.9935476005085555,2.3936215203075153,0.6780823674651526,-4.345457565533758,4.0,ex_emergency
XLU,199,ex_emergency_thr4.0,m1_p1,car_adj,surprise_bps,high_inflation,HC1,0.015671280531068588,27,172,0.5247274148272376,0.6656336688299948,-0.7798906029768137,1.829345432631289,0.788312610072095,0.4305138734442445,-0.3243483774471192,0.4376849394988222,-1.1821950954404032,0.5334983405461649,-0.7410544621857889,0.4586604189569664,-1.7149323079911318,1.8853977542633582,-5.410244002880013,1.980379386897749,-0.9095864806846401,0.363040631011882,-1.1902048931638942,1.7639888068525926,0.49985138232387727,0.5247274148272376,4.0,ex_emergency
XLV,199,ex_emergency_thr4.0,m1_p1,car_adj,surprise_bps,high_inflation,HC1,0.036952389171969635,27,172,1.103342303101633,0.5100595352718017,0.10364398399766404,2.1030406222056017,2.163163761880623,0.030528586372421035,0.07679069768003244,0.3995968360111785,-0.7064047092380356,0.8599861045981004,0.19217043469754666,0.8476087039537432,0.37073216320597063,1.5110546151645614,-2.590880461189601,3.3323447876015417,0.2453466337254766,0.806188046406056,1.4740744663076035,1.422366099317765,0.30003713049614267,1.103342303101633,4.0,ex_emergency
XLY,199,ex_emergency_thr4.0,m1_p1,car_adj,surprise_bps,high_inflation,HC1,0.07231843537074079,27,172,-1.625003370190841,0.5096316526173655,-2.6238630547025057,-0.6261436856791767,-3.1885840721335716,0.0014297142848712606,0.1649657994814258,0.3247910014166453,-0.4716128657978967,0.8015444647607484,0.5079137006933451,0.6115138660116124,1.4400760892928166,1.5127299233862193,-1.5248200788802084,4.404972257465841,0.9519717082539305,0.3411113303064248,-0.18492728089802446,1.4242989151714498,0.8966950652466645,-1.625003370190841,4.0,ex_emergency
GLD,152,ex_covid_thr4.0,d0_p1,car_raw,surprise_bps,high_inflation,HC1,0.06946598966907036,30,122,-3.312762516033286,0.8231651752116045,-4.926136612775633,-1.699388419290938,-4.0244201477324415,5.711586950258852e-05,0.2875503687858028,0.5701748727383639,-0.829971846671099,1.4050725842427045,0.5043196088329748,0.6140368001385212,4.788337961734325,2.2049842560517194,0.46664823339511097,9.11002769007354,2.1715973475059642,0.029886047271507944,1.4755754457010397,2.045569520635952,0.47069303693045494,-3.312762516033286,4.0,ex_covid
IEF,171,ex_covid_thr4.0,d0_p1,car_raw,surprise_bps,high_inflation,HC1,0.10830573027925883,30,141,-1.4947457634768486,0.3722743506002767,-2.224390083021428,-0.7651014439322694,-4.015172576532963,5.940231285090889e-05,0.04161514574552178,0.16974124566588283,-0.29107158245057413,0.3743018739416177,0.24516814155727754,0.8063262430708188,1.3690861986164584,0.7189842986235465,-0.040097132135483854,2.7782695293684005,1.904194849925783,0.05688481221831852,-0.12565956486039026,0.6151018042180789,0.8381263539423155,-1.4947457634768486,4.0,ex_covid
QQQ,200,ex_covid_thr4.0,d0_p1,car_adj,surprise_bps,high_inflation,HC1,0.07946443353740784,30,171,-2.24984069420339,1.250475655906025,-4.7007279433233,0.20104655491652024,-1.7991879198746024,0.0719889596843858,-0.02144650299039956,0.3654762276738264,-0.7377667464366603,0.6948737404558613,-0.05868097940843295,0.9532062094607048,3.2946683944701407,1.7314893870343957,-0.09898844373060975,6.688325232670891,1.9027944491840494,0.05706737180827035,1.0448277002667503,1.1976502542057688,0.38299128493912427,-2.24984069420339,4.0,ex_covid
SPY,202,ex_covid_thr4.0,d0_p1,car_raw,surprise_bps,high_inflation,HC1,0.0994449945406819,30,173,-2.8176989150422673,0.5366271220489158,-3.8694687473855223,-1.7659290826990124,-5.250757554489431,1.5147494426937107e-07,-0.1810765178509291,0.5158370772541616,-1.1920986111594913,0.8299455754576333,-0.351034320399791,0.7255626007825926,2.306527331235898,1.8649192178316423,-1.3486471697907287,5.961701832262524,1.2367974490164335,0.21616228938197335,-0.5111715838063697,1.7860445181795672,0.7747225241179923,-2.8176989150422673,4.0,ex_covid
TLT,171,ex_covid_thr4.0,d0_p1,car_raw,surprise_bps,high_inflation,HC1,0.06234223902221758,30,141,-2.1857668233693435,0.9376526430733159,-4.0235322338018324,-0.3480014129368544,-2.331105062750233,0.01974782040779464,-0.1534725742482066,0.2633940976843009,-0.6697155194498612,0.362770370953448,-0.5826727918260184,0.5601135926994122,3.115358432626305,1.228134812708287,0.7082584315582178,5.522458433694393,2.536658354107157,0.01119161144430614,0.9295916092569613,0.7931725153607162,0.24120038617818418,-2.1857668233693435,4.0,ex_covid
XLB,201,ex_covid_thr4.0,d0_p1,car_adj,surprise_bps,high_inflation,HC1,0.015720764365500184,30,172,-0.549830288304192,0.6468352089648698,-1.8176040018077766,0.7179434251993927,-0.8500314773898676,0.39530758600222893,0.2735995298911658,0.389173164279765,-0.48916585584666344,1.0363649156289951,0.7030277393291261,0.4820384626333881,-0.8164167365252613,1.1859884875731446,-3.140911458247754,1.508077985197232,-0.6883850434297826,0.4912103399022687,-1.3662470248294534,0.9940688633587756,0.16931791726619305,-0.549830288304192,4.0,ex_covid
XLE,201,ex_covid_thr4.0,d0_p1,car_adj,surprise_bps,high_inflation,HC1,0.010417494898383617,30,172,0.9255005201244575,1.095686173605653,-1.2220049185011235,3.0730059587500387,0.8446766441150266,0.39829140322259804,-0.14195575943834327,0.5505960500565876,-1.2211041875792676,0.9371926687025812,-0.2578219720678231,0.7965443063573706,-1.327733999457575,2.324157656321036,-5.882999300239826,3.2275313013246762,-0.571275358987168,0.5678130021813022,-0.40223347933311737,2.049678174837478,0.8444205516008755,0.9255005201244575,4.0,ex_covid
XLF,201,ex_covid_thr4.0,d0_p1,car_adj,surprise_bps,high_inflation,HC1,0.011218794397766185,30,172,-0.5927525888411802,0.7129493905491778,-1.9901077171173502,0.8046025394349896,-0.8314090687202759,0.4057425776985243,-0.10656313352141866,0.5275804313492,-1.140601777913957,0.9274755108711198,-0.20198462109161444,0.8399287469848812,-0.1140176353504164,2.040248518421682,-4.112831250968118,3.884795980267285,-0.05588418975479488,0.9554340658936983,-0.7067702241915966,1.9116268421000533,0.7115897451613211,-0.5927525888411802,4.0,ex_covid
XLI,201,ex_covid_thr4.0,d0_p1,car_adj,surprise_bps,high_inflation,HC1,0.026082114655874733,30,172,-0.22454222795873754,0.2888151094796372,-0.7906094407298191,0.34152498481234406,-0.7774601140615491,0.436887357836548,0.08230268506428458,0.21876955453972655,-0.34647776274745057,0.5110831328760197,0.37620721602438134,0.7067628512097515,-1.0041233299942416,0.7397276828036375,-2.45396294665664,0.4457162866681571,-1.3574229454121813,0.17464686159761666,-1.2286655579529788,0.6810160623966984,0.0712053951810613,-0.22454222795873754,4.0,ex_covid
XLK,201,ex_covid_thr4.0,d0_p1,car_adj,surprise_bps,high_inflation,HC1,0.08853415987009239,30,172,-2.248242523568179,1.212536102216674,-4.6247696138674375,0.12828456673107946,-1.854165430174078,0.06371549619287263,-0.14261461104057238,0.3459019868200764,-0.8205700473887706,0.5353408253076258,-0.4122977504455749,0.6801211972783063,3.2421732095906055,1.58455184377541,0.13650866415426366,6.347837755026947,2.046113683390559,0.040745187038064304,0.9939306860224265,1.0200787942278018,0.3298745570425855,-2.248242523568179,4.0,ex_covid
XLP,201,ex_covid_thr4.0,d0_p1,car_adj,surprise_bps,high_inflation,HC1,0.10849008312816677,30,172,2.2737676122711235,0.8743730864392233,0.5600278537991183,3.987507370743129,2.600454711535967,0.009310030681348997,0.1820224536051882,0.23093994115879782,-0.2706115136578548,0.6346564208682313,0.7881809127162928,0.4305908921789231,-2.309390347659781,1.3693771252878675,-4.993320194476994,0.3745394991574329,-1.686453136256607,0.09170855424960019,-0.035622735388657345,1.0538811208919203,0.9730354604748085,2.2737676122711235,4.0,ex_covid
XLRE,60,ex_covid_thr4.0,d0_p1,car_adj,surprise_bps,high_inflation,HC1,0.2006206991063495,17,43,-4.182828271605822,1.579128824481536,-7.277863894538705,-1.0877926486729392,-2.6488201638515085,0.008077330058352965,-0.8208271732625201,0.4799818927848357,-1.7615743963521637,0.11992004982712356,-1.710121122486754,0.08724347760714408,6.1955726951216334,2.2082982324129494,1.8673876924687902,10.523757697774476,2.805586946628986,0.005022502914734742,2.012744423515811,1.5436752375320784,0.19227954713139872,-4.182828271605822,4.0,ex_covid
XLU,201,ex_covid_thr4.0,d0_p1,car_adj,surprise_bps,high_inflation,HC1,0.06486771985042783,30,172,1.7992527395048339,0.8486873620798037,0.13585607569411434,3.4626494033155533,2.120041866884365,0.034002514724903204,-0.1664766798681829,0.33778732982354875,-0.828527680756291,0.49557432101992516,-0.49284465452018567,0.62212235588173,-2.8046843182253802,1.5995540096015344,-5.9397525683710235,0.33038393192026255,-1.7534164532050134,0.07953054884108364,-1.0054315787205466,1.3558402527873146,0.45835634402533876,1.7992527395048339,4.0,ex_covid
XLV,201,ex_covid_thr4.0,d0_p1,car_adj,surprise_bps,high_inflation,HC1,0.02458240626059316,30,172,0.6499659994232071,0.5196807979618407,-0.3685896480390371,1.6685216468854513,1.250702358009643,0.21104308985322306,-0.22310579408976777,0.29743061196830045,-0.8060590814473445,0.359847493267809,-0.7501103958779668,0.4531882188439005,0.5430465685291632,1.2547205528035834,-1.9161605256280474,3.002253662686374,0.4328028000464043,0.6651580389773304,1.1930125679523704,1.1420400754165652,0.29619269534386017,0.6499659994232071,4.0,ex_covid
XLY,201,ex_covid_thr4.0,d0_p1,car_adj,surprise_bps,high_inflation,HC1,0.08393936494358745,30,172,-1.2405583945835903,0.4283374903823405,-2.0800844489612493,-0.40103234020593126,-2.89621717089543,0.003776909244634666,0.316983809880441,0.308597680975692,-0.2878565305444967,0.9218241503053788,1.027174957628439,0.3043380877533032,-0.41380438118077895,1.276221198753018,-2.915151967043229,2.087543204681671,-0.32424189598566666,0.7457549055146315,-1.6543627757643693,1.20219280586749,0.16878417251959654,-1.2405583945835903,4.0,ex_covid
GLD,152,ex_covid_thr4.0,m1_p1,car_raw,surprise_bps,high_inflation,HC1,0.07461450024422422,30,122,-4.1828699125232145,0.9940566035056572,-6.131185053988515,-2.2345547710579146,-4.207879005855234,2.5777881992447346e-05,0.4139468027500867,0.6272395914498496,-0.8154202061692362,1.6433138116694097,0.659950054800046,0.5092858810846048,5.2372911090841425,2.628035361867611,0.0864364497259365,10.38814576844235,1.9928541240640938,0.04627742305749788,1.0544211965609278,2.4327805762652375,0.6647080494153914,-4.1828699125232145,4.0,ex_covid
IEF,171,ex_covid_thr4.0,m1_p1,car_raw,surprise_bps,high_inflation,HC1,0.10110771086547765,30,141,-1.623741199343423,0.3791975201405632,-2.3669546818458285,-0.8805277168410175,-4.2820459341124515,1.8518274163393964e-05,-0.008623672233023433,0.1898223822686906,-0.38066870493925153,0.3634213604732047,-0.04543021813316388,0.9637643952587758,2.10050837455811,0.9096904268821571,0.3175479007882145,3.883468848328005,2.309036472723279,0.020941557414750935,0.4767671752146867,0.8268892994109239,0.5642237499244491,-1.623741199343423,4.0,ex_covid
QQQ,200,ex_covid_thr4.0,m1_p1,car_adj,surprise_bps,high_inflation,HC1,0.07320018858587651,30,171,-2.0065422298528506,1.326788189521652,-4.606999296428392,0.5939148367226907,-1.5123304877896682,0.13044980878840892,-0.1649583672201148,0.3161165333696837,-0.7845353875423491,0.45461865310211946,-0.5218277116407689,0.6017902933241673,3.863781781117501,1.6649418063933163,0.6005558042315409,7.127007758003461,2.320670768360022,0.02030461954060309,1.85723955126465,1.005815250839881,0.06481939555030927,-2.0065422298528506,4.0,ex_covid
SPY,202,ex_covid_thr4.0,m1_p1,car_raw,surprise_bps,high_inflation,HC1,0.07348637533366553,30,173,-2.874405609853218,0.6312421950572568,-4.111617577687449,-1.637193642018987,-4.5535701389424625,5.274307534441334e-06,-0.1749136228396454,0.857078652651459,-1.85475691395462,1.504929668275329,-0.20408118006268447,0.8382900609737415,0.17212923030072505,3.23943218906608,-6.177041190628539,6.521299651229989,0.05313561768068665,0.9576238527205573,-2.702276379552493,3.177334448674982,0.3950553056700862,-2.874405609853218,4.0,ex_covid
TLT,171,ex_covid_thr4.0,m1_p1,car_raw,surprise_bps,high_inflation,HC1,0.08191159415214799,30,141,-2.701051216160263,0.9959678062524334,-4.6531122461763985,-0.7489901861441273,-2.7119864710523256,0.006688132247119704,-0.15917482088749663,0.29708676654526756,-0.74145418359968,0.42310454182468676,-0.5357856317145749,0.5921067135327267,4.416963272015362,1.5234364470329786,1.4310827030950621,7.4028438409356605,2.8993419979007142,0.0037394676366360093,1.7159120558550987,1.1527821724233867,0.13662004405231332,-2.701051216160263,4.0,ex_covid
XLB,201,ex_covid_thr4.0,m1_p1,car_adj,surprise_bps,high_inflation,HC1,0.012878147043196897,30,172,-0.35662401842824176,0.886925126132421,-2.0949653226314315,1.3817172857749482,-0.4020903320028353,0.6876175476613476,0.31426368029923507,0.4585726974782285,-0.5845222910514745,1.2130496516499445,0.6853083099526553,0.49314938907383876,-1.424244976961936,1.516143158064986,-4.3958309621761265,1.5473410082522545,-0.9393868708148001,0.3475321513762174,-1.780868995390178,1.2296560073379292,0.1475426707001168,-0.35662401842824176,4.0,ex_covid
XLE,201,ex_covid_thr4.0,m1_p1,car_adj,surprise_bps,high_inflation,HC1,0.027479487398688218,30,172,0.7325858298951993,1.2222573003966806,-1.6629944587234484,3.128166118513847,0.5993712041298018,0.5489253750418153,0.04367185347828356,0.7293050738478157,-1.3857398250057598,1.473083531962327,0.05988146119410734,0.9522500452190006,-4.556979046894619,2.8528754142317525,-10.148512111168642,1.0345540173794041,-1.5973284441941753,0.11019251356286124,-3.8243932169994195,2.57778688427787,0.13791624379943196,0.7325858298951993,4.0,ex_covid
XLF,201,ex_covid_thr4.0,m1_p1,car_adj,surprise_bps,high_inflation,HC1,0.048602778953393266,30,172,-0.24136391529557782,0.5298754876345175,-1.279900787349831,0.7971729567586752,-0.45551062641731216,0.6487419244275048,-0.11253608837467863,0.5748700231168754,-1.2392606294754627,1.0141884527261054,-0.19575918703243844,0.8447986559677833,-3.4191326293886006,1.8632857200172888,-7.07110553353027,0.23284027475306834,-1.835001788859776,0.06650542440427473,-3.6604965446841784,1.7863554075335704,0.04044819589237314,-0.24136391529557782,4.0,ex_covid
XLI,201,ex_covid_thr4.0,m1_p1,car_adj,surprise_bps,high_inflation,HC1,0.025443316095707713,30,172,-0.34120175981641854,0.40498736952185543,-1.1349624182728695,0.4525588986400326,-0.8424997555337471,0.39950827648105536,0.18803120259075642,0.26390513001802135,-0.3292133475799257,0.7052757527614386,0.7124954432599181,0.47615803216015995,-0.9204909922774319,0.9411806654013406,-2.7651711994095027,0.9241892148546389,-0.9780173202824071,0.3280657577799785,-1.2616927520938503,0.84959182873488,0.13752858214338337,-0.34120175981641854,4.0,ex_covid
XLK,201,ex_covid_thr4.0,m1_p1,car_adj,surprise_bps,high_inflation,HC1,0.07358847930224077,30,172,-1.9915769256929277,1.103834432050771,-4.155052657407664,0.17189880602180885,-1.8042351895046929,0.07119444499301265,-0.07716078389616568,0.33302731020823295,-0.7298823177725505,0.5755607499802192,-0.23169506383100874,0.8167748655660051,3.485137615290005,1.5364385171940416,0.47377345712955876,6.4965017734504515,2.2683222115876283,0.023309575092466596,1.4935606895970774,1.0687342343803612,0.16226197407611098,-1.9915769256929277,4.0,ex_covid
XLP,201,ex_covid_thr4.0,m1_p1,car_adj,surprise_bps,high_inflation,HC1,0.08184212350651432,30,172,1.9835888069431367,0.8457025011456408,0.3260423630622369,3.641135250824036,2.3454924211008534,0.019001964906297752,0.2184349249599918,0.33861659343158945,-0.4452414027335657,0.8821112526535494,0.6450803923881602,0.5188750896289906,-0.5210120155923063,1.647228123967709,-3.7495198128904956,2.707495781705883,-0.31629621180661666,0.7517776862199798,1.4625767913508305,1.4135585491751608,0.3008196907412286,1.9835888069431367,4.0,ex_covid
XLRE,60,ex_covid_thr4.0,m1_p1,car_adj,surprise_bps,high_inflation,HC1,0.12250770063514416,17,43,-4.295318133945549,1.8197730185981795,-7.8620077104357176,-0.728628557455379,-2.360359281101084,0.018257243463853712,-0.7432651310058398,0.6443843168360297,-2.006235184206905,0.5197049221952257,-1.1534500632407094,0.24872570299246055,5.288865734454107,3.012055473136124,-0.6146545123294489,11.192385981237663,1.755899179687879,0.0791056250752276,0.9935476005085584,2.4001883955288483,0.6789138940154511,-4.295318133945549,4.0,ex_covid
XLU,201,ex_covid_thr4.0,m1_p1,car_adj,surprise_bps,high_inflation,HC1,0.045631224556983874,30,172,1.626760635441224,0.8125258266090533,0.03423927877884286,3.219281992103605,2.0021032958795284,0.045273623135627036,-0.30424750740692086,0.4147192299611695,-1.1170822618269975,0.5085872470131558,-0.7336228595799809,0.4631786247934784,-2.070346864336567,1.8423408204392528,-5.681268519645477,1.5405747909723433,-1.1237588840065718,0.26111532846103547,-0.44358622889534294,1.6534876714841429,0.7884891266980638,1.626760635441224,4.0,ex_covid
XLV,201,ex_covid_thr4.0,m1_p1,car_adj,surprise_bps,high_inflation,HC1,0.030682769398143073,30,172,0.7932070485645867,0.4940999180571194,-0.1752109955915593,1.7616250927207324,1.605357579664463,0.10841513424159548,-0.1726545871804121,0.4197326645688883,-0.9953154928704644,0.6500063185096401,-0.41134417631695974,0.6808201810522128,1.087519687044782,1.6703724427746924,-2.1863501415618076,4.361389515651372,0.6510641933473706,0.5150050493631142,1.8807267356093689,1.5956219378527734,0.23852585467286336,0.7932070485645867,4.0,ex_covid
XLY,201,ex_covid_thr4.0,m1_p1,car_adj,surprise_bps,high_inflation,HC1,0.09851150324049296,30,172,-1.849377803134239,0.563918779978258,-2.9546383020973916,-0.7441173041710862,-3.2795109309988613,0.001039871816540994,0.3059185432209386,0.35207388396563016,-0.38413358924883056,0.9959706756907077,0.8689043895422891,0.38489942844346536,0.6527485797773572,1.5960848725450838,-2.4755202866802097,3.7810174462349244,0.4089685899575615,0.6825627119888089,-1.1966292233568816,1.4931451804680913,0.42289132622914627,-1.849377803134239,4.0,ex_covid
GLD,164,median_split_2.31,d0_p1,car_raw,surprise_bps,high_inflation,HC1,0.04951620548481228,80,84,-4.05199860362822,1.0864262038747134,-6.181354835083228,-1.9226423721732118,-3.729658387451318,0.00019173954876073565,0.3376634134268245,0.3477666011778405,-0.34394659990764753,1.0192734267612966,0.9709483667586313,0.3315739911198916,3.2239060995482816,1.5391499339960089,0.20722766210890253,6.240584536987661,2.094601720300396,0.03620641216994627,-0.8280925040799386,1.0902571361171176,0.44753036397698764,-4.05199860362822,2.3139594469439473,median_split
IEF,183,median_split_2.31,d0_p1,car_raw,surprise_bps,high_inflation,HC1,0.12087825839549837,88,95,-1.956980918126313,0.33024062135496274,-2.604240642214169,-1.309721194038457,-5.925924285440435,3.1054565719221225e-09,0.13796152709954562,0.11501667727695866,-0.08746701798475978,0.363390072183851,1.1994915030220883,0.2303368867440162,1.4079462988982265,0.48787411768018496,0.45173059925580783,2.3641619985406455,2.885880287302255,0.003903205924178027,-0.5490346192280865,0.3591131948415535,0.12629858796028368,-1.956980918126313,2.3139594469439473,median_split
QQQ,212,median_split_2.31,d0_p1,car_adj,surprise_bps,high_inflation,HC1,0.06720445907825578,108,105,-0.1204483954862571,0.44346089028508295,-0.9896157689970878,0.7487189780245737,-0.2716099618363769,0.7859219388906079,0.16224385585375642,0.22290180522166766,-0.2746356544696744,0.5991233661771872,0.7278714306167725,0.4666922932967249,-2.093611445234185,1.4247948441767,-4.886158025178875,0.6989351347105051,-1.4694125640551097,0.141720921561296,-2.214059840720442,1.3540246625449872,0.10201351840850689,-0.1204483954862571,2.3139594469439473,median_split
SPY,214,median_split_2.31,d0_p1,car_raw,surprise_bps,high_inflation,HC1,0.041398341473711575,108,107,-1.5195622591066624,0.8135296647394177,-3.1140511023508655,0.07492658413754111,-1.867863367457405,0.06178111811542322,-0.015516024857388816,0.2778403641295987,-0.5600731320028967,0.5290410822881191,-0.055845106977153836,0.9554652008167923,-0.37469088012195684,1.423458373133034,-3.164618024954681,2.415236264710767,-0.26322573753755907,0.7923765944016361,-1.8942531392286193,1.1680767203533837,0.10487069425266159,-1.5195622591066624,2.3139594469439473,median_split
TLT,183,median_split_2.31,d0_p1,car_raw,surprise_bps,high_inflation,HC1,0.0712738157003785,88,95,-3.361608009654324,0.7731465535265858,-4.876947409337701,-1.8462686099709464,-4.347957052024458,1.3741150309052297e-05,0.27489736771199635,0.25543173572755307,-0.22573963482256065,0.7755343702465534,1.076206787418168,0.28183478488231195,3.265121534393555,1.0720223850873714,1.1639962690015784,5.366246799785531,3.045758726509655,0.0023209399755700372,-0.09648647526076873,0.742614570890163,0.8966233387402542,-3.361608009654324,2.3139594469439473,median_split
XLB,213,median_split_2.31,d0_p1,car_adj,surprise_bps,high_inflation,HC1,0.017986084170411254,108,106,-0.6310809931149552,0.7435708367021375,-2.0884530530054586,0.8262910667755481,-0.8487167085706403,0.39603894656104877,0.17033497350172305,0.20809329435736298,-0.23752038886300048,0.5781903358664466,0.818550996694796,0.41304263506942807,-0.21735571471547055,1.028487952001851,-2.2331550591724585,1.7984436297415176,-0.2113352074687982,0.8326257116920524,-0.8484367078304258,0.7105560345384773,0.23245991024690704,-0.6310809931149552,2.3139594469439473,median_split
XLE,213,median_split_2.31,d0_p1,car_adj,surprise_bps,high_inflation,HC1,0.02746511591164391,108,106,-0.6801239118762502,0.6380972768935261,-1.930771593220644,0.5705237694681434,-1.0658624264741012,0.28648583615194256,0.1250988381067984,0.3176783994221261,-0.4975393834268987,0.7477370596404955,0.39379082221000805,0.6937354808932035,2.6046050365510824,1.4938632059237935,-0.32331304488909496,5.53252311799126,1.7435365073741238,0.08123994304705881,1.9244811246748323,1.3507254137070128,0.15422196784735262,-0.6801239118762502,2.3139594469439473,median_split
XLF,213,median_split_2.31,d0_p1,car_adj,surprise_bps,high_inflation,HC1,0.003663942722687663,108,106,-0.3632820125339578,1.514093987930433,-3.3308516980862297,2.604287673018314,-0.23993359423513497,0.8103817369702041,-0.11450664850934622,0.20649973661820034,-0.5192386950980259,0.29022539807933345,-0.5545123223137995,0.5792282749498261,0.10101631197577934,1.6366400157838037,-3.1067391746175415,3.3087717985691003,0.06172176593604892,0.9507844063035099,-0.26226570055817844,0.6213774512948864,0.6729728441726939,-0.3632820125339578,2.3139594469439473,median_split
XLI,213,median_split_2.31,d0_p1,car_adj,surprise_bps,high_inflation,HC1,0.008163081590123578,108,106,-0.42727688348306403,0.41683628441318693,-1.2442609883824052,0.38970722141627706,-1.0250472414717329,0.3053408975339592,0.050646817415153686,0.1164169833583867,-0.17752627715608305,0.27881991198639045,0.43504663970924895,0.6635285740761736,0.20612095794299776,0.5271353982908294,-0.8270454376832046,1.2392873535692002,0.3910209001545318,0.6957817872236256,-0.22115592554006624,0.32267513094107536,0.4931025105719353,-0.42727688348306403,2.3139594469439473,median_split
XLK,213,median_split_2.31,d0_p1,car_adj,surprise_bps,high_inflation,HC1,0.042895656334520305,108,106,-0.5972964492203686,0.5441585577835869,-1.6638276243554568,0.4692347259147196,-1.0976514853560657,0.27235670187024896,0.006568553899241492,0.21471996650235275,-0.41427484720701674,0.4274119550054997,0.030591258028952413,0.975595513970815,-1.0731741290681676,1.5278342993216314,-4.067674330083554,1.921326071947219,-0.7024152616187921,0.4824202303821964,-1.670470578288536,1.4276446021942952,0.24196534259272917,-0.5972964492203686,2.3139594469439473,median_split
XLP,213,median_split_2.31,d0_p1,car_adj,surprise_bps,high_inflation,HC1,0.032850753995719684,108,106,0.41166006362976626,0.5645975019044823,-0.6949307058643036,1.518250833123836,0.7291212983429216,0.4659274674581645,-0.06912277294555236,0.21821715216430745,-0.4968205319964917,0.35857498610538696,-0.3167614106406544,0.7514246472987319,1.0734379810169703,1.555091638777352,-1.9744856236460107,4.121361585679952,0.6902731351966701,0.49002243883044483,1.4850980446467366,1.4489788355384796,0.3053974663848257,0.41166006362976626,2.3139594469439473,median_split
XLRE,72,median_split_2.31,d0_p1,car_adj,surprise_bps,high_inflation,HC1,0.06800642335774298,33,39,-2.157232377441091,1.2135738836746706,-4.535793482021846,0.22132872713966462,-1.7775863558542035,0.07547181632377994,-0.6506052956144321,0.415014854761592,-1.4640194639962738,0.16280887276740952,-1.5676674898496745,0.11695875254939758,3.3605888301191578,2.1645144869557686,-0.8817816083293413,7.602959268567658,1.5525832006999316,0.12052274162471686,1.2033564526780671,1.7923061661178772,0.5019650012951744,-2.157232377441091,2.3139594469439473,median_split
XLU,213,median_split_2.31,d0_p1,car_adj,surprise_bps,high_inflation,HC1,0.018950537551326585,108,106,0.36020536071457215,1.0019705277953384,-1.60362078733488,2.324031508764025,0.3594969619586929,0.7192233501294489,-0.3809877534495818,0.24361275648455666,-0.8584599823338394,0.09648447543467575,-1.5639072392899662,0.11783935417511839,0.4044508841813196,1.6792159065681933,-2.8867518149591156,3.695653583321755,0.24085698723989235,0.8096659600170463,0.7646562448958918,1.3475240711397967,0.5704066173337443,0.36020536071457215,2.3139594469439473,median_split
XLV,213,median_split_2.31,d0_p1,car_adj,surprise_bps,high_inflation,HC1,0.01277083856893868,108,106,0.7047254029442541,0.528700841364526,-0.3315092047262411,1.7409600106147494,1.3329379259647587,0.18255217522843337,0.14960952582622214,0.1676560514015766,-0.17899029671106406,0.47820934836350837,0.8923598317836515,0.37220009394331466,-0.3597383668360047,0.8417246861593717,-2.009488436606653,1.2900117029346438,-0.42738245978910505,0.6691007809210079,0.34498703610824943,0.6549624933005974,0.598382539461596,0.7047254029442541,2.3139594469439473,median_split
XLY,213,median_split_2.31,d0_p1,car_adj,surprise_bps,high_inflation,HC1,0.045127120731365156,108,106,-1.1906929818943193,0.39810817425455736,-1.9709706653842478,-0.41041529840439084,-2.99087800476302,0.0027817660131904337,0.16997468691261583,0.1538225865017975,-0.1315120426397043,0.471461416464936,1.1050047381086625,0.2691575360683691,0.3578158597294033,0.811523105110926,-1.232740198910124,1.9483719183689308,0.4409188813921619,0.6592717239239447,-0.8328771221649159,0.7071630870743905,0.23888737945195382,-1.1906929818943193,2.3139594469439473,median_split
