ticker,n,spec,window,dep,shock,cov_type,alpha,r2,beta,se,ci_low,ci_high,t,p,sample,dep_mode
TLT,183,baseline,m5_p5,car_raw,surprise_bps,HC1,0.2585264190616967,0.1048504152985057,-4.3730222496251345,1.168228588672771,-6.662708209133822,-2.0833362901164465,-3.7432933006658757,0.00018162401630272487,baseline,auto
QQQ,212,baseline,m5_p5,car_adj,surprise_bps,HC1,0.06328796232606484,0.05477150509362927,-3.088585804463685,1.2512650674472503,-5.5410202717733785,-0.6361513371539926,-2.468370519417454,0.013572974614904776,baseline,auto
GLD,164,baseline,m5_p5,car_raw,surprise_bps,HC1,0.05628871128082463,0.02588435696206448,-3.039129553569277,1.9736804792878144,-6.907472209963146,0.8292131028245917,-1.5398285515120058,0.12360215037990473,baseline,auto
XLK,213,baseline,m5_p5,car_adj,surprise_bps,HC1,0.20552446092793136,0.05269791184993067,-2.674496549046965,1.152053211660475,-4.932479352175196,-0.4165137459187347,-2.321504355855374,0.020259639281406137,baseline,auto
IEF,183,baseline,m5_p5,car_raw,surprise_bps,HC1,0.2125616264532601,0.1282467019373007,-2.3148098363271545,0.5492213406922954,-3.3912638836248563,-1.2383557890294528,-4.214712111166927,2.5009700633406243e-05,baseline,auto
SPY,214,baseline,m5_p5,car_raw,surprise_bps,HC1,0.13621471948587274,0.002361576130098575,-0.9271581801891973,2.501308891166909,-5.829633521086156,3.975317160707762,-0.3706692058159438,0.710883929158028,baseline,auto
XLY,213,baseline,m5_p5,car_adj,surprise_bps,HC1,-0.03542300131671319,0.001718920318682371,-0.4024914250272485,0.8300834011118639,-2.029424995371017,1.2244421453165202,-0.48488070534614613,0.6277609698248354,baseline,auto
XLV,213,baseline,m5_p5,car_adj,surprise_bps,HC1,0.11915538807283142,0.00016117343547539242,0.1175913733768001,0.9406086043266162,-1.7259676146518539,1.9611503614054542,0.12501626376359168,0.9005106747317404,baseline,auto
XLI,213,baseline,m5_p5,car_adj,surprise_bps,HC1,-0.005268703702631147,0.0038977974421194883,0.5085177815836976,0.9317956178217162,-1.3177680702991146,2.33480363346651,0.5457396148443727,0.5852449368184993,baseline,auto
XLB,213,baseline,m5_p5,car_adj,surprise_bps,HC1,-0.16032938222132764,0.002829630073559297,0.6499209535838579,0.8936046277166962,-1.1015119331591898,2.4013538403269057,0.7273025826248356,0.4670406163850698,baseline,auto
XLRE,72,baseline,m5_p5,car_adj,surprise_bps,HC1,-0.8435045112457047,0.00410535720104066,1.0328434685206465,3.431982607931898,-5.693718838593722,7.759405775635014,0.30094659166790905,0.7634552211846217,baseline,auto
XLF,213,baseline,m5_p5,car_adj,surprise_bps,HC1,-0.1339002629957401,0.011431460920505954,1.3050644433084764,1.2411081725504522,-1.127462875808733,3.737591762425686,1.0515315845729991,0.2930145110514515,baseline,auto
XLU,213,baseline,m5_p5,car_adj,surprise_bps,HC1,-0.07302486500751473,0.016233337647970303,1.6483699658572062,1.0888746813948798,-0.485785193354284,3.782525125068696,1.5138289043010873,0.1300692396537169,baseline,auto
XLP,213,baseline,m5_p5,car_adj,surprise_bps,HC1,0.04213002261541593,0.01960073818529784,1.6620610020763218,1.094038956944998,-0.482215951219641,3.8063379553722845,1.5191972749466551,0.12871284705159736,baseline,auto
XLE,213,baseline,m5_p5,car_adj,surprise_bps,HC1,-0.3317624541592824,0.017856333478621034,2.884228851123109,2.5034430908366154,-2.022429444262292,7.79088714650851,1.1521048198300528,0.2492780027883965,baseline,auto
TLT,183,baseline,m5_p5,car_raw,surprise_bps,HC1,0.2585264190616967,0.1048504152985057,-4.3730222496251345,1.168228588672771,-6.662708209133822,-2.0833362901164465,-3.7432933006658757,0.00018162401630272487,baseline,car_raw
QQQ,212,baseline,m5_p5,car_raw,surprise_bps,HC1,0.17497672814232473,0.026591373784204286,-4.0337308201577535,2.7600358045650952,-9.443301593146373,1.3758399528308645,-1.4614777147042688,0.14388438698284534,baseline,car_raw
XLK,213,baseline,m5_p5,car_raw,surprise_bps,HC1,0.30269386929776676,0.022571257310770032,-3.6319857816944205,2.8718299717429265,-9.260669096033238,1.9966975326443968,-1.264693877224964,0.205981085656876,baseline,car_raw
GLD,164,baseline,m5_p5,car_raw,surprise_bps,HC1,0.05628871128082463,0.02588435696206448,-3.039129553569277,1.9736804792878144,-6.907472209963146,0.8292131028245917,-1.5398285515120058,0.12360215037990473,baseline,car_raw
IEF,183,baseline,m5_p5,car_raw,surprise_bps,HC1,0.2125616264532601,0.1282467019373007,-2.3148098363271545,0.5492213406922954,-3.3912638836248563,-1.2383557890294528,-4.214712111166927,2.5009700633406243e-05,baseline,car_raw
XLY,213,baseline,m5_p5,car_raw,surprise_bps,HC1,0.061746407053122204,0.0036574564727547276,-1.359980657674703,2.540574452680134,-6.339415084970327,3.6194537696209195,-0.5353043900130601,0.5924393911993141,baseline,car_raw
SPY,214,baseline,m5_p5,car_raw,surprise_bps,HC1,0.13621471948587274,0.002361576130098575,-0.9271581801891973,2.501308891166909,-5.829633521086156,3.975317160707762,-0.3706692058159438,0.710883929158028,baseline,car_raw
XLV,213,baseline,m5_p5,car_raw,surprise_bps,HC1,0.2163247964426669,0.0023674494124982237,-0.8398978592706571,2.219402082770288,-5.189846008713605,3.510050290172291,-0.3784342935383232,0.7051079965464584,baseline,car_raw
XLI,213,baseline,m5_p5,car_raw,surprise_bps,HC1,0.09190070466720421,0.00039570762809160165,-0.44897145106375785,3.254058912821683,-6.82680972376582,5.928866821638304,-0.13797274821753075,0.8902619553028175,baseline,car_raw
XLB,213,baseline,m5_p5,car_raw,surprise_bps,HC1,-0.06315997385149219,0.00017215378914636759,-0.3075682790635988,2.9020623835361183,-5.995506031682857,5.380369473555659,-0.1059826559237612,0.9155961132433857,baseline,car_raw
XLF,213,baseline,m5_p5,car_raw,surprise_bps,HC1,-0.03673085462590481,0.00018501967691486598,0.34757521066102187,3.4060694093714075,-6.328198160550551,7.023348581872595,0.10204583902627139,0.9187202906838247,baseline,car_raw
XLU,213,baseline,m5_p5,car_raw,surprise_bps,HC1,0.02414454336232061,0.001235962500483856,0.6908807332097507,2.996237195007508,-5.18163625814428,6.563397724563782,0.23058279042825228,0.8176389386101998,baseline,car_raw
XLP,213,baseline,m5_p5,car_raw,surprise_bps,HC1,0.13929943098525133,0.0023542934472324806,0.7045717694288646,1.7893390660234598,-2.802468356107654,4.211611894965383,0.39376090468681857,0.6937575708552783,baseline,car_raw
XLE,213,baseline,m5_p5,car_raw,surprise_bps,HC1,-0.23459304578944695,0.00359113962059876,1.9267396184756522,4.635494882834723,-7.158663402400123,11.012142639351428,0.41564917385852057,0.6776667382034698,baseline,car_raw
XLRE,72,baseline,m5_p5,car_raw,surprise_bps,HC1,-0.9878150767467728,0.08573772713367,9.598814537976134,9.456347290870042,-8.935285577432058,28.13291465338433,1.0150657799173306,0.31007447239191055,baseline,car_raw
GLD,164,baseline,m5_p5,car_adj,surprise_bps,HC1,-0.0036937804371299093,0.043456321023315536,-5.827663871741321,3.135366187179428,-11.972868676957669,0.3175409334750273,-1.8586868403348704,0.06307153984568388,baseline,car_adj
TLT,183,baseline,m5_p5,car_adj,surprise_bps,HC1,0.1850084566939963,0.042574782263659516,-5.543220006127211,3.2826156094785737,-11.977028375794214,0.8905883635397918,-1.6886594915716382,0.09128470276561787,baseline,car_adj
IEF,183,baseline,m5_p5,car_adj,surprise_bps,HC1,0.13904366408555952,0.02342510865486347,-3.485007592829233,3.1990784246225,-9.755086088808467,2.785070903150001,-1.089378605415237,0.27598696203460493,baseline,car_adj
QQQ,212,baseline,m5_p5,car_adj,surprise_bps,HC1,0.06328796232606484,0.05477150509362927,-3.088585804463685,1.2512650674472503,-5.5410202717733785,-0.6361513371539926,-2.468370519417454,0.013572974614904776,baseline,car_adj
XLK,213,baseline,m5_p5,car_adj,surprise_bps,HC1,0.20552446092793136,0.05269791184993067,-2.674496549046965,1.152053211660475,-4.932479352175196,-0.4165137459187347,-2.321504355855374,0.020259639281406137,baseline,car_adj
XLY,213,baseline,m5_p5,car_adj,surprise_bps,HC1,-0.03542300131671319,0.001718920318682371,-0.4024914250272485,0.8300834011118639,-2.029424995371017,1.2244421453165202,-0.48488070534614613,0.6277609698248354,baseline,car_adj
SPY,214,baseline,m5_p5,car_adj,surprise_bps,HC1,0.0,,0.0,0.0,0.0,0.0,,,baseline,car_adj
XLV,213,baseline,m5_p5,car_adj,surprise_bps,HC1,0.11915538807283142,0.00016117343547539242,0.1175913733768001,0.9406086043266162,-1.7259676146518539,1.9611503614054542,0.12501626376359168,0.9005106747317404,baseline,car_adj
XLI,213,baseline,m5_p5,car_adj,surprise_bps,HC1,-0.005268703702631147,0.0038977974421194883,0.5085177815836976,0.9317956178217162,-1.3177680702991146,2.33480363346651,0.5457396148443727,0.5852449368184993,baseline,car_adj
XLB,213,baseline,m5_p5,car_adj,surprise_bps,HC1,-0.16032938222132764,0.002829630073559297,0.6499209535838579,0.8936046277166962,-1.1015119331591898,2.4013538403269057,0.7273025826248356,0.4670406163850698,baseline,car_adj
XLRE,72,baseline,m5_p5,car_adj,surprise_bps,HC1,-0.8435045112457047,0.00410535720104066,1.0328434685206465,3.431982607931898,-5.693718838593722,7.759405775635014,0.30094659166790905,0.7634552211846217,baseline,car_adj
XLF,213,baseline,m5_p5,car_adj,surprise_bps,HC1,-0.1339002629957401,0.011431460920505954,1.3050644433084764,1.2411081725504522,-1.127462875808733,3.737591762425686,1.0515315845729991,0.2930145110514515,baseline,car_adj
XLU,213,baseline,m5_p5,car_adj,surprise_bps,HC1,-0.07302486500751473,0.016233337647970303,1.6483699658572062,1.0888746813948798,-0.485785193354284,3.782525125068696,1.5138289043010873,0.1300692396537169,baseline,car_adj
XLP,213,baseline,m5_p5,car_adj,surprise_bps,HC1,0.04213002261541593,0.01960073818529784,1.6620610020763218,1.094038956944998,-0.482215951219641,3.8063379553722845,1.5191972749466551,0.12871284705159736,baseline,car_adj
XLE,213,baseline,m5_p5,car_adj,surprise_bps,HC1,-0.3317624541592824,0.017856333478621034,2.884228851123109,2.5034430908366154,-2.022429444262292,7.79088714650851,1.1521048198300528,0.2492780027883965,baseline,car_adj
SPY,202,baseline,m5_p5,car_raw,surprise_orth_bps,HC1,0.3145800165759819,0.09273537642730822,-5.598429214912473,1.5965656740453174,-8.72764043499421,-2.4692179948307356,-3.5065448956618153,0.00045396484731395604,baseline,auto
TLT,171,baseline,m5_p5,car_raw,surprise_orth_bps,HC1,0.234705067259824,0.06354230452822185,-3.690016694975072,1.1134509437062203,-5.8723404431913995,-1.507692946758745,-3.314036164622147,0.000919596124218415,baseline,auto
GLD,152,baseline,m5_p5,car_raw,surprise_orth_bps,HC1,0.06659527730800974,0.02736797877081354,-3.5438656704284908,2.3750062096167404,-8.198792304336289,1.1110609634793065,-1.4921500651572492,0.13565980956803225,baseline,auto
XLRE,60,baseline,m5_p5,car_adj,surprise_orth_bps,HC1,-0.35377920643321725,0.03323398902899921,-3.293386530066831,2.491732745180896,-8.177092969720507,1.5903199095868445,-1.3217254283937006,0.18625959797617364,baseline,auto
QQQ,200,baseline,m5_p5,car_adj,surprise_orth_bps,HC1,0.0205034768664306,0.030374521715028302,-2.5908295481016212,1.4373678102063112,-5.408018688643195,0.22635959243995293,-1.8024819602226578,0.07146961043705903,baseline,auto
XLK,201,baseline,m5_p5,car_adj,surprise_orth_bps,HC1,0.14207575348336743,0.03605840903027202,-2.499720993757977,1.3848025013215979,-5.21388402204929,0.21444203453333532,-1.8051101087500545,0.07105745352793742,baseline,auto
IEF,171,baseline,m5_p5,car_raw,surprise_orth_bps,HC1,0.20857284283556593,0.07609639621712938,-1.9684946103190963,0.543315948058327,-3.0333743007396516,-0.903614919898541,-3.623112145619866,0.0002910795432772307,baseline,auto
XLE,201,baseline,m5_p5,car_adj,surprise_orth_bps,HC1,-0.035593801854357954,0.0017819439460128317,-0.8461469432592686,1.443683459166627,-3.67571452830206,1.983420641783522,-0.5861028176825624,0.5578064229171324,baseline,auto
XLI,201,baseline,m5_p5,car_adj,surprise_orth_bps,HC1,0.06523174874085814,0.004820371428172154,-0.5776382970162152,0.6018611665966478,-1.7572645072389066,0.6019879132064759,-0.9597533934322329,0.33717934391964144,baseline,auto
XLY,201,baseline,m5_p5,car_adj,surprise_orth_bps,HC1,-0.025077345404201083,0.0010947779331553775,-0.3684361446075852,1.0078953810672395,-2.3438747916836484,1.6070025024684778,-0.3655499881520003,0.7147008994591775,baseline,auto
XLF,201,baseline,m5_p5,car_adj,surprise_orth_bps,HC1,-0.02452905771138611,9.81988455406313e-06,0.04160913332976108,1.0044404318562525,-1.927057937724352,2.0102762043838744,0.04142518760705946,0.9669569332214928,baseline,auto
XLB,201,baseline,m5_p5,car_adj,surprise_orth_bps,HC1,-0.16066451306778112,0.0011139195086538045,0.46654211239990145,1.1117573965458256,-1.712462344375932,2.645546569175735,0.4196438124445354,0.6747456771919969,baseline,auto
XLV,201,baseline,m5_p5,car_adj,surprise_orth_bps,HC1,0.10226924331108202,0.008661592784118155,0.9624960539272694,0.9173453845848464,-0.8354678612430743,2.7604599690976133,1.0492188330601961,0.294077412705275,baseline,auto
XLU,201,baseline,m5_p5,car_adj,surprise_orth_bps,HC1,0.029139480502652873,0.010532257038838977,1.4312275407265533,0.9008539274404275,-0.33441371238814366,3.1968687938412503,1.5887454082517711,0.11211788274779852,baseline,auto
XLP,201,baseline,m5_p5,car_adj,surprise_orth_bps,HC1,-0.014712396232822111,0.053636886495186054,3.073210541959951,1.060722587007747,0.9942324738366131,5.1521886100832885,2.897280193334382,0.003764134067280632,baseline,auto
QQQ,200,baseline,m5_p5,car_raw,surprise_orth_bps,HC1,0.3120261141853995,0.09142458792477981,-8.211900324221949,2.353814485753134,-12.825291942586759,-3.598508705857139,-3.488762761010218,0.00048526162223482976,baseline,car_raw
XLK,201,baseline,m5_p5,car_raw,surprise_orth_bps,HC1,0.415886497887679,0.09816404074260421,-8.101174102949555,2.2665585053988755,-12.543547142384284,-3.6588010635148263,-3.5742179536300513,0.00035127623649182675,baseline,car_raw
XLE,201,baseline,m5_p5,car_raw,surprise_orth_bps,HC1,0.23821694254995332,0.060672976501638276,-6.447600052450843,2.2934145141380498,-10.942609901782847,-1.952590203118839,-2.8113539932287774,0.00493334756277629,baseline,car_raw
XLI,201,baseline,m5_p5,car_raw,surprise_orth_bps,HC1,0.3390424931451699,0.0920424385851869,-6.1790914062077915,1.7317239841579908,-9.573208046321664,-2.7849747660939186,-3.5681733710076355,0.0003594786219924915,baseline,car_raw
XLY,201,baseline,m5_p5,car_raw,surprise_orth_bps,HC1,0.2487333990001106,0.0641978238925981,-5.9698892537991615,2.1123121215757705,-10.109944936195065,-1.829833571403259,-2.826234434211202,0.004709877990885605,baseline,car_raw
XLRE,60,baseline,m5_p5,car_raw,surprise_orth_bps,HC1,0.011230825760406127,0.05955802236610597,-5.744323837204299,4.0245619392524805,-13.63232029168984,2.14367261728124,-1.4273165437407198,0.15348867412246506,baseline,car_raw
SPY,202,baseline,m5_p5,car_raw,surprise_orth_bps,HC1,0.3145800165759819,0.09273537642730822,-5.598429214912473,1.5965656740453174,-8.72764043499421,-2.4692179948307356,-3.5065448956618153,0.00045396484731395604,baseline,car_raw
XLF,201,baseline,m5_p5,car_raw,surprise_orth_bps,HC1,0.24928168669292577,0.05014899428387776,-5.559843975861815,2.0761084492233257,-9.628941764338837,-1.4907461873847936,-2.6780123061209826,0.007406049724626821,baseline,car_raw
XLB,201,baseline,m5_p5,car_raw,surprise_orth_bps,HC1,0.11314623133653073,0.04958866195089762,-5.134910996791674,2.002884980811224,-9.06049342435787,-1.209328569225477,-2.5637573030838205,0.010354592024787121,baseline,car_raw
XLV,201,baseline,m5_p5,car_raw,surprise_orth_bps,HC1,0.37607998771539375,0.08024110724246247,-4.638957055264303,1.3649796778630816,-7.314268063505028,-1.9636460470235786,-3.3985539349030716,0.0006774310435209862,baseline,car_raw
XLU,201,baseline,m5_p5,car_raw,surprise_orth_bps,HC1,0.3029502249069647,0.06281177846568431,-4.170225568465024,1.4971031969890807,-7.1044939157033955,-1.2359572212266519,-2.7855297997172332,0.0053440327671306275,baseline,car_raw
TLT,171,baseline,m5_p5,car_raw,surprise_orth_bps,HC1,0.234705067259824,0.06354230452822185,-3.690016694975072,1.1134509437062203,-5.8723404431913995,-1.507692946758745,-3.314036164622147,0.000919596124218415,baseline,car_raw
GLD,152,baseline,m5_p5,car_raw,surprise_orth_bps,HC1,0.06659527730800974,0.02736797877081354,-3.5438656704284908,2.3750062096167404,-8.198792304336289,1.1110609634793065,-1.4921500651572492,0.13565980956803225,baseline,car_raw
XLP,201,baseline,m5_p5,car_raw,surprise_orth_bps,HC1,0.2590983481714897,0.034932614605500234,-2.528242567231624,1.1420939273786546,-4.766705531855691,-0.2897796026075573,-2.2136905788777566,0.026850071465793622,baseline,car_raw
IEF,171,baseline,m5_p5,car_raw,surprise_orth_bps,HC1,0.20857284283556593,0.07609639621712938,-1.9684946103190963,0.543315948058327,-3.0333743007396516,-0.903614919898541,-3.623112145619866,0.0002910795432772307,baseline,car_raw
XLRE,60,baseline,m5_p5,car_adj,surprise_orth_bps,HC1,-0.35377920643321725,0.03323398902899921,-3.293386530066831,2.491732745180896,-8.177092969720507,1.5903199095868445,-1.3217254283937006,0.18625959797617364,baseline,car_adj
QQQ,200,baseline,m5_p5,car_adj,surprise_orth_bps,HC1,0.0205034768664306,0.030374521715028302,-2.5908295481016212,1.4373678102063112,-5.408018688643195,0.22635959243995293,-1.8024819602226578,0.07146961043705903,baseline,car_adj
XLK,201,baseline,m5_p5,car_adj,surprise_orth_bps,HC1,0.14207575348336743,0.03605840903027202,-2.499720993757977,1.3848025013215979,-5.21388402204929,0.21444203453333532,-1.8051101087500545,0.07105745352793742,baseline,car_adj
XLE,201,baseline,m5_p5,car_adj,surprise_orth_bps,HC1,-0.035593801854357954,0.0017819439460128317,-0.8461469432592686,1.443683459166627,-3.67571452830206,1.983420641783522,-0.5861028176825624,0.5578064229171324,baseline,car_adj
XLI,201,baseline,m5_p5,car_adj,surprise_orth_bps,HC1,0.06523174874085814,0.004820371428172154,-0.5776382970162152,0.6018611665966478,-1.7572645072389066,0.6019879132064759,-0.9597533934322329,0.33717934391964144,baseline,car_adj
XLY,201,baseline,m5_p5,car_adj,surprise_orth_bps,HC1,-0.025077345404201083,0.0010947779331553775,-0.3684361446075852,1.0078953810672395,-2.3438747916836484,1.6070025024684778,-0.3655499881520003,0.7147008994591775,baseline,car_adj
SPY,202,baseline,m5_p5,car_adj,surprise_orth_bps,HC1,0.0,,0.0,0.0,0.0,0.0,,,baseline,car_adj
XLF,201,baseline,m5_p5,car_adj,surprise_orth_bps,HC1,-0.02452905771138611,9.81988455406313e-06,0.04160913332976108,1.0044404318562525,-1.927057937724352,2.0102762043838744,0.04142518760705946,0.9669569332214928,baseline,car_adj
XLB,201,baseline,m5_p5,car_adj,surprise_orth_bps,HC1,-0.16066451306778112,0.0011139195086538045,0.46654211239990145,1.1117573965458256,-1.712462344375932,2.645546569175735,0.4196438124445354,0.6747456771919969,baseline,car_adj
XLV,201,baseline,m5_p5,car_adj,surprise_orth_bps,HC1,0.10226924331108202,0.008661592784118155,0.9624960539272694,0.9173453845848464,-0.8354678612430743,2.7604599690976133,1.0492188330601961,0.294077412705275,baseline,car_adj
TLT,171,baseline,m5_p5,car_adj,surprise_orth_bps,HC1,-0.05888098201511255,0.002460945256495317,1.2876501343403302,2.6078936372284893,-3.823727470138674,6.399027738819335,0.4937510165133752,0.6214820307783445,baseline,car_adj
XLU,201,baseline,m5_p5,car_adj,surprise_orth_bps,HC1,0.029139480502652873,0.010532257038838977,1.4312275407265533,0.9008539274404275,-0.33441371238814366,3.1968687938412503,1.5887454082517711,0.11211788274779852,baseline,car_adj
GLD,152,baseline,m5_p5,car_adj,surprise_orth_bps,HC1,-0.2563612638941967,0.0023715250356806106,1.488499525725331,3.8988180894164026,-6.153043511804082,9.130042563254746,0.38178224569285774,0.7026228889393997,baseline,car_adj
IEF,171,baseline,m5_p5,car_adj,surprise_orth_bps,HC1,-0.08501320643937105,0.020110438052451718,3.0091722189963037,2.216418049539922,-1.3349273327864568,7.353271770779064,1.3576735758946465,0.1745672850292267,baseline,car_adj
XLP,201,baseline,m5_p5,car_adj,surprise_orth_bps,HC1,-0.014712396232822111,0.053636886495186054,3.073210541959951,1.060722587007747,0.9942324738366131,5.1521886100832885,2.897280193334382,0.003764134067280632,baseline,car_adj
SPY,214,baseline,m1_p1,car_raw,surprise_bps,HC1,0.24031295925177,0.06822001547253187,-2.8678724246479215,0.7305848294221987,-4.29979237796677,-1.4359524713290732,-3.9254475444228016,8.656863413858317e-05,baseline,auto
GLD,164,baseline,m1_p1,car_raw,surprise_bps,HC1,0.27375510753346044,0.02224626986601741,-1.944261039126519,1.2466654903080734,-4.38768050089931,0.49915842264627275,-1.559569150058094,0.11886173153815464,baseline,auto
XLK,213,baseline,m1_p1,car_adj,surprise_bps,HC1,0.28656605874329016,0.036345168382441506,-1.3069810404138376,0.8799060296688023,-3.0315651683443225,0.4176030875166471,-1.4853643415829154,0.13744733622175814,baseline,auto
QQQ,212,baseline,m1_p1,car_adj,surprise_bps,HC1,0.2992262862642325,0.03174418198589135,-1.2740541486667578,1.0491948948201462,-3.330438355277534,0.7823300579440187,-1.2143160007323113,0.22462707782780256,baseline,auto
TLT,183,baseline,m1_p1,car_raw,surprise_bps,HC1,0.3681023162571105,0.016079330377520074,-1.1380190523129208,0.9158315834450194,-2.9330159717694473,0.6569778671436063,-1.2426073449357515,0.21401256198384078,baseline,auto
XLY,213,baseline,m1_p1,car_adj,surprise_bps,HC1,0.08592630630468784,0.03640940286612748,-1.1320538325080551,0.6919209816468047,-2.4881940366833923,0.22408637166728193,-1.6361027668415449,0.10181808123769437,baseline,auto
IEF,183,baseline,m1_p1,car_raw,surprise_bps,HC1,0.21435455515670587,0.04787193220477648,-0.9437337533866448,0.3732200791847253,-1.6752316668958933,-0.21223583987739614,-2.528625350083439,0.011451018809917913,baseline,auto
XLF,213,baseline,m1_p1,car_adj,surprise_bps,HC1,-0.18743510227478122,0.012874485686580117,-0.8579368187270067,0.49909532340579504,-1.8361456774547356,0.12027204000072227,-1.7189838864297502,0.08561730603449835,baseline,auto
XLB,213,baseline,m1_p1,car_adj,surprise_bps,HC1,-0.05194500424384442,0.006131513942330913,-0.5908400732238602,0.7033285038262229,-1.969338610023699,0.7876584635759785,-0.8400627445206513,0.40087320737193866,baseline,auto
XLI,213,baseline,m1_p1,car_adj,surprise_bps,HC1,-0.043232096926078795,0.0035296680589729235,-0.25936831278263883,0.36381619935932297,-0.9724349605191562,0.45369833495387846,-0.7129102916235838,0.4759012703054587,baseline,auto
XLRE,72,baseline,m1_p1,car_adj,surprise_bps,HC1,-0.1789315695215536,0.0005996915550856574,0.23635106058779287,1.7425703444319465,-3.179024055026379,3.651726176201965,0.1356335836558954,0.8921109548568457,baseline,auto
XLE,213,baseline,m1_p1,car_adj,surprise_bps,HC1,-0.17963252214569303,0.0011872338266334381,0.39550096334209295,1.125337609692666,-1.8101202221039245,2.6011221487881104,0.3514509423088648,0.7252500702822187,baseline,auto
XLU,213,baseline,m1_p1,car_adj,surprise_bps,HC1,-0.3081260620380382,0.007954295737382044,0.7206211537304488,0.8470699539743429,-0.9396054484452644,2.380847755906162,0.850722127906187,0.39492372818386634,baseline,auto
XLV,213,baseline,m1_p1,car_adj,surprise_bps,HC1,0.03409021129476566,0.015445780739381187,0.7567847851052092,0.4650574614000468,-0.1547110899805089,1.6682806601909275,1.627293072187086,0.10367486856954382,baseline,auto
XLP,213,baseline,m1_p1,car_adj,surprise_bps,HC1,-0.19870065269008708,0.022513001912861874,1.1082481746231683,0.9634940516549905,-0.7801654659391876,2.996661815185524,1.150238730295775,0.2500455583185788,baseline,auto
XLK,213,baseline,m1_p1,car_raw,surprise_bps,HC1,0.5090901975930016,0.09668115848459535,-4.188672119065613,1.370360450170335,-6.874529247237565,-1.5028149908936612,-3.0566207004478008,0.0022384733640624576,baseline,car_raw
QQQ,212,baseline,m1_p1,car_raw,surprise_bps,HC1,0.5274423486376213,0.09086194008763404,-4.150906009114999,1.5445922511780978,-7.1782511922237155,-1.1235608260062826,-2.6873797961559127,0.007201501713768319,baseline,car_raw
XLY,213,baseline,m1_p1,car_raw,surprise_bps,HC1,0.30845044515439907,0.09867940860607405,-4.01374491115983,1.0278779420693644,-6.028348658118933,-1.9991411642007282,-3.904884760032111,9.427029656369351e-05,baseline,car_raw
XLF,213,baseline,m1_p1,car_raw,surprise_bps,HC1,0.03508903657493008,0.059673493767756214,-3.739627897378782,0.8823307640784049,-5.468964417424163,-2.0102913773334006,-4.238351477277147,2.251670659736667e-05,baseline,car_raw
XLB,213,baseline,m1_p1,car_raw,surprise_bps,HC1,0.17057913460586682,0.07352111939701089,-3.4725311518756365,0.860839200250226,-5.159744980846344,-1.78531732290493,-4.033890592884539,5.486086883346413e-05,baseline,car_raw
XLI,213,baseline,m1_p1,car_raw,surprise_bps,HC1,0.17929204192363246,0.07119695938102977,-3.141059391434415,0.7250851182256297,-4.5622001088826165,-1.7199186739862136,-4.331987117762069,1.4776958976916247e-05,baseline,car_raw
SPY,214,baseline,m1_p1,car_raw,surprise_bps,HC1,0.24031295925177,0.06822001547253187,-2.8678724246479215,0.7305848294221987,-4.29979237796677,-1.4359524713290732,-3.9254475444228016,8.656863413858317e-05,baseline,car_raw
XLE,213,baseline,m1_p1,car_raw,surprise_bps,HC1,0.04289161670401815,0.024277669440577854,-2.486190115309683,1.0552682771830462,-4.554477932616084,-0.4179022980032816,-2.3559792036451315,0.01847395191187821,baseline,car_raw
XLU,213,baseline,m1_p1,car_raw,surprise_bps,HC1,-0.08560192318832709,0.03147080412937586,-2.1610699249213274,0.9092431137433394,-3.9431536810493286,-0.3789861687933261,-2.3767789849122276,0.017464548957146497,baseline,car_raw
XLV,213,baseline,m1_p1,car_raw,surprise_bps,HC1,0.256614350144477,0.043492637323459205,-2.124906293546567,0.7184304098721374,-3.533004022294305,-0.7168085647988284,-2.957706500654318,0.0030993707411729973,baseline,car_raw
GLD,164,baseline,m1_p1,car_raw,surprise_bps,HC1,0.27375510753346044,0.02224626986601741,-1.944261039126519,1.2466654903080734,-4.38768050089931,0.49915842264627275,-1.559569150058094,0.11886173153815464,baseline,car_raw
XLP,213,baseline,m1_p1,car_raw,surprise_bps,HC1,0.023823486159624287,0.029184327688704825,-1.7734429040286068,0.9594841324514332,-3.6539972473710747,0.107111439313861,-1.8483295804981688,0.06455467900849333,baseline,car_raw
XLRE,72,baseline,m1_p1,car_raw,surprise_bps,HC1,-0.11356021836736968,0.007928559254256062,-1.4003131925086372,2.497036280103574,-6.294414369601513,3.493787984584239,-0.560790086898759,0.5749406453379378,baseline,car_raw
TLT,183,baseline,m1_p1,car_raw,surprise_bps,HC1,0.3681023162571105,0.016079330377520074,-1.1380190523129208,0.9158315834450194,-2.9330159717694473,0.6569778671436063,-1.2426073449357515,0.21401256198384078,baseline,car_raw
IEF,183,baseline,m1_p1,car_raw,surprise_bps,HC1,0.21435455515670587,0.04787193220477648,-0.9437337533866448,0.3732200791847253,-1.6752316668958933,-0.21223583987739614,-2.528625350083439,0.011451018809917913,baseline,car_raw
XLK,213,baseline,m1_p1,car_adj,surprise_bps,HC1,0.28656605874329016,0.036345168382441506,-1.3069810404138376,0.8799060296688023,-3.0315651683443225,0.4176030875166471,-1.4853643415829154,0.13744733622175814,baseline,car_adj
QQQ,212,baseline,m1_p1,car_adj,surprise_bps,HC1,0.2992262862642325,0.03174418198589135,-1.2740541486667578,1.0491948948201462,-3.330438355277534,0.7823300579440187,-1.2143160007323113,0.22462707782780256,baseline,car_adj
XLY,213,baseline,m1_p1,car_adj,surprise_bps,HC1,0.08592630630468784,0.03640940286612748,-1.1320538325080551,0.6919209816468047,-2.4881940366833923,0.22408637166728193,-1.6361027668415449,0.10181808123769437,baseline,car_adj
XLF,213,baseline,m1_p1,car_adj,surprise_bps,HC1,-0.18743510227478122,0.012874485686580117,-0.8579368187270067,0.49909532340579504,-1.8361456774547356,0.12027204000072227,-1.7189838864297502,0.08561730603449835,baseline,car_adj
XLB,213,baseline,m1_p1,car_adj,surprise_bps,HC1,-0.05194500424384442,0.006131513942330913,-0.5908400732238602,0.7033285038262229,-1.969338610023699,0.7876584635759785,-0.8400627445206513,0.40087320737193866,baseline,car_adj
XLI,213,baseline,m1_p1,car_adj,surprise_bps,HC1,-0.043232096926078795,0.0035296680589729235,-0.25936831278263883,0.36381619935932297,-0.9724349605191562,0.45369833495387846,-0.7129102916235838,0.4759012703054587,baseline,car_adj
SPY,214,baseline,m1_p1,car_adj,surprise_bps,HC1,0.0,,0.0,0.0,0.0,0.0,,,baseline,car_adj
XLRE,72,baseline,m1_p1,car_adj,surprise_bps,HC1,-0.1789315695215536,0.0005996915550856574,0.23635106058779287,1.7425703444319465,-3.179024055026379,3.651726176201965,0.1356335836558954,0.8921109548568457,baseline,car_adj
XLE,213,baseline,m1_p1,car_adj,surprise_bps,HC1,-0.17963252214569303,0.0011872338266334381,0.39550096334209295,1.125337609692666,-1.8101202221039245,2.6011221487881104,0.3514509423088648,0.7252500702822187,baseline,car_adj
XLU,213,baseline,m1_p1,car_adj,surprise_bps,HC1,-0.3081260620380382,0.007954295737382044,0.7206211537304488,0.8470699539743429,-0.9396054484452644,2.380847755906162,0.850722127906187,0.39492372818386634,baseline,car_adj
XLV,213,baseline,m1_p1,car_adj,surprise_bps,HC1,0.03409021129476566,0.015445780739381187,0.7567847851052092,0.4650574614000468,-0.1547110899805089,1.6682806601909275,1.627293072187086,0.10367486856954382,baseline,car_adj
XLP,213,baseline,m1_p1,car_adj,surprise_bps,HC1,-0.19870065269008708,0.022513001912861874,1.1082481746231683,0.9634940516549905,-0.7801654659391876,2.996661815185524,1.150238730295775,0.2500455583185788,baseline,car_adj
GLD,164,baseline,m1_p1,car_adj,surprise_bps,HC1,0.16460962959376274,0.004721116236186429,1.2913608625206596,1.7280139399393217,-2.0954842245435708,4.67820594958489,0.7473092853440784,0.4548768888640299,baseline,car_adj
TLT,183,baseline,m1_p1,car_adj,surprise_bps,HC1,0.23654839158146285,0.01136863773101826,1.7859248099798626,1.3975741653488285,-0.9532702198274678,4.525119839787193,1.2778748021104864,0.2012935740304863,baseline,car_adj
IEF,183,baseline,m1_p1,car_adj,surprise_bps,HC1,0.08280063048105825,0.021586945561555604,1.9802101089061386,1.0194406380379426,-0.017856826024762254,3.978277043837039,1.9424476865247715,0.05208292715541828,baseline,car_adj
SPY,202,baseline,m1_p1,car_raw,surprise_orth_bps,HC1,0.3253996130450412,0.07659206982552103,-3.2560174960431376,1.1282056202382142,-5.467259878865711,-1.0447751132205645,-2.886014249207204,0.0039015449267148085,baseline,auto
XLY,201,baseline,m1_p1,car_adj,surprise_orth_bps,HC1,0.12087285252859148,0.05569318963042669,-1.4784368932723886,0.5206048935971656,-2.4988037348981402,-0.45807005164663717,-2.839844403030863,0.004513554354316895,baseline,auto
XLK,201,baseline,m1_p1,car_adj,surprise_orth_bps,HC1,0.2542706924745923,0.030178957546349583,-1.3487430589307454,1.060001880432669,-3.4263085681235097,0.7288224502620184,-1.2723968549755957,0.20323215095485625,baseline,auto
QQQ,200,baseline,m1_p1,car_adj,surprise_orth_bps,HC1,0.2716311849784958,0.02778230682605165,-1.3454910381466332,1.2209235007177701,-3.7384571274320253,1.0474750511387594,-1.1020273074894789,0.27044979996876295,baseline,auto
XLRE,60,baseline,m1_p1,car_adj,surprise_orth_bps,HC1,0.181515056435274,0.01681616004838793,-1.281846601843512,1.4444795331757714,-4.112974463273254,1.5492812595862302,-0.8874107056576277,0.3748578217773396,baseline,auto
TLT,171,baseline,m1_p1,car_raw,surprise_orth_bps,HC1,0.3380286151375512,0.01722173680497896,-1.2092956208272017,0.8627553953765309,-2.900265123232817,0.48167388157841357,-1.4016668308396156,0.161014759919195,baseline,auto
XLF,201,baseline,m1_p1,car_adj,surprise_orth_bps,HC1,-0.09466254194991802,0.01760165275464254,-1.0911275033796959,0.822036387833817,-2.702289217515377,0.5200342107559853,-1.3273469636240462,0.18439393518739733,baseline,auto
IEF,171,baseline,m1_p1,car_raw,surprise_orth_bps,HC1,0.20097870319661088,0.04160958366947731,-0.9660219716750191,0.46897098889425914,-1.8851882197019005,-0.04685572364813758,-2.0598757589519723,0.03941041967733273,baseline,auto
GLD,152,baseline,m1_p1,car_raw,surprise_orth_bps,HC1,0.19780056566491233,0.0013755857514168301,-0.5377972542384181,1.9442805245017452,-4.348517058104485,3.2729225496276486,-0.276604763284474,0.7820836067877404,baseline,auto
XLE,201,baseline,m1_p1,car_adj,surprise_orth_bps,HC1,-0.1118625897100123,0.0005940096882595114,-0.2867022617464398,1.2684282690575386,-2.772775986071697,2.199371462578817,-0.22602954281322027,0.8211784430039855,baseline,auto
XLI,201,baseline,m1_p1,car_adj,surprise_orth_bps,HC1,0.022677439678121355,0.0007890362208395896,-0.12399033411448632,0.37748640450498605,-0.8638500915977775,0.6158694233688048,-0.32846304564817397,0.7425615810079571,baseline,auto
XLB,201,baseline,m1_p1,car_adj,surprise_orth_bps,HC1,-0.04886751695604,0.0009504629373979778,0.2626511016310651,0.815798912383297,-1.3362853852671444,1.8615875885292745,0.3219556898693932,0.7474862629805794,baseline,auto
XLV,201,baseline,m1_p1,car_adj,surprise_orth_bps,HC1,0.0217463402088115,0.01787138983471559,0.9035742007043369,0.5618260034898956,-0.19758453171393342,2.004732933122607,1.6082812028841726,0.1077736055637679,baseline,auto
XLU,201,baseline,m1_p1,car_adj,surprise_orth_bps,HC1,-0.2549921162367595,0.025784912636915402,1.2989123200803863,0.8261508627056331,-0.3203136166193494,2.918138256780122,1.5722459162318922,0.11589353051928762,baseline,auto
XLP,201,baseline,m1_p1,car_adj,surprise_orth_bps,HC1,-0.24496078902009355,0.0677172097667692,1.9661639555039634,0.8024043083796539,0.3934804100400705,3.5388475009678566,2.45034072595443,0.014272108908570714,baseline,auto
XLY,201,baseline,m1_p1,car_raw,surprise_orth_bps,HC1,0.42815132406435763,0.11365511282440177,-4.735798450988002,1.2336672118510008,-7.1537417551239075,-2.3178551468520956,-3.838797372171694,0.00012363840926122799,baseline,car_raw
QQQ,200,baseline,m1_p1,car_raw,surprise_orth_bps,HC1,0.586690912894168,0.08965515248642808,-4.611471104154035,1.8495203262862476,-8.236464332349849,-0.9864778759582193,-2.4933335625533015,0.0126549898554134,baseline,car_raw
XLK,201,baseline,m1_p1,car_raw,surprise_orth_bps,HC1,0.5615491640103584,0.09633939093958444,-4.606104616646359,1.6836202730687584,-7.905939715502616,-1.3062695177901014,-2.7358334241549294,0.006222251457061964,baseline,car_raw
XLF,201,baseline,m1_p1,car_raw,surprise_orth_bps,HC1,0.21261592958584827,0.07029935220190542,-4.348489061095311,1.6967562963842724,-7.674070292550053,-1.0229078296405674,-2.5628247676827765,0.0103824434878186,baseline,car_raw
XLE,201,baseline,m1_p1,car_raw,surprise_orth_bps,HC1,0.19541588182575384,0.04599536687962347,-3.5440638194620537,1.5182243270361384,-6.519728820905446,-0.568398818018662,-2.3343479328781,0.019577510767233578,baseline,car_raw
XLI,201,baseline,m1_p1,car_raw,surprise_orth_bps,HC1,0.32995591121388745,0.07944838499135176,-3.381351891830099,0.9988623408422395,-5.33908610539426,-1.4236176782659378,-3.385203099136711,0.0007112560712028618,baseline,car_raw
SPY,202,baseline,m1_p1,car_raw,surprise_orth_bps,HC1,0.3253996130450412,0.07659206982552103,-3.2560174960431376,1.1282056202382142,-5.467259878865711,-1.0447751132205645,-2.886014249207204,0.0039015449267148085,baseline,car_raw
XLB,201,baseline,m1_p1,car_raw,surprise_orth_bps,HC1,0.2584109545797261,0.04707834359107721,-2.9947104560845483,1.1169905536349787,-5.183971712280562,-0.8054491998885347,-2.681052625144393,0.0073390973432397675,baseline,car_raw
XLRE,60,baseline,m1_p1,car_raw,surprise_orth_bps,HC1,0.3191710447352849,0.0373877804808731,-2.669171228018995,2.282136514720659,-7.14207660467525,1.8037341486372598,-1.1695931469488408,0.24216473650020154,baseline,car_raw
XLV,201,baseline,m1_p1,car_raw,surprise_orth_bps,HC1,0.32902481174457787,0.04884395886226167,-2.3537873570112775,0.9663849402604794,-4.24786703512371,-0.459707678898846,-2.4356622904086622,0.014864554944208175,baseline,car_raw
XLU,201,baseline,m1_p1,car_raw,surprise_orth_bps,HC1,0.05228635529900655,0.028821038736687954,-1.9584492376352278,1.1490927336042198,-4.210629610396177,0.2937311351257219,-1.7043439405385477,0.08831685043163572,baseline,car_raw
XLP,201,baseline,m1_p1,car_raw,surprise_orth_bps,HC1,0.06231768251567263,0.0162422492082247,-1.291197602211651,1.0052159603568624,-3.2613846811959437,0.6789894767726422,-1.28449771306184,0.1989678632592189,baseline,car_raw
TLT,171,baseline,m1_p1,car_raw,surprise_orth_bps,HC1,0.3380286151375512,0.01722173680497896,-1.2092956208272017,0.8627553953765309,-2.900265123232817,0.48167388157841357,-1.4016668308396156,0.161014759919195,baseline,car_raw
IEF,171,baseline,m1_p1,car_raw,surprise_orth_bps,HC1,0.20097870319661088,0.04160958366947731,-0.9660219716750191,0.46897098889425914,-1.8851882197019005,-0.04685572364813758,-2.0598757589519723,0.03941041967733273,baseline,car_raw
GLD,152,baseline,m1_p1,car_raw,surprise_orth_bps,HC1,0.19780056566491233,0.0013755857514168301,-0.5377972542384181,1.9442805245017452,-4.348517058104485,3.2729225496276486,-0.276604763284474,0.7820836067877404,baseline,car_raw
XLY,201,baseline,m1_p1,car_adj,surprise_orth_bps,HC1,0.12087285252859148,0.05569318963042669,-1.4784368932723886,0.5206048935971656,-2.4988037348981402,-0.45807005164663717,-2.839844403030863,0.004513554354316895,baseline,car_adj
XLK,201,baseline,m1_p1,car_adj,surprise_orth_bps,HC1,0.2542706924745923,0.030178957546349583,-1.3487430589307454,1.060001880432669,-3.4263085681235097,0.7288224502620184,-1.2723968549755957,0.20323215095485625,baseline,car_adj
QQQ,200,baseline,m1_p1,car_adj,surprise_orth_bps,HC1,0.2716311849784958,0.02778230682605165,-1.3454910381466332,1.2209235007177701,-3.7384571274320253,1.0474750511387594,-1.1020273074894789,0.27044979996876295,baseline,car_adj
XLRE,60,baseline,m1_p1,car_adj,surprise_orth_bps,HC1,0.181515056435274,0.01681616004838793,-1.281846601843512,1.4444795331757714,-4.112974463273254,1.5492812595862302,-0.8874107056576277,0.3748578217773396,baseline,car_adj
XLF,201,baseline,m1_p1,car_adj,surprise_orth_bps,HC1,-0.09466254194991802,0.01760165275464254,-1.0911275033796959,0.822036387833817,-2.702289217515377,0.5200342107559853,-1.3273469636240462,0.18439393518739733,baseline,car_adj
XLE,201,baseline,m1_p1,car_adj,surprise_orth_bps,HC1,-0.1118625897100123,0.0005940096882595114,-0.2867022617464398,1.2684282690575386,-2.772775986071697,2.199371462578817,-0.22602954281322027,0.8211784430039855,baseline,car_adj
XLI,201,baseline,m1_p1,car_adj,surprise_orth_bps,HC1,0.022677439678121355,0.0007890362208395896,-0.12399033411448632,0.37748640450498605,-0.8638500915977775,0.6158694233688048,-0.32846304564817397,0.7425615810079571,baseline,car_adj
SPY,202,baseline,m1_p1,car_adj,surprise_orth_bps,HC1,0.0,,0.0,0.0,0.0,0.0,,,baseline,car_adj
XLB,201,baseline,m1_p1,car_adj,surprise_orth_bps,HC1,-0.04886751695604,0.0009504629373979778,0.2626511016310651,0.815798912383297,-1.3362853852671444,1.8615875885292745,0.3219556898693932,0.7474862629805794,baseline,car_adj
XLV,201,baseline,m1_p1,car_adj,surprise_orth_bps,HC1,0.0217463402088115,0.01787138983471559,0.9035742007043369,0.5618260034898956,-0.19758453171393342,2.004732933122607,1.6082812028841726,0.1077736055637679,baseline,car_adj
XLU,201,baseline,m1_p1,car_adj,surprise_orth_bps,HC1,-0.2549921162367595,0.025784912636915402,1.2989123200803863,0.8261508627056331,-0.3203136166193494,2.918138256780122,1.5722459162318922,0.11589353051928762,baseline,car_adj
TLT,171,baseline,m1_p1,car_adj,surprise_orth_bps,HC1,0.13413345360307616,0.01216454988806348,1.8950815296139838,1.760727182289036,-1.5558803342732173,5.346043393501184,1.0763061697896208,0.28179035024024657,baseline,car_adj
XLP,201,baseline,m1_p1,car_adj,surprise_orth_bps,HC1,-0.24496078902009355,0.0677172097667692,1.9661639555039634,0.8024043083796539,0.3934804100400705,3.5388475009678566,2.45034072595443,0.014272108908570714,baseline,car_adj
IEF,171,baseline,m1_p1,car_adj,surprise_orth_bps,HC1,-0.0029164583378642906,0.023015817854120213,2.1383551787661657,1.527941655021291,-0.8563554355540882,5.133065793086419,1.399500544892448,0.16166293505887142,baseline,car_adj
GLD,152,baseline,m1_p1,car_adj,surprise_orth_bps,HC1,-0.007709374256034657,0.022280629271514085,3.1892991236112014,3.203159250310376,-3.0887776437434553,9.467375890965858,0.9956729823227393,0.3194090614912243,baseline,car_adj
SPY,214,baseline,d0_p1,car_raw,surprise_bps,HC1,0.13600911143354288,0.04097774258294107,-1.769816661181612,0.8201199691789908,-3.3772222637745335,-0.16241105858869098,-2.1579972780730454,0.030928043425144377,baseline,auto
GLD,164,baseline,d0_p1,car_raw,surprise_bps,HC1,0.1836615128315886,0.025446725934639036,-1.7456693270436825,0.8939704945450424,-3.4978192995934263,0.006480645506061478,-1.9527147010954593,0.05085341072129748,baseline,auto
QQQ,212,baseline,d0_p1,car_adj,surprise_bps,HC1,0.27097966046721284,0.04562789671182732,-1.520945816830754,0.9927546444222662,-3.466709165383263,0.42481753172175557,-1.532046035116631,0.12551107512484044,baseline,auto
XLK,213,baseline,d0_p1,car_adj,surprise_bps,HC1,0.22421082282960578,0.03736978549699388,-1.3146402792726046,0.998482322406116,-3.2716296703885024,0.6423491118432934,-1.316638512041575,0.18795982320945526,baseline,auto
TLT,183,baseline,d0_p1,car_raw,surprise_bps,HC1,0.2478779312588609,0.026160835510220082,-1.3141444542826946,0.7237930752790396,-2.7327528140891,0.10446390552371118,-1.8156355720536015,0.06942629315398582,baseline,auto
IEF,183,baseline,d0_p1,car_raw,surprise_bps,HC1,0.14235371919900625,0.08022998049781827,-1.0721059748213513,0.3119664759144807,-1.6835490319976154,-0.46066291764508677,-3.436606358675691,0.0005890510265268884,baseline,auto
XLY,213,baseline,d0_p1,car_adj,surprise_bps,HC1,0.13089958914849037,0.03846819279704894,-0.9528211489373066,0.4919427438870538,-1.917011209411744,0.011368911537130641,-1.9368537513301893,0.05276322321287576,baseline,auto
XLB,213,baseline,d0_p1,car_adj,surprise_bps,HC1,-0.036998666746416865,0.014585501509081111,-0.7776482627139425,0.5215087657425171,-1.799786661191212,0.24449013576332695,-1.4911508948593366,0.1359218826368668,baseline,auto
XLF,213,baseline,d0_p1,car_adj,surprise_bps,HC1,-0.09224402758214556,0.0021507813996004543,-0.29489707544224564,0.6584460500675549,-1.5854276193373102,0.9956334684528192,-0.44786824283020604,0.654248288789452,baseline,auto
XLI,213,baseline,d0_p1,car_adj,surprise_bps,HC1,0.0316095896210671,0.006544209051257854,-0.2898921309817388,0.260745063449395,-0.8009430644891643,0.22115880252568665,-1.1117837751049144,0.2662311295478249,baseline,auto
XLV,213,baseline,d0_p1,car_adj,surprise_bps,HC1,0.005364330212393784,0.007959017130826918,0.46314856670038224,0.47396549119477327,-0.4658067259562095,1.392103859356974,0.9771778226572493,0.3284811253286931,baseline,auto
XLRE,72,baseline,d0_p1,car_adj,surprise_bps,HC1,-0.18762944805616416,0.006325626706474963,0.6068581161493922,1.5811860452243913,-2.492209585347736,3.70592581764652,0.3837993119040404,0.701127198103793,baseline,auto
XLU,213,baseline,d0_p1,car_adj,surprise_bps,HC1,-0.21389351635397044,0.006975075372145811,0.6334194920023408,0.9573224623406538,-1.2428980557765428,2.5097370397812244,0.6616574006355496,0.5081908116001681,baseline,auto
XLE,213,baseline,d0_p1,car_adj,surprise_bps,HC1,-0.17009193467753192,0.011454847699353676,1.0598091799861475,0.992830953297766,-0.886103731214042,3.005722091186337,1.0674618639415987,0.2857633257192287,baseline,auto
XLP,213,baseline,d0_p1,car_adj,surprise_bps,HC1,-0.2001651631375252,0.026979048978489573,1.1296539356107482,0.9863056110274098,-0.8034695397527464,3.0627774109742427,1.145338648569601,0.2520689019598231,baseline,auto
QQQ,212,baseline,d0_p1,car_raw,surprise_bps,HC1,0.3980000797394503,0.06857573061374345,-3.2975579231280028,1.5285297936230862,-6.293421267925694,-0.3016945783303124,-2.1573396455111125,0.030979210101952284,baseline,car_raw
XLK,213,baseline,d0_p1,car_raw,surprise_bps,HC1,0.34868098074938003,0.06376421686926126,-3.0934205930500274,1.5727970313769892,-6.17604612954044,-0.01079505655961488,-1.966827588898567,0.049203090801672324,baseline,car_raw
XLY,213,baseline,d0_p1,car_raw,surprise_bps,HC1,0.2553697470682646,0.06638436907137146,-2.73160146271473,1.1683518932290815,-5.021529094712917,-0.44167383071654354,-2.337995494803498,0.01938748185352365,baseline,car_raw
XLB,213,baseline,d0_p1,car_raw,surprise_bps,HC1,0.08747149117335727,0.0626868905150475,-2.556428576491366,0.9122590640214586,-4.344423486543644,-0.7684336664390876,-2.8023054824163767,0.005073880374342104,baseline,car_raw
XLF,213,baseline,d0_p1,car_raw,surprise_bps,HC1,0.03222613033762868,0.02894715571062767,-2.07367738921967,1.2569045878274672,-4.537165113364667,0.38981033492532724,-1.6498288010898081,0.09897795630039087,baseline,car_raw
XLI,213,baseline,d0_p1,car_raw,surprise_bps,HC1,0.15607974754084125,0.04596716185544225,-2.0686724447591622,0.9136264779026398,-3.8593474367705163,-0.2779974527478083,-2.264243095830689,0.02355916732073883,baseline,car_raw
SPY,214,baseline,d0_p1,car_raw,surprise_bps,HC1,0.13600911143354288,0.04097774258294107,-1.769816661181612,0.8201199691789908,-3.3772222637745335,-0.16241105858869098,-2.1579972780730454,0.030928043425144377,baseline,car_raw
GLD,164,baseline,d0_p1,car_raw,surprise_bps,HC1,0.1836615128315886,0.025446725934639036,-1.7456693270436825,0.8939704945450424,-3.4978192995934263,0.006480645506061478,-1.9527147010954593,0.05085341072129748,baseline,car_raw
XLV,213,baseline,d0_p1,car_raw,surprise_bps,HC1,0.12983448813216786,0.024207395919735197,-1.3156317470770407,0.7709006750876022,-2.8265693059063555,0.19530581175227368,-1.706616415827548,0.08789337195465774,baseline,car_raw
TLT,183,baseline,d0_p1,car_raw,surprise_bps,HC1,0.2478779312588609,0.026160835510220082,-1.3141444542826946,0.7237930752790396,-2.7327528140891,0.10446390552371118,-1.8156355720536015,0.06942629315398582,baseline,car_raw
XLU,213,baseline,d0_p1,car_raw,surprise_bps,HC1,-0.08942335843419622,0.015506492521944915,-1.1453608217750815,0.6170679955325046,-2.3547918690311134,0.06407022548095051,-1.8561338945907924,0.06343447560291782,baseline,car_raw
IEF,183,baseline,d0_p1,car_raw,surprise_bps,HC1,0.14235371919900625,0.08022998049781827,-1.0721059748213513,0.3119664759144807,-1.6835490319976154,-0.46066291764508677,-3.436606358675691,0.0005890510265268884,baseline,car_raw
XLE,213,baseline,d0_p1,car_raw,surprise_bps,HC1,-0.04562177675775782,0.0031413771289859893,-0.7189711337912744,1.3032995666762852,-3.2733913455434527,1.8354490779609034,-0.5516545483282994,0.5811850559240089,baseline,car_raw
XLP,213,baseline,d0_p1,car_raw,surprise_bps,HC1,-0.0756950052177511,0.007144441115872868,-0.6491263781666733,0.6074316041276699,-1.8396704453282982,0.5414176889949516,-1.0686411009168366,0.2852314209074527,baseline,car_raw
XLRE,72,baseline,d0_p1,car_raw,surprise_bps,HC1,-0.41379730709431023,0.012420106183265833,1.5169506067838692,3.1819703550515657,-4.719596688991328,7.753497902559067,0.4767331048121239,0.6335521862007838,baseline,car_raw
QQQ,212,baseline,d0_p1,car_adj,surprise_bps,HC1,0.27097966046721284,0.04562789671182732,-1.520945816830754,0.9927546444222662,-3.466709165383263,0.42481753172175557,-1.532046035116631,0.12551107512484044,baseline,car_adj
XLK,213,baseline,d0_p1,car_adj,surprise_bps,HC1,0.22421082282960578,0.03736978549699388,-1.3146402792726046,0.998482322406116,-3.2716296703885024,0.6423491118432934,-1.316638512041575,0.18795982320945526,baseline,car_adj
XLY,213,baseline,d0_p1,car_adj,surprise_bps,HC1,0.13089958914849037,0.03846819279704894,-0.9528211489373066,0.4919427438870538,-1.917011209411744,0.011368911537130641,-1.9368537513301893,0.05276322321287576,baseline,car_adj
XLB,213,baseline,d0_p1,car_adj,surprise_bps,HC1,-0.036998666746416865,0.014585501509081111,-0.7776482627139425,0.5215087657425171,-1.799786661191212,0.24449013576332695,-1.4911508948593366,0.1359218826368668,baseline,car_adj
XLF,213,baseline,d0_p1,car_adj,surprise_bps,HC1,-0.09224402758214556,0.0021507813996004543,-0.29489707544224564,0.6584460500675549,-1.5854276193373102,0.9956334684528192,-0.44786824283020604,0.654248288789452,baseline,car_adj
XLI,213,baseline,d0_p1,car_adj,surprise_bps,HC1,0.0316095896210671,0.006544209051257854,-0.2898921309817388,0.260745063449395,-0.8009430644891643,0.22115880252568665,-1.1117837751049144,0.2662311295478249,baseline,car_adj
GLD,164,baseline,d0_p1,car_adj,surprise_bps,HC1,0.1782770488848252,0.0003998354294185713,-0.26607322074131534,1.3141290525393396,-2.8417188347561657,2.3095723932735353,-0.20247115017141756,0.839548410155824,baseline,car_adj
SPY,214,baseline,d0_p1,car_adj,surprise_bps,HC1,0.0,,0.0,0.0,0.0,0.0,,,baseline,car_adj
TLT,183,baseline,d0_p1,car_adj,surprise_bps,HC1,0.20488661863122334,0.00012852917039141154,0.1518726710329609,1.1105779658190211,-2.0248201439960756,2.3285654860619975,0.1367510212765287,0.8912275991759367,baseline,car_adj
IEF,183,baseline,d0_p1,car_adj,surprise_bps,HC1,0.09936240657136877,0.001494876141149848,0.3939111504943033,1.000389644940816,-1.5668165240965086,2.3546388250851154,0.393757724788932,0.6937599187863224,baseline,car_adj
XLV,213,baseline,d0_p1,car_adj,surprise_bps,HC1,0.005364330212393784,0.007959017130826918,0.46314856670038224,0.47396549119477327,-0.4658067259562095,1.392103859356974,0.9771778226572493,0.3284811253286931,baseline,car_adj
XLRE,72,baseline,d0_p1,car_adj,surprise_bps,HC1,-0.18762944805616416,0.006325626706474963,0.6068581161493922,1.5811860452243913,-2.492209585347736,3.70592581764652,0.3837993119040404,0.701127198103793,baseline,car_adj
XLU,213,baseline,d0_p1,car_adj,surprise_bps,HC1,-0.21389351635397044,0.006975075372145811,0.6334194920023408,0.9573224623406538,-1.2428980557765428,2.5097370397812244,0.6616574006355496,0.5081908116001681,baseline,car_adj
XLE,213,baseline,d0_p1,car_adj,surprise_bps,HC1,-0.17009193467753192,0.011454847699353676,1.0598091799861475,0.992830953297766,-0.886103731214042,3.005722091186337,1.0674618639415987,0.2857633257192287,baseline,car_adj
XLP,213,baseline,d0_p1,car_adj,surprise_bps,HC1,-0.2001651631375252,0.026979048978489573,1.1296539356107482,0.9863056110274098,-0.8034695397527464,3.0627774109742427,1.145338648569601,0.2520689019598231,baseline,car_adj
SPY,202,baseline,d0_p1,car_raw,surprise_orth_bps,HC1,0.2497740233886275,0.09142878493810769,-2.731249657583808,0.7803274594948976,-4.260663374341444,-1.2018359408261705,-3.500132699869018,0.00046502660209027244,baseline,auto
XLK,201,baseline,d0_p1,car_adj,surprise_orth_bps,HC1,0.24058498955530655,0.0454560816921864,-1.6456821266018329,1.1347701287795071,-3.8697907097415456,0.57842645653788,-1.4502339151029937,0.14699330045024556,baseline,auto
QQQ,200,baseline,d0_p1,car_adj,surprise_orth_bps,HC1,0.2796273279664458,0.03443725906485362,-1.5132014566953966,1.1907904314923867,-3.8471078155553853,0.8207049021645917,-1.2707537923351808,0.2038162520394029,baseline,auto
TLT,171,baseline,d0_p1,car_raw,surprise_orth_bps,HC1,0.21528242482833454,0.01751650749701994,-1.0941255124650358,0.7130354985953549,-2.4916494094104915,0.30339838448041995,-1.5344614884117407,0.12491616063832112,baseline,auto
IEF,171,baseline,d0_p1,car_raw,surprise_orth_bps,HC1,0.13894132914043628,0.06635261093265432,-1.0713491962230062,0.366291357306095,-1.7892670643912447,-0.3534313280547675,-2.9248552412000333,0.0034461649110011077,baseline,auto
XLY,201,baseline,d0_p1,car_adj,surprise_orth_bps,HC1,0.14584718809205172,0.03856482275134043,-1.0180582522931323,0.4036902268688505,-1.8092765578668828,-0.22683994671938157,-2.5218798586963946,0.01167295681831703,baseline,auto
GLD,152,baseline,d0_p1,car_raw,surprise_orth_bps,HC1,0.11356246071891914,0.00336293232918472,-0.7099993840853706,1.5469087536737383,-3.7418848286556403,2.321886060484899,-0.4589794856349478,0.646248897727792,baseline,auto
XLRE,60,baseline,d0_p1,car_adj,surprise_orth_bps,HC1,0.10199812266565467,0.007354486022678186,-0.6851184694101344,1.1431437183383029,-2.925638986506408,1.555402047686139,-0.5993283770181029,0.5489539282675316,baseline,auto
XLF,201,baseline,d0_p1,car_adj,surprise_orth_bps,HC1,-0.03105377438619982,0.005230669900387008,-0.4948381809137186,0.6159437002538346,-1.702065649915569,0.7123892880881317,-0.8033821609179418,0.4217538826379742,baseline,auto
XLI,201,baseline,d0_p1,car_adj,surprise_orth_bps,HC1,0.04999506489568271,0.0013500765092021583,-0.13974448944603668,0.29573013722499814,-0.7193649075501211,0.4398759286580477,-0.4725405762068677,0.636540986449974,baseline,auto
XLB,201,baseline,d0_p1,car_adj,surprise_orth_bps,HC1,-0.05640041686596694,0.00014850229842011675,0.08737803932458706,0.6610664676863374,-1.2082884287277456,1.3830445073769198,0.13217738850134228,0.8948439855477651,baseline,auto
XLE,201,baseline,d0_p1,car_adj,surprise_orth_bps,HC1,-0.1903778797582605,0.005597856873073126,0.7202740985829492,1.1031494004245044,-1.441858995816034,2.8824071929819324,0.6529252504744867,0.5138044694753469,baseline,auto
XLV,201,baseline,d0_p1,car_adj,surprise_orth_bps,HC1,0.002691073959015574,0.016339281062767164,0.7258449657532673,0.5010610052723651,-0.2562165586380024,1.7079064901445369,1.4486159531786251,0.14744486350189542,baseline,auto
XLU,201,baseline,d0_p1,car_adj,surprise_orth_bps,HC1,-0.18944922553020493,0.023751665334074468,1.1458915969050107,0.8882603144887405,-0.5950666283891425,2.886849822199164,1.2900402936098254,0.19703666834067568,baseline,auto
XLP,201,baseline,d0_p1,car_adj,surprise_orth_bps,HC1,-0.24884491839589237,0.06867371547430223,1.8239328550766403,0.8422756927196472,0.17310283229260634,3.4747628778606745,2.165482004101642,0.030350792081042386,baseline,auto
XLK,201,baseline,d0_p1,car_raw,surprise_orth_bps,HC1,0.4788128233719501,0.11172101159498482,-4.377788175647456,1.5098999414715664,-7.337137681190861,-1.4184386701040508,-2.899389592253916,0.003738899979817026,baseline,car_raw
QQQ,200,baseline,d0_p1,car_raw,surprise_orth_bps,HC1,0.5220493462109701,0.09330372380487828,-4.2499529783362044,1.5903353069435961,-7.366952903288104,-1.1329530533843037,-2.6723628405785846,0.007531915842293285,baseline,car_raw
XLY,201,baseline,d0_p1,car_raw,surprise_orth_bps,HC1,0.38407502190869514,0.11747021697270421,-3.7501643013387533,0.9163005546071835,-5.5460803873829105,-1.9542482152945968,-4.092722941706002,4.2633701155029866e-05,baseline,car_raw
XLF,201,baseline,d0_p1,car_raw,surprise_orth_bps,HC1,0.20717405943044348,0.06578688597982485,-3.22694422995934,1.1700609037184673,-5.520221460965924,-0.9336669989527563,-2.757928428942522,0.0058168932237938455,baseline,car_raw
XLI,201,baseline,d0_p1,car_raw,surprise_orth_bps,HC1,0.28822289871232615,0.08835289770224208,-2.8718505384916577,0.744676610625075,-4.331389875446162,-1.4123112015371535,-3.856506968952673,0.00011501882044205735,baseline,car_raw
SPY,202,baseline,d0_p1,car_raw,surprise_orth_bps,HC1,0.2497740233886275,0.09142878493810769,-2.731249657583808,0.7803274594948976,-4.260663374341444,-1.2018359408261705,-3.500132699869018,0.00046502660209027244,baseline,car_raw
XLB,201,baseline,d0_p1,car_raw,surprise_orth_bps,HC1,0.18182741695067636,0.06059800907009527,-2.644728009721034,0.8437067393601163,-4.298362832380585,-0.9910931870614835,-3.134653175494186,0.0017205740061534594,baseline,car_raw
XLRE,60,baseline,d0_p1,car_raw,surprise_orth_bps,HC1,0.09978980625204872,0.032323773377604725,-2.074333882326884,1.9049337053221804,-5.807935337694794,1.659267573041026,-1.0889270721240418,0.276186046821867,baseline,car_raw
XLE,201,baseline,d0_p1,car_raw,surprise_orth_bps,HC1,0.04784995405838273,0.026361015912707564,-2.0118319504626725,1.1597771916305741,-4.284953476149607,0.2612895752242612,-1.734671077324915,0.08279908201634369,baseline,car_raw
XLV,201,baseline,d0_p1,car_raw,surprise_orth_bps,HC1,0.24091890777565877,0.04914477462973221,-2.0062610832923538,0.8474530102124617,-3.6672384618988336,-0.34528370468587427,-2.3674009757654546,0.017913513061848605,baseline,car_raw
XLU,201,baseline,d0_p1,car_raw,surprise_orth_bps,HC1,0.04877860828643831,0.0357322820567213,-1.5862144521406094,0.8509436789983194,-3.254033415849328,0.08160451156810945,-1.8640651447200445,0.06231255655774483,baseline,car_raw
TLT,171,baseline,d0_p1,car_raw,surprise_orth_bps,HC1,0.21528242482833454,0.01751650749701994,-1.0941255124650358,0.7130354985953549,-2.4916494094104915,0.30339838448041995,-1.5344614884117407,0.12491616063832112,baseline,car_raw
IEF,171,baseline,d0_p1,car_raw,surprise_orth_bps,HC1,0.13894132914043628,0.06635261093265432,-1.0713491962230062,0.366291357306095,-1.7892670643912447,-0.3534313280547675,-2.9248552412000333,0.0034461649110011077,baseline,car_raw
XLP,201,baseline,d0_p1,car_raw,surprise_orth_bps,HC1,-0.010617084579248946,0.013358883418414513,-0.9081731939689811,0.8162656243913586,-2.5080244195941437,0.6916780316561812,-1.1125951734720576,0.26588233429606345,baseline,car_raw
GLD,152,baseline,d0_p1,car_raw,surprise_orth_bps,HC1,0.11356246071891914,0.00336293232918472,-0.7099993840853706,1.5469087536737383,-3.7418848286556403,2.321886060484899,-0.4589794856349478,0.646248897727792,baseline,car_raw
XLK,201,baseline,d0_p1,car_adj,surprise_orth_bps,HC1,0.24058498955530655,0.0454560816921864,-1.6456821266018329,1.1347701287795071,-3.8697907097415456,0.57842645653788,-1.4502339151029937,0.14699330045024556,baseline,car_adj
QQQ,200,baseline,d0_p1,car_adj,surprise_orth_bps,HC1,0.2796273279664458,0.03443725906485362,-1.5132014566953966,1.1907904314923867,-3.8471078155553853,0.8207049021645917,-1.2707537923351808,0.2038162520394029,baseline,car_adj
XLY,201,baseline,d0_p1,car_adj,surprise_orth_bps,HC1,0.14584718809205172,0.03856482275134043,-1.0180582522931323,0.4036902268688505,-1.8092765578668828,-0.22683994671938157,-2.5218798586963946,0.01167295681831703,baseline,car_adj
XLRE,60,baseline,d0_p1,car_adj,surprise_orth_bps,HC1,0.10199812266565467,0.007354486022678186,-0.6851184694101344,1.1431437183383029,-2.925638986506408,1.555402047686139,-0.5993283770181029,0.5489539282675316,baseline,car_adj
XLF,201,baseline,d0_p1,car_adj,surprise_orth_bps,HC1,-0.03105377438619982,0.005230669900387008,-0.4948381809137186,0.6159437002538346,-1.702065649915569,0.7123892880881317,-0.8033821609179418,0.4217538826379742,baseline,car_adj
XLI,201,baseline,d0_p1,car_adj,surprise_orth_bps,HC1,0.04999506489568271,0.0013500765092021583,-0.13974448944603668,0.29573013722499814,-0.7193649075501211,0.4398759286580477,-0.4725405762068677,0.636540986449974,baseline,car_adj
SPY,202,baseline,d0_p1,car_adj,surprise_orth_bps,HC1,0.0,,0.0,0.0,0.0,0.0,,,baseline,car_adj
XLB,201,baseline,d0_p1,car_adj,surprise_orth_bps,HC1,-0.05640041686596694,0.00014850229842011675,0.08737803932458706,0.6610664676863374,-1.2082884287277456,1.3830445073769198,0.13217738850134228,0.8948439855477651,baseline,car_adj
XLE,201,baseline,d0_p1,car_adj,surprise_orth_bps,HC1,-0.1903778797582605,0.005597856873073126,0.7202740985829492,1.1031494004245044,-1.441858995816034,2.8824071929819324,0.6529252504744867,0.5138044694753469,baseline,car_adj
XLV,201,baseline,d0_p1,car_adj,surprise_orth_bps,HC1,0.002691073959015574,0.016339281062767164,0.7258449657532673,0.5010610052723651,-0.2562165586380024,1.7079064901445369,1.4486159531786251,0.14744486350189542,baseline,car_adj
XLU,201,baseline,d0_p1,car_adj,surprise_orth_bps,HC1,-0.18944922553020493,0.023751665334074468,1.1458915969050107,0.8882603144887405,-0.5950666283891425,2.886849822199164,1.2900402936098254,0.19703666834067568,baseline,car_adj
TLT,171,baseline,d0_p1,car_adj,surprise_orth_bps,HC1,0.05181543332827618,0.013729642622378968,1.5354984310810285,1.1556722528791783,-0.729577562494427,3.800574424656484,1.3286625401410928,0.18395932884713317,baseline,car_adj
IEF,171,baseline,d0_p1,car_adj,surprise_orth_bps,HC1,-0.024525662359622197,0.024289880194768965,1.5582747473230576,0.958050652926355,-0.3194700277776815,3.4360195224237966,1.6265055950469056,0.10384214409584393,baseline,car_adj
XLP,201,baseline,d0_p1,car_adj,surprise_orth_bps,HC1,-0.24884491839589237,0.06867371547430223,1.8239328550766403,0.8422756927196472,0.17310283229260634,3.4747628778606745,2.165482004101642,0.030350792081042386,baseline,car_adj
GLD,152,baseline,d0_p1,car_adj,surprise_orth_bps,HC1,-0.03867052665624646,0.02541155304691467,2.3881812715839765,2.0271719215458748,-1.5850026851167944,6.361365228284748,1.1780852162567466,0.23876263517995744,baseline,car_adj
TLT,183,baseline,d0_p5,car_raw,surprise_bps,HC1,0.32394917192418077,0.10377983613914332,-3.7315529158542553,0.9582563151194881,-5.6097007814465165,-1.853405050261994,-3.894107304045219,9.856101664696642e-05,baseline,auto
GLD,164,baseline,d0_p5,car_raw,surprise_bps,HC1,0.09710301874960361,0.02775024385054925,-2.608154005501375,1.2995092300174362,-5.155145293912927,-0.06116271708982331,-2.007029996598316,0.044746469097711454,baseline,auto
QQQ,212,baseline,d0_p5,car_adj,surprise_bps,HC1,0.2321989558487902,0.05717753810520543,-2.401410378729076,0.8502687763957956,-4.067906557643776,-0.7349141998143762,-2.824295617332221,0.0047384658384683675,baseline,auto
XLK,213,baseline,d0_p5,car_adj,surprise_bps,HC1,0.2593890421287551,0.050650737811913316,-2.027441883637251,0.7394547770047286,-3.476746614762616,-0.5781371525118862,-2.7418064588746125,0.006110233254492444,baseline,auto
IEF,183,baseline,d0_p5,car_raw,surprise_bps,HC1,0.190962609920788,0.13014140050762857,-1.8835636864112957,0.3761615948776219,-2.6208268647385813,-1.1463005080840103,-5.007325872871426,5.519144195854621e-07,baseline,auto
XLY,213,baseline,d0_p5,car_adj,surprise_bps,HC1,0.0025875339800782854,0.005615527064604553,-0.5054107337162436,0.5278784812350251,-1.5400335451505955,0.5292120777181084,-0.9574376521918151,0.3383464015875387,baseline,auto
SPY,214,baseline,d0_p5,car_raw,surprise_bps,HC1,0.20170911168907898,0.0014692141373335854,-0.4954471062657644,1.586510772169427,-3.6049510808026723,2.6140568682711436,-0.31228726268796775,0.7548222192637353,baseline,auto
XLV,213,baseline,d0_p5,car_adj,surprise_bps,HC1,-0.07867047522117278,6.173463893976994e-06,-0.01940089150635361,0.7639053773173506,-1.5166279186448415,1.4778261356321343,-0.0253969825091228,0.9797383179419182,baseline,auto
XLB,213,baseline,d0_p5,car_adj,surprise_bps,HC1,-0.07715169060644422,2.8757275391866344e-05,0.05116393584623176,0.6579679957738356,-1.2384296388504883,1.340757510542952,0.0777605235738828,0.9380185489487755,baseline,auto
XLI,213,baseline,d0_p5,car_adj,surprise_bps,HC1,0.02038668794127595,0.00010220596339760579,0.062395848193590134,0.6233907161084256,-1.1594275036755572,1.2842192000627375,0.10009107704250395,0.920272019247237,baseline,auto
XLU,213,baseline,d0_p5,car_adj,surprise_bps,HC1,-0.27944553385668025,0.0037525888240050875,0.657717697386376,0.8102553059363357,-0.9303535205313247,2.245788915304077,0.8117413024852873,0.41694008935394766,baseline,auto
XLP,213,baseline,d0_p5,car_adj,surprise_bps,HC1,-0.18340178784537203,0.011274249399474079,1.0210092084330953,0.8817753359185816,-0.7072386924230324,2.749257109289223,1.157901754384486,0.24690413151506796,baseline,auto
XLRE,72,baseline,d0_p5,car_adj,surprise_bps,HC1,-0.6135443263934535,0.009054674902402193,1.2598399129017837,3.674571958292957,-5.94218878395323,8.461868609756797,0.3428535152396497,0.7317086638764829,baseline,auto
XLF,213,baseline,d0_p5,car_adj,surprise_bps,HC1,-0.16252949842014913,0.01820673175193921,1.3490807422128306,0.8613602808158963,-0.3391543858996334,3.0373158703252945,1.5662212110999087,0.11729683866150949,baseline,auto
XLE,213,baseline,d0_p5,car_adj,surprise_bps,HC1,-0.09455840366873813,0.012216226212747427,1.8049619399865622,1.5659822565887989,-1.2643068833562456,4.87423076332937,1.152606890909694,0.24907177355271226,baseline,auto
TLT,183,baseline,d0_p5,car_raw,surprise_bps,HC1,0.32394917192418077,0.10377983613914332,-3.7315529158542553,0.9582563151194881,-5.6097007814465165,-1.853405050261994,-3.894107304045219,9.856101664696642e-05,baseline,car_raw
QQQ,212,baseline,d0_p5,car_raw,surprise_bps,HC1,0.4378621027641201,0.026051255131234297,-2.892663901788613,1.760077456218561,-6.342352325977865,0.5570245224006405,-1.6434867065471979,0.10028227354536638,baseline,car_raw
GLD,164,baseline,d0_p5,car_raw,surprise_bps,HC1,0.09710301874960361,0.02775024385054925,-2.608154005501375,1.2995092300174362,-5.155145293912927,-0.06116271708982331,-2.007029996598316,0.044746469097711454,baseline,car_raw
XLK,213,baseline,d0_p5,car_raw,surprise_bps,HC1,0.44976026787848017,0.021230503064732953,-2.5316964498351533,1.9577542674360384,-6.368824304589385,1.3054314049190794,-1.2931635455714137,0.1959545009059921,baseline,car_raw
IEF,183,baseline,d0_p5,car_raw,surprise_bps,HC1,0.190962609920788,0.13014140050762857,-1.8835636864112957,0.3761615948776219,-2.6208268647385813,-1.1463005080840103,-5.007325872871426,5.519144195854621e-07,baseline,car_raw
XLY,213,baseline,d0_p5,car_raw,surprise_bps,HC1,0.1929587597298034,0.004153772494976393,-1.009665299914147,1.5294379503937194,-4.0073085992745945,1.9879779994463005,-0.6601544702445963,0.509154706575452,baseline,car_raw
XLV,213,baseline,d0_p5,car_raw,surprise_bps,HC1,0.11170075052855238,0.001902390895753503,-0.523655457704255,1.6084008972768749,-3.6760632890688365,2.6287523736603267,-0.3255752086378695,0.744745771694668,baseline,car_raw
SPY,214,baseline,d0_p5,car_raw,surprise_bps,HC1,0.20170911168907898,0.0014692141373335854,-0.4954471062657644,1.586510772169427,-3.6049510808026723,2.6140568682711436,-0.31228726268796775,0.7548222192637353,baseline,car_raw
XLB,213,baseline,d0_p5,car_raw,surprise_bps,HC1,0.11321953514328095,0.0007812277535803602,-0.4530906303516699,1.7497571790387454,-3.882551682958014,2.976370422254674,-0.2589448614810553,0.7956777838544087,baseline,car_raw
XLI,213,baseline,d0_p5,car_raw,surprise_bps,HC1,0.21075791369100103,0.0008236314960271551,-0.4418587180043118,2.0445555959499684,-4.449114050456076,3.5653966144474527,-0.21611479721049584,0.8288982657488518,baseline,car_raw
XLU,213,baseline,d0_p5,car_raw,surprise_bps,HC1,-0.08907430810695498,0.00012010460052802596,0.15346313118847427,1.8310365862709395,-3.4353026322777347,3.742228894654683,0.0838121599203077,0.9332057798203739,baseline,car_raw
XLP,213,baseline,d0_p5,car_raw,surprise_bps,HC1,0.0069694379043531915,0.0028211644174398476,0.5167546422351936,1.1757754128509148,-1.7877228208603122,2.8212321053306995,0.4395011467217309,0.6602984513079643,baseline,car_raw
XLF,213,baseline,d0_p5,car_raw,surprise_bps,HC1,0.027841727329576182,0.0021502412572496077,0.8448261760149284,2.207925784649364,-3.482628842435165,5.172281194465021,0.38263341181510474,0.7019915931426899,baseline,car_raw
XLE,213,baseline,d0_p5,car_raw,surprise_bps,HC1,0.09581282208098657,0.0033367038560574436,1.3007073737886607,2.749538432965193,-4.088288928931815,6.689703676509137,0.47306389981460817,0.636167591134315,baseline,car_raw
XLRE,72,baseline,d0_p5,car_raw,surprise_bps,HC1,-0.7414818620279462,0.06766614052655173,6.38160352161831,7.547100986198258,-8.410442599017,21.17364964225362,0.845570177646841,0.39779256805758445,baseline,car_raw
TLT,183,baseline,d0_p5,car_adj,surprise_bps,HC1,0.12585628871562918,0.06640773820299672,-4.826623043816938,2.6284171855262812,-9.978226063794583,0.3249799761607067,-1.8363230427785062,0.06630989376878905,baseline,car_adj
GLD,164,baseline,d0_p5,car_adj,surprise_bps,HC1,-0.06330134077349064,0.04394805235458643,-4.230802114753806,2.698174864031217,-9.519127672246249,1.0575234427386373,-1.568023693035507,0.11687560305953121,baseline,car_adj
IEF,183,baseline,d0_p5,car_adj,surprise_bps,HC1,-0.007130273287763694,0.0383578106600605,-2.978633814373981,2.184576775439656,-7.260325615698352,1.3030579869503895,-1.3634832375138282,0.1727302637826802,baseline,car_adj
QQQ,212,baseline,d0_p5,car_adj,surprise_bps,HC1,0.2321989558487902,0.05717753810520543,-2.401410378729076,0.8502687763957956,-4.067906557643776,-0.7349141998143762,-2.824295617332221,0.0047384658384683675,baseline,car_adj
XLK,213,baseline,d0_p5,car_adj,surprise_bps,HC1,0.2593890421287551,0.050650737811913316,-2.027441883637251,0.7394547770047286,-3.476746614762616,-0.5781371525118862,-2.7418064588746125,0.006110233254492444,baseline,car_adj
XLY,213,baseline,d0_p5,car_adj,surprise_bps,HC1,0.0025875339800782854,0.005615527064604553,-0.5054107337162436,0.5278784812350251,-1.5400335451505955,0.5292120777181084,-0.9574376521918151,0.3383464015875387,baseline,car_adj
XLV,213,baseline,d0_p5,car_adj,surprise_bps,HC1,-0.07867047522117278,6.173463893976994e-06,-0.01940089150635361,0.7639053773173506,-1.5166279186448415,1.4778261356321343,-0.0253969825091228,0.9797383179419182,baseline,car_adj
SPY,214,baseline,d0_p5,car_adj,surprise_bps,HC1,0.0,,0.0,0.0,0.0,0.0,,,baseline,car_adj
XLB,213,baseline,d0_p5,car_adj,surprise_bps,HC1,-0.07715169060644422,2.8757275391866344e-05,0.05116393584623176,0.6579679957738356,-1.2384296388504883,1.340757510542952,0.0777605235738828,0.9380185489487755,baseline,car_adj
XLI,213,baseline,d0_p5,car_adj,surprise_bps,HC1,0.02038668794127595,0.00010220596339760579,0.062395848193590134,0.6233907161084256,-1.1594275036755572,1.2842192000627375,0.10009107704250395,0.920272019247237,baseline,car_adj
XLU,213,baseline,d0_p5,car_adj,surprise_bps,HC1,-0.27944553385668025,0.0037525888240050875,0.657717697386376,0.8102553059363357,-0.9303535205313247,2.245788915304077,0.8117413024852873,0.41694008935394766,baseline,car_adj
XLP,213,baseline,d0_p5,car_adj,surprise_bps,HC1,-0.18340178784537203,0.011274249399474079,1.0210092084330953,0.8817753359185816,-0.7072386924230324,2.749257109289223,1.157901754384486,0.24690413151506796,baseline,car_adj
XLRE,72,baseline,d0_p5,car_adj,surprise_bps,HC1,-0.6135443263934535,0.009054674902402193,1.2598399129017837,3.674571958292957,-5.94218878395323,8.461868609756797,0.3428535152396497,0.7317086638764829,baseline,car_adj
XLF,213,baseline,d0_p5,car_adj,surprise_bps,HC1,-0.16252949842014913,0.01820673175193921,1.3490807422128306,0.8613602808158963,-0.3391543858996334,3.0373158703252945,1.5662212110999087,0.11729683866150949,baseline,car_adj
XLE,213,baseline,d0_p5,car_adj,surprise_bps,HC1,-0.09455840366873813,0.012216226212747427,1.8049619399865622,1.5659822565887989,-1.2643068833562456,4.87423076332937,1.152606890909694,0.24907177355271226,baseline,car_adj
TLT,171,baseline,d0_p5,car_raw,surprise_orth_bps,HC1,0.23390750201471028,0.06573865961834635,-2.982567240989955,0.9543111767793143,-4.852982777521447,-1.1121517044584621,-3.1253613219283056,0.001775867814618392,baseline,auto
XLK,201,baseline,d0_p5,car_adj,surprise_orth_bps,HC1,0.24535177721856272,0.05578507685218659,-2.4066386625343976,0.8734991625527297,-4.118665561663646,-0.694611763405149,-2.7551699712008806,0.00586616522566987,baseline,auto
XLRE,60,baseline,d0_p5,car_adj,surprise_orth_bps,HC1,-0.23890961842347264,0.031228739030701225,-2.354856826951169,1.5939746645618813,-5.4789897617617696,0.7692761078594321,-1.4773489687795152,0.13958211787855718,baseline,auto
SPY,202,baseline,d0_p5,car_raw,surprise_orth_bps,HC1,0.27594246686589263,0.03537778756788523,-2.2711990010615017,0.9151327853553813,-4.064826301429873,-0.4775717006931305,-2.4818245367304894,0.013071162163549838,baseline,auto
QQQ,200,baseline,d0_p5,car_adj,surprise_orth_bps,HC1,0.22917876646421081,0.0398167295472891,-2.251548839160554,0.9077393634705616,-4.030685298912168,-0.4724123794089399,-2.480391321306375,0.01312382639780702,baseline,auto
IEF,171,baseline,d0_p5,car_raw,surprise_orth_bps,HC1,0.17603250310057938,0.10504814324652023,-1.8281230042975063,0.47864080198059267,-2.7662417377108355,-0.890004270884177,-3.819404857949471,0.00013377404437116158,baseline,auto
GLD,152,baseline,d0_p5,car_raw,surprise_orth_bps,HC1,-0.011967039580355054,0.010451114148486207,-1.790806260812048,2.1939972764894686,-6.090961904910373,2.509349383286277,-0.8162299379320329,0.4143686371086909,baseline,auto
XLI,201,baseline,d0_p5,car_adj,surprise_orth_bps,HC1,0.059640401840518054,0.0012264891048993087,-0.2172358224177197,0.4974958478750795,-1.1923097667110931,0.7578381218756538,-0.4366585637761288,0.6623589839680419,baseline,auto
XLY,201,baseline,d0_p5,car_adj,surprise_orth_bps,HC1,-0.03386619274597198,0.00034344720148882235,-0.1370768478601238,0.6278619712629427,-1.367663698797814,1.0935100030775664,-0.21832322092130232,0.8271772831384956,baseline,auto
XLV,201,baseline,d0_p5,car_adj,surprise_orth_bps,HC1,-0.06174270583916977,5.678605995940167e-05,0.06514615331824043,0.7570688575851329,-1.4186815413655032,1.5489738480019843,0.08605049945660287,0.9314262733050797,baseline,auto
XLU,201,baseline,d0_p5,car_adj,surprise_orth_bps,HC1,-0.2001355078715084,0.0011996703289895994,0.38928871485659455,0.8460160532277387,-1.2688722798124947,2.047449709525684,0.46014341379383034,0.6454132842600433,baseline,auto
XLE,201,baseline,d0_p5,car_adj,surprise_orth_bps,HC1,-0.029575910386176935,0.001321987313317119,0.5542057384916641,1.2755439248495943,-1.9458144149124061,3.054225891895734,0.4344858124403777,0.6639356952072628,baseline,auto
XLB,201,baseline,d0_p5,car_adj,surprise_orth_bps,HC1,-0.07025065307928482,0.0039072209288081305,0.678644994893754,0.7726685691921064,-0.8357575727088692,2.1930475624963774,0.8783131888014257,0.37977378043132426,baseline,auto
XLF,201,baseline,d0_p5,car_adj,surprise_orth_bps,HC1,-0.10551909860770482,0.016860816188949967,1.355915623397632,0.9414991472119888,-0.48938879661304063,3.2012200434083047,1.4401665975086992,0.14982027096654946,baseline,auto
XLP,201,baseline,d0_p5,car_adj,surprise_orth_bps,HC1,-0.19398242431360757,0.021406923854925375,1.4532342314749662,0.8804844412114993,-0.2724835622474468,3.178952025197379,1.6504939365826772,0.09884195245284773,baseline,auto
XLK,201,baseline,d0_p5,car_raw,surprise_orth_bps,HC1,0.5095474868078662,0.06810657218146143,-4.678708931348165,1.3300315220857373,-7.285522812939199,-2.071895049757131,-3.5177428907933534,0.00043523383538982945,baseline,car_raw
QQQ,200,baseline,d0_p5,car_raw,surprise_orth_bps,HC1,0.5107477665024465,0.05424994813318207,-4.542861739302659,1.4416056926964136,-7.368356976895547,-1.7173665017097721,-3.1512512487416604,0.001625725765220916,baseline,car_raw
TLT,171,baseline,d0_p5,car_raw,surprise_orth_bps,HC1,0.23390750201471028,0.06573865961834635,-2.982567240989955,0.9543111767793143,-4.852982777521447,-1.1121517044584621,-3.1253613219283056,0.001775867814618392,baseline,car_raw
XLI,201,baseline,d0_p5,car_raw,surprise_orth_bps,HC1,0.3238361114298216,0.03484470028669773,-2.4893060912314904,1.0047515803626934,-4.458583002152071,-0.5200291803109096,-2.47753388985256,0.013229384444272997,baseline,car_raw
XLY,201,baseline,d0_p5,car_raw,surprise_orth_bps,HC1,0.23032951684333158,0.023272591300869228,-2.4091471166738945,1.2660400074200857,-4.890539934204085,0.07224570085629621,-1.9028996734338695,0.057053637609753016,baseline,car_raw
XLRE,60,baseline,d0_p5,car_raw,surprise_orth_bps,HC1,-0.20936313667846063,0.020117019731098584,-2.31356895772348,2.8857663777970126,-7.969567126002233,3.342429210555272,-0.8017173446624093,0.42271648036221654,baseline,car_raw
SPY,202,baseline,d0_p5,car_raw,surprise_orth_bps,HC1,0.27594246686589263,0.03537778756788523,-2.2711990010615017,0.9151327853553813,-4.064826301429873,-0.4775717006931305,-2.4818245367304894,0.013071162163549838,baseline,car_raw
XLV,201,baseline,d0_p5,car_raw,surprise_orth_bps,HC1,0.2024530037501337,0.03715953548473194,-2.206924115495531,0.9601776689764746,-4.088837765449043,-0.32501046554201873,-2.298453907856508,0.02153596835397846,baseline,car_raw
XLU,201,baseline,d0_p5,car_raw,surprise_orth_bps,HC1,0.06406020171779511,0.025591108372576388,-1.8827815539571766,0.9574570991758655,-3.759362985084068,-0.006200122830285482,-1.966439598784935,0.04924785303053654,baseline,car_raw
IEF,171,baseline,d0_p5,car_raw,surprise_orth_bps,HC1,0.17603250310057938,0.10504814324652023,-1.8281230042975063,0.47864080198059267,-2.7662417377108355,-0.890004270884177,-3.819404857949471,0.00013377404437116158,baseline,car_raw
GLD,152,baseline,d0_p5,car_raw,surprise_orth_bps,HC1,-0.011967039580355054,0.010451114148486207,-1.790806260812048,2.1939972764894686,-6.090961904910373,2.509349383286277,-0.8162299379320329,0.4143686371086909,baseline,car_raw
XLE,201,baseline,d0_p5,car_raw,surprise_orth_bps,HC1,0.23461979920312664,0.008358686754336597,-1.7178645303221072,1.6243252041976728,-4.901483429730215,1.4657543690860004,-1.0575865755716312,0.2902439654126612,baseline,car_raw
XLB,201,baseline,d0_p5,car_raw,surprise_orth_bps,HC1,0.19394505651001887,0.009739486938914355,-1.593425273920017,1.1891953890457057,-3.924205407030698,0.7373548591906639,-1.3399188128358739,0.18027174113257804,baseline,car_raw
XLF,201,baseline,d0_p5,car_raw,surprise_orth_bps,HC1,0.15867661098159866,0.0029446666417655143,-0.9161546454161387,1.3190289279209308,-3.501403838707642,1.6690945478753647,-0.694567515558732,0.48732637580737037,baseline,car_raw
XLP,201,baseline,d0_p5,car_raw,surprise_orth_bps,HC1,0.07021328527569601,0.00795513418181848,-0.818836037338806,0.8345433220168742,-2.454510892030292,0.81683881735268,-0.9811785868226616,0.32650468181225445,baseline,car_raw
XLK,201,baseline,d0_p5,car_adj,surprise_orth_bps,HC1,0.24535177721856272,0.05578507685218659,-2.4066386625343976,0.8734991625527297,-4.118665561663646,-0.694611763405149,-2.7551699712008806,0.00586616522566987,baseline,car_adj
XLRE,60,baseline,d0_p5,car_adj,surprise_orth_bps,HC1,-0.23890961842347264,0.031228739030701225,-2.354856826951169,1.5939746645618813,-5.4789897617617696,0.7692761078594321,-1.4773489687795152,0.13958211787855718,baseline,car_adj
QQQ,200,baseline,d0_p5,car_adj,surprise_orth_bps,HC1,0.22917876646421081,0.0398167295472891,-2.251548839160554,0.9077393634705616,-4.030685298912168,-0.4724123794089399,-2.480391321306375,0.01312382639780702,baseline,car_adj
TLT,171,baseline,d0_p5,car_adj,surprise_orth_bps,HC1,-0.04451871062556581,0.009242880256566721,-1.6789363504007795,1.4595254985166517,-4.539553762011285,1.181681061209726,-1.1503302628882606,0.25000787089122856,baseline,car_adj
IEF,171,baseline,d0_p5,car_adj,surprise_orth_bps,HC1,-0.10239370953969655,0.001464911903367283,-0.5244921137083313,1.1684130412834919,-2.8145395936908866,1.765555366274224,-0.44889272472702046,0.6535090445394456,baseline,car_adj
GLD,152,baseline,d0_p5,car_adj,surprise_orth_bps,HC1,-0.27040936185250597,0.0001524224931827023,-0.265433589980148,2.485954366566934,-5.137814615661422,4.606947435701127,-0.10677331553221864,0.9149688175509919,baseline,car_adj
XLI,201,baseline,d0_p5,car_adj,surprise_orth_bps,HC1,0.059640401840518054,0.0012264891048993087,-0.2172358224177197,0.4974958478750795,-1.1923097667110931,0.7578381218756538,-0.4366585637761288,0.6623589839680419,baseline,car_adj
XLY,201,baseline,d0_p5,car_adj,surprise_orth_bps,HC1,-0.03386619274597198,0.00034344720148882235,-0.1370768478601238,0.6278619712629427,-1.367663698797814,1.0935100030775664,-0.21832322092130232,0.8271772831384956,baseline,car_adj
SPY,202,baseline,d0_p5,car_adj,surprise_orth_bps,HC1,0.0,,0.0,0.0,0.0,0.0,,,baseline,car_adj
XLV,201,baseline,d0_p5,car_adj,surprise_orth_bps,HC1,-0.06174270583916977,5.678605995940167e-05,0.06514615331824043,0.7570688575851329,-1.4186815413655032,1.5489738480019843,0.08605049945660287,0.9314262733050797,baseline,car_adj
XLU,201,baseline,d0_p5,car_adj,surprise_orth_bps,HC1,-0.2001355078715084,0.0011996703289895994,0.38928871485659455,0.8460160532277387,-1.2688722798124947,2.047449709525684,0.46014341379383034,0.6454132842600433,baseline,car_adj
XLE,201,baseline,d0_p5,car_adj,surprise_orth_bps,HC1,-0.029575910386176935,0.001321987313317119,0.5542057384916641,1.2755439248495943,-1.9458144149124061,3.054225891895734,0.4344858124403777,0.6639356952072628,baseline,car_adj
XLB,201,baseline,d0_p5,car_adj,surprise_orth_bps,HC1,-0.07025065307928482,0.0039072209288081305,0.678644994893754,0.7726685691921064,-0.8357575727088692,2.1930475624963774,0.8783131888014257,0.37977378043132426,baseline,car_adj
XLF,201,baseline,d0_p5,car_adj,surprise_orth_bps,HC1,-0.10551909860770482,0.016860816188949967,1.355915623397632,0.9414991472119888,-0.48938879661304063,3.2012200434083047,1.4401665975086992,0.14982027096654946,baseline,car_adj
XLP,201,baseline,d0_p5,car_adj,surprise_orth_bps,HC1,-0.19398242431360757,0.021406923854925375,1.4532342314749662,0.8804844412114993,-0.2724835622474468,3.178952025197379,1.6504939365826772,0.09884195245284773,baseline,car_adj
GLD,152,ex_emergency,m5_p5,car_raw,surprise_bps,HC1,0.10937784492914006,0.05097973143261325,-4.612663097563659,1.7428534597026841,-8.028593108911949,-1.1967330862153673,-2.646615567065828,0.008130171978850178,ex_emergency,auto
TLT,171,ex_emergency,m5_p5,car_raw,surprise_bps,HC1,0.19251219812251502,0.10263251930911077,-4.48185098366995,1.198730932224008,-6.83132043798313,-2.1323815293567687,-3.738829843453494,0.00018487880545317885,ex_emergency,auto
XLRE,65,ex_emergency,m5_p5,car_adj,surprise_bps,HC1,-0.39657138527338187,0.048856815826280764,-3.7554862544679977,2.0191415001388546,-7.712930874430329,0.2019583654943341,-1.859942086381631,0.06289372006712458,ex_emergency,auto
SPY,200,ex_emergency,m5_p5,car_raw,surprise_bps,HC1,0.42129662816710567,0.053637199203599106,-3.7348038493856053,1.511888756291495,-6.698051360347991,-0.7715563384232196,-2.4702901148274217,0.013500351515755446,ex_emergency,auto
IEF,171,ex_emergency,m5_p5,car_raw,surprise_bps,HC1,0.1824107301870065,0.12715681238373222,-2.3962147563221063,0.5700041063218744,-3.51340227575292,-1.2790272368912927,-4.203855252525133,2.6240678033558623e-05,ex_emergency,auto
QQQ,198,ex_emergency,m5_p5,car_adj,surprise_bps,HC1,-0.01956690715097706,0.01466671991796531,-1.710602548675484,1.0299219387905334,-3.729212455592595,0.3080073582416274,-1.6609050494489837,0.09673251798547493,ex_emergency,auto
XLK,199,ex_emergency,m5_p5,car_adj,surprise_bps,HC1,0.10340609649626992,0.01192913357985581,-1.3582092716551577,0.9248785371187734,-3.170937894482045,0.4545193511717298,-1.4685271818354844,0.14196107832199958,ex_emergency,auto
XLE,199,ex_emergency,m5_p5,car_adj,surprise_bps,HC1,0.06949123912536065,0.0016868377579324356,-0.8179700116562781,1.3440464953979683,-3.452252736183575,1.816312712871019,-0.60858758566539,0.5427978351491582,ex_emergency,auto
XLI,199,ex_emergency,m5_p5,car_adj,surprise_bps,HC1,0.06307892548331973,0.002399270999481451,-0.39994572016221214,0.5988828290495037,-1.5737344960586974,0.7738430557342733,-0.6678196481221079,0.5042487230406764,ex_emergency,auto
XLB,199,ex_emergency,m5_p5,car_adj,surprise_bps,HC1,-0.07089892248691543,0.0002683826626014296,-0.2228878536224165,1.0246020174459358,-2.2310709063035308,1.7852951990586976,-0.21753602845524106,0.8277906325262283,ex_emergency,auto
XLY,199,ex_emergency,m5_p5,car_adj,surprise_bps,HC1,-0.03294833013457009,5.713133616724875e-05,-0.07735412027343094,0.7465118522060176,-1.540490464629513,1.385782224082651,-0.10362075303271039,0.9174703177809056,ex_emergency,auto
XLU,199,ex_emergency,m5_p5,car_adj,surprise_bps,HC1,0.027288031844323962,0.0007672490930615838,0.3835342396996672,0.9852401846995177,-1.5475010384329781,2.3145695178323127,0.3892799397099692,0.6970690740985035,ex_emergency,auto
XLF,199,ex_emergency,m5_p5,car_adj,surprise_bps,HC1,-0.10995067705826642,0.0013777613206151784,0.48301244223404716,1.441031124587212,-2.34135666255814,3.3073815470262344,0.33518529474677905,0.7374853141666402,ex_emergency,auto
XLV,199,ex_emergency,m5_p5,car_adj,surprise_bps,HC1,0.06644609005774836,0.006576000670525217,0.7928748950989762,1.1561361225644209,-1.4731102663530744,3.0588600565510267,0.6857971822040329,0.4928410134589021,ex_emergency,auto
XLP,199,ex_emergency,m5_p5,car_adj,surprise_bps,HC1,0.0014771330599300256,0.020396777952932488,1.7698223292388748,0.9745931661307093,-0.14034517595617713,3.6799898344339264,1.8159601264857543,0.06937648886988663,ex_emergency,auto
XLRE,65,ex_emergency,m5_p5,car_raw,surprise_bps,HC1,0.09040495459797368,0.0732167662874188,-6.151025205046203,3.423742775936203,-12.861437738210348,0.5593873281179433,-1.7965792431250154,0.07240244209398511,ex_emergency,car_raw
QQQ,198,ex_emergency,m5_p5,car_raw,surprise_bps,HC1,0.3773359256273132,0.04804671793139559,-5.4587877973650185,2.0927146149205336,-9.560433072529872,-1.3571425222001645,-2.608472153080607,0.009094741125814916,ex_emergency,car_raw
XLK,199,ex_emergency,m5_p5,car_raw,surprise_bps,HC1,0.48416675457742026,0.04598819644421703,-5.117741130427217,2.0842716108492936,-9.202838421691114,-1.032643839163319,-2.455409891775983,0.01407240277998204,ex_emergency,car_raw
GLD,152,ex_emergency,m5_p5,car_raw,surprise_bps,HC1,0.10937784492914006,0.05097973143261325,-4.612663097563659,1.7428534597026841,-8.028593108911949,-1.1967330862153673,-2.646615567065828,0.008130171978850178,ex_emergency,car_raw
XLE,199,ex_emergency,m5_p5,car_raw,surprise_bps,HC1,0.45025189720651093,0.03777172796932737,-4.577501870428337,1.780395426176239,-8.067012783973606,-1.0879909568830683,-2.571059104695328,0.010138802174415264,ex_emergency,car_raw
TLT,171,ex_emergency,m5_p5,car_raw,surprise_bps,HC1,0.19251219812251502,0.10263251930911077,-4.48185098366995,1.198730932224008,-6.83132043798313,-2.1323815293567687,-3.738829843453494,0.00018487880545317885,ex_emergency,car_raw
XLI,199,ex_emergency,m5_p5,car_raw,surprise_bps,HC1,0.4438395835644702,0.052591407025672554,-4.159477578934273,1.5633132557053941,-7.223515256670902,-1.0954399011976441,-2.6606808096547767,0.0077982844763080095,ex_emergency,car_raw
XLB,199,ex_emergency,m5_p5,car_raw,surprise_bps,HC1,0.309861735594235,0.037073244546152795,-3.982419712394478,1.9650584713068586,-7.833863543671256,-0.13097588111769948,-2.0266163936312678,0.04270165868906016,ex_emergency,car_raw
XLY,199,ex_emergency,m5_p5,car_raw,surprise_bps,HC1,0.3478123279465803,0.03449735760320449,-3.83688597904549,1.9788299820773865,-7.715321475445208,0.04154951735422796,-1.9389669723002207,0.0525053599479685,ex_emergency,car_raw
SPY,200,ex_emergency,m5_p5,car_raw,surprise_bps,HC1,0.42129662816710567,0.053637199203599106,-3.7348038493856053,1.511888756291495,-6.698051360347991,-0.7715563384232196,-2.4702901148274217,0.013500351515755446,ex_emergency,car_raw
XLU,199,ex_emergency,m5_p5,car_raw,surprise_bps,HC1,0.40804868992547455,0.05600542715151591,-3.375997619072392,1.2150337754687968,-5.75742005899096,-0.9945751791538237,-2.7785216240345503,0.005460687854527345,ex_emergency,car_raw
XLF,199,ex_emergency,m5_p5,car_raw,surprise_bps,HC1,0.27080998102288406,0.019785087794227607,-3.2765194165380103,2.70179413389761,-8.571938612618915,2.018899779542894,-1.2127198647112691,0.22523694233405778,ex_emergency,car_raw
XLV,199,ex_emergency,m5_p5,car_raw,surprise_bps,HC1,0.44720674813889877,0.04158799185226991,-2.9666569636730844,1.0458829187339114,-5.016549816437183,-0.9167641109089859,-2.836509623146305,0.00456096038699218,ex_emergency,car_raw
IEF,171,ex_emergency,m5_p5,car_raw,surprise_bps,HC1,0.1824107301870065,0.12715681238373222,-2.3962147563221063,0.5700041063218744,-3.51340227575292,-1.2790272368912927,-4.203855252525133,2.6240678033558623e-05,ex_emergency,car_raw
XLP,199,ex_emergency,m5_p5,car_raw,surprise_bps,HC1,0.38223779114108053,0.02524886054892783,-1.989709529533184,0.9576973407290927,-3.8667618254519907,-0.11265723361437753,-2.077597425527383,0.03774645350952987,ex_emergency,car_raw
XLRE,65,ex_emergency,m5_p5,car_adj,surprise_bps,HC1,-0.39657138527338187,0.048856815826280764,-3.7554862544679977,2.0191415001388546,-7.712930874430329,0.2019583654943341,-1.859942086381631,0.06289372006712458,ex_emergency,car_adj
GLD,152,ex_emergency,m5_p5,car_adj,surprise_bps,HC1,-0.36204096940889274,0.008822844651624417,-2.5388398106913597,3.151227769056459,-8.715132745124523,3.6374531237418033,-0.8056668691554274,0.4204349575821572,ex_emergency,car_adj
QQQ,198,ex_emergency,m5_p5,car_adj,surprise_bps,HC1,-0.01956690715097706,0.01466671991796531,-1.710602548675484,1.0299219387905334,-3.729212455592595,0.3080073582416274,-1.6609050494489837,0.09673251798547493,ex_emergency,car_adj
TLT,171,ex_emergency,m5_p5,car_adj,surprise_bps,HC1,-0.25259627416411823,0.004138341494088094,-1.4844618372894525,2.578301821518763,-6.537840548740246,3.5689168741613417,-0.5757517699828572,0.5647829774214572,ex_emergency,car_adj
XLK,199,ex_emergency,m5_p5,car_adj,surprise_bps,HC1,0.10340609649626992,0.01192913357985581,-1.3582092716551577,0.9248785371187734,-3.170937894482045,0.4545193511717298,-1.4685271818354844,0.14196107832199958,ex_emergency,car_adj
XLE,199,ex_emergency,m5_p5,car_adj,surprise_bps,HC1,0.06949123912536065,0.0016868377579324356,-0.8179700116562781,1.3440464953979683,-3.452252736183575,1.816312712871019,-0.60858758566539,0.5427978351491582,ex_emergency,car_adj
XLI,199,ex_emergency,m5_p5,car_adj,surprise_bps,HC1,0.06307892548331973,0.002399270999481451,-0.39994572016221214,0.5988828290495037,-1.5737344960586974,0.7738430557342733,-0.6678196481221079,0.5042487230406764,ex_emergency,car_adj
XLB,199,ex_emergency,m5_p5,car_adj,surprise_bps,HC1,-0.07089892248691543,0.0002683826626014296,-0.2228878536224165,1.0246020174459358,-2.2310709063035308,1.7852951990586976,-0.21753602845524106,0.8277906325262283,ex_emergency,car_adj
XLY,199,ex_emergency,m5_p5,car_adj,surprise_bps,HC1,-0.03294833013457009,5.713133616724875e-05,-0.07735412027343094,0.7465118522060176,-1.540490464629513,1.385782224082651,-0.10362075303271039,0.9174703177809056,ex_emergency,car_adj
SPY,200,ex_emergency,m5_p5,car_adj,surprise_bps,HC1,0.0,,0.0,0.0,0.0,0.0,,,ex_emergency,car_adj
XLU,199,ex_emergency,m5_p5,car_adj,surprise_bps,HC1,0.027288031844323962,0.0007672490930615838,0.3835342396996672,0.9852401846995177,-1.5475010384329781,2.3145695178323127,0.3892799397099692,0.6970690740985035,ex_emergency,car_adj
XLF,199,ex_emergency,m5_p5,car_adj,surprise_bps,HC1,-0.10995067705826642,0.0013777613206151784,0.48301244223404716,1.441031124587212,-2.34135666255814,3.3073815470262344,0.33518529474677905,0.7374853141666402,ex_emergency,car_adj
IEF,171,ex_emergency,m5_p5,car_adj,surprise_bps,HC1,-0.26269774209962676,0.0010753656241563325,0.6011743900583887,2.0928266176530244,-3.5006904064283173,4.7030391865450945,0.28725475153434765,0.7739172662668041,ex_emergency,car_adj
XLV,199,ex_emergency,m5_p5,car_adj,surprise_bps,HC1,0.06644609005774836,0.006576000670525217,0.7928748950989762,1.1561361225644209,-1.4731102663530744,3.0588600565510267,0.6857971822040329,0.4928410134589021,ex_emergency,car_adj
XLP,199,ex_emergency,m5_p5,car_adj,surprise_bps,HC1,0.0014771330599300256,0.020396777952932488,1.7698223292388748,0.9745931661307093,-0.14034517595617713,3.6799898344339264,1.8159601264857543,0.06937648886988663,ex_emergency,car_adj
SPY,194,ex_emergency,m5_p5,car_raw,surprise_orth_bps,HC1,0.4036178631682294,0.061721922927953754,-4.358387492474088,1.3126489769731948,-6.931132211684895,-1.785642773263279,-3.3202993099678384,0.0008992098490543068,ex_emergency,auto
TLT,165,ex_emergency,m5_p5,car_raw,surprise_orth_bps,HC1,0.22498603457001842,0.07152678756971864,-4.017252778670143,1.1573154480564194,-6.28554937561256,-1.748956181727725,-3.4711821961909046,0.0005181722880293661,ex_emergency,auto
GLD,146,ex_emergency,m5_p5,car_raw,surprise_orth_bps,HC1,0.05237943512937487,0.023609312744206856,-3.4277645017585447,2.6025217781095558,-8.528613455834416,1.6730844523173263,-1.3170934939297365,0.18780728757600884,ex_emergency,auto
XLRE,59,ex_emergency,m5_p5,car_adj,surprise_orth_bps,HC1,-0.3502121335543227,0.03314410583416405,-3.2894703103002314,2.493982258781663,-8.177585715594143,1.5986450949936817,-1.3189629953130348,0.18718148398953083,ex_emergency,auto
IEF,165,ex_emergency,m5_p5,car_raw,surprise_orth_bps,HC1,0.19352241848128904,0.08031331002735331,-2.0593430319727326,0.5578333906015331,-3.1526763869256023,-0.9660096770198636,-3.6916811841472312,0.00022277661076910415,ex_emergency,auto
QQQ,192,ex_emergency,m5_p5,car_adj,surprise_orth_bps,HC1,-0.03270888212361564,0.013162111799527754,-1.7873332205637373,1.1056400802233541,-3.9543479576654876,0.37968151653801285,-1.6165597218605463,0.10597335217408356,ex_emergency,auto
XLK,193,ex_emergency,m5_p5,car_adj,surprise_orth_bps,HC1,0.05398647886615501,0.0141202446676858,-1.6131773954085777,1.0395001048502728,-3.6505601628407223,0.42420537202356656,-1.5518780497294287,0.12069140597416468,ex_emergency,auto
XLE,193,ex_emergency,m5_p5,car_adj,surprise_orth_bps,HC1,0.07593537754982319,0.0005458398296311895,-0.5002589471848864,1.5393097074136064,-3.517250534768443,2.5167326403986703,-0.324989145962989,0.7451892864736438,ex_emergency,auto
XLI,193,ex_emergency,m5_p5,car_adj,surprise_orth_bps,HC1,0.04969460900794161,0.0017147952039190395,-0.3670652208617715,0.6892872156912087,-1.7180433386204328,0.9839128968968895,-0.5325286941433884,0.5943598737069018,ex_emergency,auto
XLF,193,ex_emergency,m5_p5,car_adj,surprise_orth_bps,HC1,-0.09019804707407761,1.4846844628157996e-06,0.01730937010363371,1.1846793351163203,-2.3046194599532113,2.3392382001604783,0.014611017167725098,0.9883425097627662,ex_emergency,auto
XLY,193,ex_emergency,m5_p5,car_adj,surprise_orth_bps,HC1,-0.03282865572613026,8.291194464926654e-05,0.1022763136082832,0.8745553850348081,-1.6118207435455005,1.8163733707620668,0.11694663981082513,0.9069023384735106,ex_emergency,auto
XLB,193,ex_emergency,m5_p5,car_adj,surprise_orth_bps,HC1,-0.0804638806823654,0.000606431459947876,0.3702588681467549,1.252549805036992,-2.084693638568416,2.825211374861926,0.29560410824208294,0.7675324358596309,ex_emergency,auto
XLU,193,ex_emergency,m5_p5,car_adj,surprise_orth_bps,HC1,0.11724918850094343,0.0023911689967596184,0.7261689217919446,1.010191638054825,-1.2537703062790342,2.7061081498629234,0.7188427368001378,0.4722378222018254,ex_emergency,auto
XLV,193,ex_emergency,m5_p5,car_adj,surprise_orth_bps,HC1,0.09482511799944948,0.008223825767200044,0.9696577084428167,0.9682480023940108,-0.9280735043522961,2.8673889212379295,1.001455934889946,0.3166064335389601,ex_emergency,auto
XLP,193,ex_emergency,m5_p5,car_adj,surprise_orth_bps,HC1,0.03677491832162984,0.017773873224241288,1.8033551793773834,0.9618104645301283,-0.08175869105540752,3.6884690498101738,1.8749589923191088,0.06079836527871128,ex_emergency,auto
QQQ,192,ex_emergency,m5_p5,car_raw,surprise_orth_bps,HC1,0.34785705738392375,0.05088904355545687,-6.171702109711351,1.9953263395426821,-10.082469872619146,-2.2609343468035545,-3.0930790554921814,0.001980913578859574,ex_emergency,car_raw
XLK,193,ex_emergency,m5_p5,car_raw,surprise_orth_bps,HC1,0.41569924786396095,0.052682413672838435,-5.97228280302036,1.9366510596916278,-9.768049130637282,-2.1765164754034396,-3.0838197584087887,0.0020436136570790016,ex_emergency,car_raw
XLRE,59,ex_emergency,m5_p5,car_raw,surprise_orth_bps,HC1,-0.023711316285406,0.060590543885155834,-5.782686133690252,4.0152546735624055,-13.6524406826287,2.0870684152481953,-1.4401791676540778,0.14981671550719133,ex_emergency,car_raw
XLE,193,ex_emergency,m5_p5,car_raw,surprise_orth_bps,HC1,0.43764814654762907,0.03852185393001206,-4.859364354796666,1.7412699368160451,-8.27219071831845,-1.4465379912748828,-2.790701345066655,0.00525939769008292,ex_emergency,car_raw
XLI,193,ex_emergency,m5_p5,car_raw,surprise_orth_bps,HC1,0.41140737800574745,0.05795247765968925,-4.726170628473551,1.453123160308405,-7.574239687779048,-1.878101569168054,-3.252422614660197,0.001144257492802933,ex_emergency,car_raw
SPY,194,ex_emergency,m5_p5,car_raw,surprise_orth_bps,HC1,0.4036178631682294,0.061721922927953754,-4.358387492474088,1.3126489769731948,-6.931132211684895,-1.785642773263279,-3.3202993099678384,0.0008992098490543068,ex_emergency,car_raw
XLF,193,ex_emergency,m5_p5,car_raw,surprise_orth_bps,HC1,0.27151472192372833,0.0293322705228658,-4.341796037508146,2.082057457171251,-8.422553667306845,-0.2610384077094484,-2.0853392026015687,0.037038521303630126,ex_emergency,car_raw
XLY,193,ex_emergency,m5_p5,car_raw,surprise_orth_bps,HC1,0.32888411327167566,0.03500020457417852,-4.256829094003497,1.8329875697275622,-7.84941871477912,-0.6642394732278747,-2.3223447688934367,0.020214378748119398,ex_emergency,car_raw
TLT,165,ex_emergency,m5_p5,car_raw,surprise_orth_bps,HC1,0.22498603457001842,0.07152678756971864,-4.017252778670143,1.1573154480564194,-6.28554937561256,-1.748956181727725,-3.4711821961909046,0.0005181722880293661,ex_emergency,car_raw
XLB,193,ex_emergency,m5_p5,car_raw,surprise_orth_bps,HC1,0.28124888831544037,0.03119236014642468,-3.9888465394650248,1.7666840418923457,-7.451483633635675,-0.5262094452943746,-2.257815458157678,0.02395716707541406,ex_emergency,car_raw
XLU,193,ex_emergency,m5_p5,car_raw,surprise_orth_bps,HC1,0.47896195749874926,0.05463722231717638,-3.6329364858198363,1.2339654409884084,-6.051464308324203,-1.21440866331547,-2.944115260561793,0.0032387935647690646,ex_emergency,car_raw
GLD,146,ex_emergency,m5_p5,car_raw,surprise_orth_bps,HC1,0.05237943512937487,0.023609312744206856,-3.4277645017585447,2.6025217781095558,-8.528613455834416,1.6730844523173263,-1.3170934939297365,0.18780728757600884,ex_emergency,car_raw
XLV,193,ex_emergency,m5_p5,car_raw,surprise_orth_bps,HC1,0.45653788699725545,0.04591387702286265,-3.3894476991689646,1.2227911953213741,-5.786074402611541,-0.9928209957263887,-2.7718940994485566,0.005573116439811929,ex_emergency,car_raw
XLP,193,ex_emergency,m5_p5,car_raw,surprise_orth_bps,HC1,0.3984876873194357,0.03537000734192486,-2.555750228234397,1.0099180480519,-4.535153229753113,-0.5763472267156813,-2.5306511089334016,0.011385103256144691,ex_emergency,car_raw
IEF,165,ex_emergency,m5_p5,car_raw,surprise_orth_bps,HC1,0.19352241848128904,0.08031331002735331,-2.0593430319727326,0.5578333906015331,-3.1526763869256023,-0.9660096770198636,-3.6916811841472312,0.00022277661076910415,ex_emergency,car_raw
XLRE,59,ex_emergency,m5_p5,car_adj,surprise_orth_bps,HC1,-0.3502121335543227,0.03314410583416405,-3.2894703103002314,2.493982258781663,-8.177585715594143,1.5986450949936817,-1.3189629953130348,0.18718148398953083,ex_emergency,car_adj
QQQ,192,ex_emergency,m5_p5,car_adj,surprise_orth_bps,HC1,-0.03270888212361564,0.013162111799527754,-1.7873332205637373,1.1056400802233541,-3.9543479576654876,0.37968151653801285,-1.6165597218605463,0.10597335217408356,ex_emergency,car_adj
XLK,193,ex_emergency,m5_p5,car_adj,surprise_orth_bps,HC1,0.05398647886615501,0.0141202446676858,-1.6131773954085777,1.0395001048502728,-3.6505601628407223,0.42420537202356656,-1.5518780497294287,0.12069140597416468,ex_emergency,car_adj
XLE,193,ex_emergency,m5_p5,car_adj,surprise_orth_bps,HC1,0.07593537754982319,0.0005458398296311895,-0.5002589471848864,1.5393097074136064,-3.517250534768443,2.5167326403986703,-0.324989145962989,0.7451892864736438,ex_emergency,car_adj
TLT,165,ex_emergency,m5_p5,car_adj,surprise_orth_bps,HC1,-0.1783846190228034,0.0003268036270686059,-0.44247354888845,2.1221987983553645,-4.601906761699145,3.7169596639222453,-0.20849769080604166,0.8348403854919375,ex_emergency,car_adj
XLI,193,ex_emergency,m5_p5,car_adj,surprise_orth_bps,HC1,0.04969460900794161,0.0017147952039190395,-0.3670652208617715,0.6892872156912087,-1.7180433386204328,0.9839128968968895,-0.5325286941433884,0.5943598737069018,ex_emergency,car_adj
GLD,146,ex_emergency,m5_p5,car_adj,surprise_orth_bps,HC1,-0.3847189926163443,7.89306667154932e-05,-0.2643278779709527,3.751555516341261,-7.6172415760023915,7.0885858200604845,-0.07045820775397744,0.943828963223982,ex_emergency,car_adj
SPY,194,ex_emergency,m5_p5,car_adj,surprise_orth_bps,HC1,0.0,,0.0,0.0,0.0,0.0,,,ex_emergency,car_adj
XLF,193,ex_emergency,m5_p5,car_adj,surprise_orth_bps,HC1,-0.09019804707407761,1.4846844628157996e-06,0.01730937010363371,1.1846793351163203,-2.3046194599532113,2.3392382001604783,0.014611017167725098,0.9883425097627662,ex_emergency,car_adj
XLY,193,ex_emergency,m5_p5,car_adj,surprise_orth_bps,HC1,-0.03282865572613026,8.291194464926654e-05,0.1022763136082832,0.8745553850348081,-1.6118207435455005,1.8163733707620668,0.11694663981082513,0.9069023384735106,ex_emergency,car_adj
XLB,193,ex_emergency,m5_p5,car_adj,surprise_orth_bps,HC1,-0.0804638806823654,0.000606431459947876,0.3702588681467549,1.252549805036992,-2.084693638568416,2.825211374861926,0.29560410824208294,0.7675324358596309,ex_emergency,car_adj
XLU,193,ex_emergency,m5_p5,car_adj,surprise_orth_bps,HC1,0.11724918850094343,0.0023911689967596184,0.7261689217919446,1.010191638054825,-1.2537703062790342,2.7061081498629234,0.7188427368001378,0.4722378222018254,ex_emergency,car_adj
XLV,193,ex_emergency,m5_p5,car_adj,surprise_orth_bps,HC1,0.09482511799944948,0.008223825767200044,0.9696577084428167,0.9682480023940108,-0.9280735043522961,2.8673889212379295,1.001455934889946,0.3166064335389601,ex_emergency,car_adj
IEF,165,ex_emergency,m5_p5,car_adj,surprise_orth_bps,HC1,-0.2098482351115329,0.0060729345385655,1.5154361978089608,1.7376819568463746,-1.8903578541950177,4.921230249812939,0.8721021656685923,0.3831526448090913,ex_emergency,car_adj
XLP,193,ex_emergency,m5_p5,car_adj,surprise_orth_bps,HC1,0.03677491832162984,0.017773873224241288,1.8033551793773834,0.9618104645301283,-0.08175869105540752,3.6884690498101738,1.8749589923191088,0.06079836527871128,ex_emergency,car_adj
GLD,152,ex_emergency,m1_p1,car_raw,surprise_bps,HC1,0.2300323552463655,0.034146437700821375,-2.4668086760098,1.2801132863011582,-4.975784613291282,0.042167261271680925,-1.9270237270464992,0.053976673048817765,ex_emergency,auto
SPY,200,ex_emergency,m1_p1,car_raw,surprise_bps,HC1,0.3217293650291908,0.05323272226229281,-2.460340267781749,0.8120966335889013,-4.052020421582217,-0.868660113981282,-3.029615154182772,0.002448655364515,ex_emergency,auto
XLRE,65,ex_emergency,m1_p1,car_adj,surprise_bps,HC1,0.16138103072723137,0.030237373818198354,-1.7109816493698933,1.3814510900309922,-4.418576032234238,0.9966127334944511,-1.2385394327145582,0.21551611014037464,ex_emergency,auto
XLE,199,ex_emergency,m1_p1,car_adj,surprise_bps,HC1,-0.051853188535496086,0.01992451098234682,-1.6996180616853152,0.8260613014292281,-3.3186684615088877,-0.08056766186174263,-2.057496288404606,0.03963851157827846,ex_emergency,auto
TLT,171,ex_emergency,m1_p1,car_raw,surprise_bps,HC1,0.3739611193481368,0.036395703394890955,-1.6794526068672802,0.893178670250813,-3.4300506323182502,0.07114541858369051,-1.880309800048935,0.06006586845594766,ex_emergency,auto
XLY,199,ex_emergency,m1_p1,car_adj,surprise_bps,HC1,0.061841486427655884,0.05711877090975659,-1.319844991094688,0.5022313032446762,-2.3042002573628677,-0.33548972482650796,-2.627962420039931,0.008589800460921036,ex_emergency,auto
XLB,199,ex_emergency,m1_p1,car_adj,surprise_bps,HC1,-0.07309168792689619,0.022433779326021752,-1.2390309820161407,0.6332796491488113,-2.4802362864899723,0.0021743224576910303,-1.9565305527842514,0.05040268692903006,ex_emergency,auto
IEF,171,ex_emergency,m1_p1,car_raw,surprise_bps,HC1,0.21476550278544096,0.06048089067019269,-1.0839995271892133,0.38846436886504176,-1.8453756994417778,-0.32262335493664884,-2.79047350045587,0.005263100838735544,ex_emergency,auto
XLF,199,ex_emergency,m1_p1,car_adj,surprise_bps,HC1,-0.13985774733318135,0.015540396908411913,-0.8795790902429306,0.5140935545311301,-1.8871839418081238,0.1280257613222627,-1.7109319548756743,0.0870936748403259,ex_emergency,auto
XLI,199,ex_emergency,m1_p1,car_adj,surprise_bps,HC1,-0.029514208490439817,0.023878758637379427,-0.7038821765399493,0.3640479547042564,-1.417403056405761,0.009638703325862141,-1.9334875184555451,0.053176169201810425,ex_emergency,auto
XLK,199,ex_emergency,m1_p1,car_adj,surprise_bps,HC1,0.18581239297253518,0.0009462340503716415,-0.1977181315042289,0.4657699007475298,-1.1106103620521828,0.715174099043725,-0.4244974421638333,0.6712030703428543,ex_emergency,auto
QQQ,198,ex_emergency,m1_p1,car_adj,surprise_bps,HC1,0.2070403759680728,0.00047092364703604783,-0.1497974641643144,0.5112815212036479,-1.1518908316843162,0.8522959033556873,-0.29298431089718335,0.7695341438489309,ex_emergency,auto
XLU,199,ex_emergency,m1_p1,car_adj,surprise_bps,HC1,-0.18386971350219616,0.00034748334102374656,0.14207852065462115,0.6648589076681727,-1.1610209931756386,1.4451780344848808,0.21369725067371997,0.8307831554658851,ex_emergency,auto
XLP,199,ex_emergency,m1_p1,car_adj,surprise_bps,HC1,-0.14620853317154758,0.017853204261990108,0.8247077443709172,0.4428504859216199,-0.04326325857152008,1.6926787473133544,1.8622712870114864,0.06256486058121896,ex_emergency,auto
XLV,199,ex_emergency,m1_p1,car_adj,surprise_bps,HC1,0.026795568267322985,0.035813285476592016,1.1870672051302342,0.4842448632600579,0.23796471344199754,2.1361696968184707,2.45137800148999,0.014231041865056644,ex_emergency,auto
XLE,199,ex_emergency,m1_p1,car_raw,surprise_bps,HC1,0.25151733679224014,0.0650119380970553,-4.171157705219003,0.9815074017022902,-6.09487686311498,-2.2474385473230267,-4.249746561243146,2.140125208449362e-05,ex_emergency,car_raw
XLY,199,ex_emergency,m1_p1,car_raw,surprise_bps,HC1,0.36521201175539236,0.09107313362422886,-3.7913846346283755,1.0040038913102192,-5.759196101934472,-1.8235731673222788,-3.776264880488302,0.00015919769321131634,ex_emergency,car_raw
XLB,199,ex_emergency,m1_p1,car_raw,surprise_bps,HC1,0.23027883740084004,0.07242145620336715,-3.7105706255498263,1.0220877954720753,-5.713825893713034,-1.707315357386618,-3.6303834582390375,0.00028300046558897953,ex_emergency,car_raw
XLF,199,ex_emergency,m1_p1,car_raw,surprise_bps,HC1,0.16351277799455488,0.057771484867268574,-3.3511187337766186,1.069790442055697,-5.447869471210969,-1.2543679963422694,-3.1325001626834017,0.0017332433148139958,ex_emergency,car_raw
XLI,199,ex_emergency,m1_p1,car_raw,surprise_bps,HC1,0.2738563168372963,0.07228591200156831,-3.1754218200736366,0.8151248240293414,-4.7730371180756945,-1.5778065220715782,-3.8956264445202735,9.794524802353599e-05,ex_emergency,car_raw
XLK,199,ex_emergency,m1_p1,car_raw,surprise_bps,HC1,0.4891829183002714,0.04070665231868098,-2.6692577750379156,1.0365391410583635,-4.700837160078391,-0.6376783899974401,-2.575163512216679,0.010019270861425426,ex_emergency,car_raw
QQQ,198,ex_emergency,m1_p1,car_raw,surprise_bps,HC1,0.5169330293918957,0.036495059905891636,-2.6167525925503807,1.0951700502288075,-4.7632464479457655,-0.4702587371549959,-2.389357334967001,0.01687787752032726,ex_emergency,car_raw
XLRE,65,ex_emergency,m1_p1,car_raw,surprise_bps,HC1,0.23836757047859708,0.03140003287390358,-2.596681933317244,2.3230637692372373,-7.149803254812097,1.9564393881776083,-1.1177833203303962,0.2636595469585329,ex_emergency,car_raw
GLD,152,ex_emergency,m1_p1,car_raw,surprise_bps,HC1,0.2300323552463655,0.034146437700821375,-2.4668086760098,1.2801132863011582,-4.975784613291282,0.042167261271680925,-1.9270237270464992,0.053976673048817765,ex_emergency,car_raw
SPY,200,ex_emergency,m1_p1,car_raw,surprise_bps,HC1,0.3217293650291908,0.05323272226229281,-2.460340267781749,0.8120966335889013,-4.052020421582217,-0.868660113981282,-3.029615154182772,0.002448655364515,ex_emergency,car_raw
XLU,199,ex_emergency,m1_p1,car_raw,surprise_bps,HC1,0.11950081182554032,0.048052644205612505,-2.329461122879067,0.8639925598640297,-4.022855423123132,-0.6360668226350021,-2.696158776234907,0.007014422285966538,ex_emergency,car_raw
TLT,171,ex_emergency,m1_p1,car_raw,surprise_bps,HC1,0.3739611193481368,0.036395703394890955,-1.6794526068672802,0.893178670250813,-3.4300506323182502,0.07114541858369051,-1.880309800048935,0.06006586845594766,ex_emergency,car_raw
XLP,199,ex_emergency,m1_p1,car_raw,surprise_bps,HC1,0.15716199215618876,0.03643898043034888,-1.64683189916277,0.6023034372661468,-2.8273249439690975,-0.46633885435644234,-2.7342229800941102,0.006252768488896627,ex_emergency,car_raw
XLV,199,ex_emergency,m1_p1,car_raw,surprise_bps,HC1,0.3301660935950592,0.018063758821560638,-1.2844724384034532,0.662802421110337,-2.5835413126456643,0.014596435838757846,-1.9379416814013515,0.052630337962062006,ex_emergency,car_raw
IEF,171,ex_emergency,m1_p1,car_raw,surprise_bps,HC1,0.21476550278544096,0.06048089067019269,-1.0839995271892133,0.38846436886504176,-1.8453756994417778,-0.32262335493664884,-2.79047350045587,0.005263100838735544,ex_emergency,car_raw
XLRE,65,ex_emergency,m1_p1,car_adj,surprise_bps,HC1,0.16138103072723137,0.030237373818198354,-1.7109816493698933,1.3814510900309922,-4.418576032234238,0.9966127334944511,-1.2385394327145582,0.21551611014037464,ex_emergency,car_adj
XLE,199,ex_emergency,m1_p1,car_adj,surprise_bps,HC1,-0.051853188535496086,0.01992451098234682,-1.6996180616853152,0.8260613014292281,-3.3186684615088877,-0.08056766186174263,-2.057496288404606,0.03963851157827846,ex_emergency,car_adj
XLY,199,ex_emergency,m1_p1,car_adj,surprise_bps,HC1,0.061841486427655884,0.05711877090975659,-1.319844991094688,0.5022313032446762,-2.3042002573628677,-0.33548972482650796,-2.627962420039931,0.008589800460921036,ex_emergency,car_adj
XLB,199,ex_emergency,m1_p1,car_adj,surprise_bps,HC1,-0.07309168792689619,0.022433779326021752,-1.2390309820161407,0.6332796491488113,-2.4802362864899723,0.0021743224576910303,-1.9565305527842514,0.05040268692903006,ex_emergency,car_adj
XLF,199,ex_emergency,m1_p1,car_adj,surprise_bps,HC1,-0.13985774733318135,0.015540396908411913,-0.8795790902429306,0.5140935545311301,-1.8871839418081238,0.1280257613222627,-1.7109319548756743,0.0870936748403259,ex_emergency,car_adj
XLI,199,ex_emergency,m1_p1,car_adj,surprise_bps,HC1,-0.029514208490439817,0.023878758637379427,-0.7038821765399493,0.3640479547042564,-1.417403056405761,0.009638703325862141,-1.9334875184555451,0.053176169201810425,ex_emergency,car_adj
XLK,199,ex_emergency,m1_p1,car_adj,surprise_bps,HC1,0.18581239297253518,0.0009462340503716415,-0.1977181315042289,0.4657699007475298,-1.1106103620521828,0.715174099043725,-0.4244974421638333,0.6712030703428543,ex_emergency,car_adj
QQQ,198,ex_emergency,m1_p1,car_adj,surprise_bps,HC1,0.2070403759680728,0.00047092364703604783,-0.1497974641643144,0.5112815212036479,-1.1518908316843162,0.8522959033556873,-0.29298431089718335,0.7695341438489309,ex_emergency,car_adj
SPY,200,ex_emergency,m1_p1,car_adj,surprise_bps,HC1,0.0,,0.0,0.0,0.0,0.0,,,ex_emergency,car_adj
XLU,199,ex_emergency,m1_p1,car_adj,surprise_bps,HC1,-0.18386971350219616,0.00034748334102374656,0.14207852065462115,0.6648589076681727,-1.1610209931756386,1.4451780344848808,0.21369725067371997,0.8307831554658851,ex_emergency,car_adj
XLP,199,ex_emergency,m1_p1,car_adj,surprise_bps,HC1,-0.14620853317154758,0.017853204261990108,0.8247077443709172,0.4428504859216199,-0.04326325857152008,1.6926787473133544,1.8622712870114864,0.06256486058121896,ex_emergency,car_adj
GLD,152,ex_emergency,m1_p1,car_adj,surprise_bps,HC1,-0.010070879629896681,0.0020864218028249226,0.8316700073434988,2.008993245518936,-3.1058843990578495,4.769224413744848,0.41397352091578243,0.67889349903992,ex_emergency,car_adj
XLV,199,ex_emergency,m1_p1,car_adj,surprise_bps,HC1,0.026795568267322985,0.035813285476592016,1.1870672051302342,0.4842448632600579,0.23796471344199754,2.1361696968184707,2.45137800148999,0.014231041865056644,ex_emergency,car_adj
TLT,171,ex_emergency,m1_p1,car_adj,surprise_bps,HC1,0.12859803992950414,0.005698876547048259,1.2346163926106193,1.5010549131145114,-1.7073971759107236,4.176629961131962,0.8224991516459157,0.4107928693068562,ex_emergency,car_adj
IEF,171,ex_emergency,m1_p1,car_adj,surprise_bps,HC1,-0.030597576633191542,0.019647493706896002,1.8300694722886868,1.1453064698134208,-0.41468995980632856,4.074828904383702,1.597886260597846,0.11006829235336293,ex_emergency,car_adj
SPY,194,ex_emergency,m1_p1,car_raw,surprise_orth_bps,HC1,0.34023177261878107,0.03608421739596457,-2.158394261484189,1.0318048956437031,-4.180694696017956,-0.136093826950422,-2.09186278394003,0.03645079207639375,ex_emergency,auto
XLE,193,ex_emergency,m1_p1,car_adj,surprise_orth_bps,HC1,0.020226083553111743,0.01970095876869682,-1.6914285064501786,0.9114690573394365,-3.4778750318581477,0.09501801895779038,-1.855716870287875,0.06349392489129473,ex_emergency,auto
XLRE,59,ex_emergency,m1_p1,car_adj,surprise_orth_bps,HC1,0.2073845431315232,0.016344668942312346,-1.253444996776488,1.4439295903778393,-4.083494990128726,1.5766049965757498,-0.868079029011722,0.38535107052605,ex_emergency,auto
TLT,165,ex_emergency,m1_p1,car_raw,surprise_orth_bps,HC1,0.3499061589041444,0.017008238860229397,-1.2212716278995457,0.8874086365038025,-2.960560595016795,0.5180173392177037,-1.3762223824089552,0.16875279456620784,ex_emergency,auto
GLD,146,ex_emergency,m1_p1,car_raw,surprise_orth_bps,HC1,0.17705577594093824,0.0059803833198583956,-1.1447923345538757,2.0773525009777782,-5.216328419664528,2.926743750556777,-0.5510823675880909,0.5815772120223186,ex_emergency,auto
XLY,193,ex_emergency,m1_p1,car_adj,surprise_orth_bps,HC1,0.06283455712793379,0.029671397258746124,-1.0513576150249604,0.48340007208979363,-1.9988043464450218,-0.10391088360489892,-2.1749223380952785,0.02963593664825216,ex_emergency,auto
IEF,165,ex_emergency,m1_p1,car_raw,surprise_orth_bps,HC1,0.20628236518770962,0.03439433470558817,-0.8800682383802971,0.47116402165483273,-1.8035327516348194,0.04339627487422518,-1.8678595943919951,0.06178164416657121,ex_emergency,auto
XLF,193,ex_emergency,m1_p1,car_adj,surprise_orth_bps,HC1,-0.08464446327536151,0.007430245418210579,-0.6237135175019571,0.6495885052995637,-1.8968835926603078,0.6494565576563937,-0.9601671095062342,0.33697111735675445,ex_emergency,auto
XLB,193,ex_emergency,m1_p1,car_adj,surprise_orth_bps,HC1,-0.0537084035406373,0.004195844470525456,-0.5793473253495253,0.7544836574280337,-2.0581081208325274,0.8994134701334767,-0.7678725969021883,0.4425628791009917,ex_emergency,auto
XLI,193,ex_emergency,m1_p1,car_adj,surprise_orth_bps,HC1,0.001480005219384059,0.012706451483519232,-0.5088499917580189,0.3590289405147869,-1.2125337845745747,0.19483380105853693,-1.4172951936086653,0.15639663982699653,ex_emergency,auto
XLK,193,ex_emergency,m1_p1,car_adj,surprise_orth_bps,HC1,0.15084092080739497,0.0025414525715022895,-0.348170195773,0.5454918096290763,-1.417314496507569,0.720974104961569,-0.6382684205831595,0.5232989650844159,ex_emergency,auto
QQQ,192,ex_emergency,m1_p1,car_adj,surprise_orth_bps,HC1,0.1829675124639708,0.001866683234213462,-0.3210892079335831,0.5426435014280708,-1.3846509271773115,0.7424725113101451,-0.5917129885248326,0.5540427974838682,ex_emergency,auto
XLU,193,ex_emergency,m1_p1,car_adj,surprise_orth_bps,HC1,-0.15653876838496525,0.0006068749958724196,0.19924076085417472,0.6710144240229903,-1.1159233433377749,1.5144048650461241,0.2969247064163681,0.7665239933430787,ex_emergency,auto
XLP,193,ex_emergency,m1_p1,car_adj,surprise_orth_bps,HC1,-0.1331100262538456,0.013289146353129833,0.7661887301728856,0.5281616100513372,-0.26898900354442346,1.8013664638901947,1.4506709984059845,0.14687149485488873,ex_emergency,auto
XLV,193,ex_emergency,m1_p1,car_adj,surprise_orth_bps,HC1,0.03309999604265378,0.027346151115769768,1.132975851926488,0.5562236553725415,0.04279752004708766,2.2231541838058884,2.0369069905300154,0.04165936347460651,ex_emergency,auto
XLE,193,ex_emergency,m1_p1,car_raw,surprise_orth_bps,HC1,0.34176253096973674,0.05526507585270124,-3.850143054936043,1.2214557116861167,-6.244152258551572,-1.4561338513205142,-3.152093864804353,0.0016210415407304224,ex_emergency,car_raw
XLY,193,ex_emergency,m1_p1,car_raw,surprise_orth_bps,HC1,0.3843710045445588,0.056264196971386404,-3.210072163510823,1.1403080997277282,-5.445034970256478,-0.9751093567651671,-2.8150919600389517,0.004876327794275789,ex_emergency,car_raw
XLF,193,ex_emergency,m1_p1,car_raw,surprise_orth_bps,HC1,0.23689198414126356,0.037197592829349535,-2.782428065987821,1.4357349219947837,-5.596416804444021,0.031560672468379514,-1.9379817425642654,0.05262545003544874,ex_emergency,car_raw
XLB,193,ex_emergency,m1_p1,car_raw,surprise_orth_bps,HC1,0.26782804387598785,0.034982580968324406,-2.7380618738353886,1.247729060025764,-5.183565893949901,-0.29255785372087584,-2.1944362454608943,0.028204062596539785,ex_emergency,car_raw
XLRE,59,ex_emergency,m1_p1,car_raw,surprise_orth_bps,HC1,0.3198494544554692,0.037349359799700665,-2.6684264152141415,2.2832263616189175,-7.143467852539645,1.8066150221113626,-1.1687086572187693,0.2425210327851931,ex_emergency,car_raw
XLI,193,ex_emergency,m1_p1,car_raw,surprise_orth_bps,HC1,0.32301645263600914,0.04773573834900735,-2.667564540243883,1.0154082335797303,-4.657728107665589,-0.6774009728221768,-2.6270857887764256,0.008611961900630983,ex_emergency,car_raw
XLK,193,ex_emergency,m1_p1,car_raw,surprise_orth_bps,HC1,0.4723773682240201,0.030780049421111122,-2.5068847442588638,1.2725108549560697,-5.0009601899090335,-0.012809298608694453,-1.9700301451223436,0.04883491580357308,ex_emergency,car_raw
QQQ,192,ex_emergency,m1_p1,car_raw,surprise_orth_bps,HC1,0.5125616280759729,0.02801882396911126,-2.490601131405827,1.2717362957975062,-4.9831584690013155,0.001956206189661705,-1.9584257676973593,0.05018007362158289,ex_emergency,car_raw
SPY,194,ex_emergency,m1_p1,car_raw,surprise_orth_bps,HC1,0.34023177261878107,0.03608421739596457,-2.158394261484189,1.0318048956437031,-4.180694696017956,-0.136093826950422,-2.09186278394003,0.03645079207639375,ex_emergency,car_raw
XLU,193,ex_emergency,m1_p1,car_raw,surprise_orth_bps,HC1,0.16499767903165985,0.029449313058172,-1.9594737876316894,1.0978973812045947,-4.111313113513537,0.19236553825015856,-1.78475130843448,0.07430166446617867,ex_emergency,car_raw
XLP,193,ex_emergency,m1_p1,car_raw,surprise_orth_bps,HC1,0.18842642116277952,0.022283809145177358,-1.392525818312978,0.7457543708186521,-2.8541775264308646,0.06912588980490832,-1.867271413755621,0.061863695275493985,ex_emergency,car_raw
TLT,165,ex_emergency,m1_p1,car_raw,surprise_orth_bps,HC1,0.3499061589041444,0.017008238860229397,-1.2212716278995457,0.8874086365038025,-2.960560595016795,0.5180173392177037,-1.3762223824089552,0.16875279456620784,ex_emergency,car_raw
GLD,146,ex_emergency,m1_p1,car_raw,surprise_orth_bps,HC1,0.17705577594093824,0.0059803833198583956,-1.1447923345538757,2.0773525009777782,-5.216328419664528,2.926743750556777,-0.5510823675880909,0.5815772120223186,ex_emergency,car_raw
XLV,193,ex_emergency,m1_p1,car_raw,surprise_orth_bps,HC1,0.3546364434592789,0.010374950780102754,-1.0257386965593762,0.7834064511292668,-2.561187126029077,0.5097097329103245,-1.3093314397408802,0.19042210424838024,ex_emergency,car_raw
IEF,165,ex_emergency,m1_p1,car_raw,surprise_orth_bps,HC1,0.20628236518770962,0.03439433470558817,-0.8800682383802971,0.47116402165483273,-1.8035327516348194,0.04339627487422518,-1.8678595943919951,0.06178164416657121,ex_emergency,car_raw
XLE,193,ex_emergency,m1_p1,car_adj,surprise_orth_bps,HC1,0.020226083553111743,0.01970095876869682,-1.6914285064501786,0.9114690573394365,-3.4778750318581477,0.09501801895779038,-1.855716870287875,0.06349392489129473,ex_emergency,car_adj
XLRE,59,ex_emergency,m1_p1,car_adj,surprise_orth_bps,HC1,0.2073845431315232,0.016344668942312346,-1.253444996776488,1.4439295903778393,-4.083494990128726,1.5766049965757498,-0.868079029011722,0.38535107052605,ex_emergency,car_adj
XLY,193,ex_emergency,m1_p1,car_adj,surprise_orth_bps,HC1,0.06283455712793379,0.029671397258746124,-1.0513576150249604,0.48340007208979363,-1.9988043464450218,-0.10391088360489892,-2.1749223380952785,0.02963593664825216,ex_emergency,car_adj
XLF,193,ex_emergency,m1_p1,car_adj,surprise_orth_bps,HC1,-0.08464446327536151,0.007430245418210579,-0.6237135175019571,0.6495885052995637,-1.8968835926603078,0.6494565576563937,-0.9601671095062342,0.33697111735675445,ex_emergency,car_adj
XLB,193,ex_emergency,m1_p1,car_adj,surprise_orth_bps,HC1,-0.0537084035406373,0.004195844470525456,-0.5793473253495253,0.7544836574280337,-2.0581081208325274,0.8994134701334767,-0.7678725969021883,0.4425628791009917,ex_emergency,car_adj
XLI,193,ex_emergency,m1_p1,car_adj,surprise_orth_bps,HC1,0.001480005219384059,0.012706451483519232,-0.5088499917580189,0.3590289405147869,-1.2125337845745747,0.19483380105853693,-1.4172951936086653,0.15639663982699653,ex_emergency,car_adj
XLK,193,ex_emergency,m1_p1,car_adj,surprise_orth_bps,HC1,0.15084092080739497,0.0025414525715022895,-0.348170195773,0.5454918096290763,-1.417314496507569,0.720974104961569,-0.6382684205831595,0.5232989650844159,ex_emergency,car_adj
QQQ,192,ex_emergency,m1_p1,car_adj,surprise_orth_bps,HC1,0.1829675124639708,0.001866683234213462,-0.3210892079335831,0.5426435014280708,-1.3846509271773115,0.7424725113101451,-0.5917129885248326,0.5540427974838682,ex_emergency,car_adj
SPY,194,ex_emergency,m1_p1,car_adj,surprise_orth_bps,HC1,0.0,,0.0,0.0,0.0,0.0,,,ex_emergency,car_adj
XLU,193,ex_emergency,m1_p1,car_adj,surprise_orth_bps,HC1,-0.15653876838496525,0.0006068749958724196,0.19924076085417472,0.6710144240229903,-1.1159233433377749,1.5144048650461241,0.2969247064163681,0.7665239933430787,ex_emergency,car_adj
XLP,193,ex_emergency,m1_p1,car_adj,surprise_orth_bps,HC1,-0.1331100262538456,0.013289146353129833,0.7661887301728856,0.5281616100513372,-0.26898900354442346,1.8013664638901947,1.4506709984059845,0.14687149485488873,ex_emergency,car_adj
TLT,165,ex_emergency,m1_p1,car_adj,surprise_orth_bps,HC1,0.10120797318938757,0.0040341511376679184,1.078673668834574,1.7554378866807858,-2.3619213661568708,4.519268703826019,0.6144755545148624,0.5389011220474729,ex_emergency,car_adj
XLV,193,ex_emergency,m1_p1,car_adj,surprise_orth_bps,HC1,0.03309999604265378,0.027346151115769768,1.132975851926488,0.5562236553725415,0.04279752004708766,2.2231541838058884,2.0369069905300154,0.04165936347460651,ex_emergency,car_adj
IEF,165,ex_emergency,m1_p1,car_adj,surprise_orth_bps,HC1,-0.04241582052704716,0.010922608901518194,1.419877058353824,1.4665609181553716,-1.4545295223646981,4.294283639072346,0.9681678004482308,0.33296057322941086,ex_emergency,car_adj
GLD,146,ex_emergency,m1_p1,car_adj,surprise_orth_bps,HC1,-0.07011717360808331,0.006235458399729943,1.5695839443135307,3.0940828449152167,-4.494706996903523,7.633874885530585,0.5072856878712761,0.6119543792481883,ex_emergency,car_adj
SPY,200,ex_emergency,d0_p1,car_raw,surprise_bps,HC1,0.19270257999210877,0.05982372369852629,-2.041416867568003,0.616781645507101,-3.2502866790872718,-0.8325470560487342,-3.3097886139098804,0.000933664537574998,ex_emergency,auto
GLD,152,ex_emergency,d0_p1,car_raw,surprise_bps,HC1,0.10625494986645298,0.02364928537432953,-1.7558722954459007,1.0464235657217653,-3.806824796834543,0.29508020594274165,-1.6779747254973147,0.09335203318172201,ex_emergency,auto
TLT,171,ex_emergency,d0_p1,car_raw,surprise_bps,HC1,0.22382123862256773,0.03197249332319341,-1.4215801541967044,0.8019285596797016,-2.9933312493429987,0.15017094094958994,-1.7727017413677073,0.07627814240888793,ex_emergency,auto
XLB,199,ex_emergency,d0_p1,car_adj,surprise_bps,HC1,-0.08030204361264424,0.031682693004021045,-1.2224634618084158,0.4771030238230363,-2.1575682054167227,-0.28735871820010916,-2.5622630768775916,0.010399251313183836,ex_emergency,auto
IEF,171,ex_emergency,d0_p1,car_raw,surprise_bps,HC1,0.14526921199946402,0.08176145636711474,-1.1084006099060018,0.3479514963018984,-1.7903730110245444,-0.4264282087874591,-3.185503214345437,0.001445024986194477,ex_emergency,auto
XLRE,65,ex_emergency,d0_p1,car_adj,surprise_bps,HC1,0.047110426333441424,0.019732807592722557,-1.079205254421394,1.1209296576906522,-3.2761870126978834,1.1177765038550957,-0.9627769655455283,0.335659462684321,ex_emergency,auto
XLY,199,ex_emergency,d0_p1,car_adj,surprise_bps,HC1,0.08540538821915002,0.04170068697425944,-0.9407029805683597,0.3898844938134106,-1.704862546573274,-0.17654341456344538,-2.412773514964557,0.015831653870650327,ex_emergency,auto
XLE,199,ex_emergency,d0_p1,car_adj,surprise_bps,HC1,-0.10161599738082774,0.0074231671139581845,-0.8015080289273996,0.6603218834669583,-2.0957151387262924,0.4926990808714931,-1.2138141245889909,0.22481871139166687,ex_emergency,auto
XLF,199,ex_emergency,d0_p1,car_adj,surprise_bps,HC1,-0.08743241785095193,0.007944012847400539,-0.5616541498782146,0.7194006216289812,-1.9716534587267445,0.848345158970315,-0.7807251383887159,0.43496417214337,ex_emergency,auto
XLI,199,ex_emergency,d0_p1,car_adj,surprise_bps,HC1,0.0035433904628459096,0.013307962316590372,-0.4492839479885212,0.26355600837959875,-0.9658442323216714,0.06727633634462894,-1.7047000777968198,0.08825037534562263,ex_emergency,auto
QQQ,198,ex_emergency,d0_p1,car_adj,surprise_bps,HC1,0.16011367579251942,0.002744612670686042,-0.3201868817946362,0.40589916740409554,-1.1157346312614578,0.4753608676721853,-0.7888335515501861,0.4302092968487936,ex_emergency,auto
XLK,199,ex_emergency,d0_p1,car_adj,surprise_bps,HC1,0.12423252355226505,0.0018062427192940822,-0.23098052574896483,0.38163870539092054,-0.9789786434216612,0.5170175919237315,-0.6052334904353233,0.5450238662105245,ex_emergency,auto
XLU,199,ex_emergency,d0_p1,car_adj,surprise_bps,HC1,-0.10049284655027874,0.0004518755389353313,0.1429538839991397,0.5972365878133781,-1.0276083183646745,1.313516086362954,0.2393588854335383,0.8108273081257336,ex_emergency,auto
XLP,199,ex_emergency,d0_p1,car_adj,surprise_bps,HC1,-0.12486663966932005,0.018332101104379328,0.7137805539024261,0.3847308287434759,-0.04027801417703404,1.4678391219818863,1.855272571302957,0.06355731298600788,ex_emergency,auto
XLV,199,ex_emergency,d0_p1,car_adj,surprise_bps,HC1,-0.0015274806457396678,0.03982297385212674,0.9859545574223121,0.3383731041709421,0.32275545991024573,1.6491536549343786,2.913808885130006,0.003570484170564421,ex_emergency,auto
XLB,199,ex_emergency,d0_p1,car_raw,surprise_bps,HC1,0.10039978594283487,0.09052600638407349,-3.2712011032178294,0.8567533240769023,-4.9504067620435315,-1.5919954443921278,-3.818136459222195,0.0001344635471343072,ex_emergency,car_raw
XLY,199,ex_emergency,d0_p1,car_raw,surprise_bps,HC1,0.2661072177746291,0.09041435257694674,-2.9894406219777716,0.7910725363802728,-4.539914302441858,-1.4389669415136852,-3.778971566446508,0.00015747740257876652,ex_emergency,car_raw
XLE,199,ex_emergency,d0_p1,car_raw,surprise_bps,HC1,0.07908583217465141,0.053165322761818845,-2.8502456703368133,0.8004923567118976,-4.419181859391723,-1.2813094812819041,-3.5606157216097385,0.00036998621098826786,ex_emergency,car_raw
XLF,199,ex_emergency,d0_p1,car_raw,surprise_bps,HC1,0.09326941170452716,0.05181996293023228,-2.6103917912876278,1.1171558279896494,-4.799976979266364,-0.42080660330889136,-2.33664071375351,0.01945787361007816,ex_emergency,car_raw
XLI,199,ex_emergency,d0_p1,car_raw,surprise_bps,HC1,0.1842452200183251,0.06972632629602848,-2.498021589397934,0.676742260114353,-3.824412046038303,-1.1716311327575648,-3.6912451558379535,0.00022315891665226177,ex_emergency,car_raw
QQQ,198,ex_emergency,d0_p1,car_raw,surprise_bps,HC1,0.3437338226541268,0.038757369016419796,-2.3668731881645657,0.8489613649619889,-4.030806887756029,-0.7029394885731028,-2.7879633701240802,0.005304054067068514,ex_emergency,car_raw
XLK,199,ex_emergency,d0_p1,car_raw,surprise_bps,HC1,0.3049343531077442,0.0430948631255087,-2.279718167158378,0.7566978867424513,-3.7628187723511517,-0.7966175619656046,-3.012719087894453,0.0025891846693329363,ex_emergency,car_raw
SPY,200,ex_emergency,d0_p1,car_raw,surprise_bps,HC1,0.19270257999210877,0.05982372369852629,-2.041416867568003,0.616781645507101,-3.2502866790872718,-0.8325470560487342,-3.3097886139098804,0.000933664537574998,ex_emergency,car_raw
XLRE,65,ex_emergency,d0_p1,car_raw,surprise_bps,HC1,-0.025781282070307887,0.027773395603305273,-2.0303324985270774,1.9443537632977836,-5.8411958477956505,1.7805308507414959,-1.0442196974914004,0.29638375569334074,ex_emergency,car_raw
XLU,199,ex_emergency,d0_p1,car_raw,surprise_bps,HC1,0.08020898300520046,0.05906065285081852,-1.9057837574102738,0.5949721885041209,-3.071907818681327,-0.7396596961392209,-3.203147633172225,0.0013593427629253472,ex_emergency,car_raw
GLD,152,ex_emergency,d0_p1,car_raw,surprise_bps,HC1,0.10625494986645298,0.02364928537432953,-1.7558722954459007,1.0464235657217653,-3.806824796834543,0.29508020594274165,-1.6779747254973147,0.09335203318172201,ex_emergency,car_raw
TLT,171,ex_emergency,d0_p1,car_raw,surprise_bps,HC1,0.22382123862256773,0.03197249332319341,-1.4215801541967044,0.8019285596797016,-2.9933312493429987,0.15017094094958994,-1.7727017413677073,0.07627814240888793,ex_emergency,car_raw
XLP,199,ex_emergency,d0_p1,car_raw,surprise_bps,HC1,0.05583518988615915,0.039760089318238934,-1.3349570875069872,0.4620240007506433,-2.240507488971355,-0.4294066860426193,-2.8893674037238384,0.0038601776661928624,ex_emergency,car_raw
IEF,171,ex_emergency,d0_p1,car_raw,surprise_bps,HC1,0.14526921199946402,0.08176145636711474,-1.1084006099060018,0.3479514963018984,-1.7903730110245444,-0.4264282087874591,-3.185503214345437,0.001445024986194477,ex_emergency,car_raw
XLV,199,ex_emergency,d0_p1,car_raw,surprise_bps,HC1,0.17917434890973932,0.01921384457002584,-1.062783083987101,0.5665291382330125,-2.173159791116319,0.04759362314211719,-1.8759548490336964,0.060661480052873105,ex_emergency,car_raw
XLB,199,ex_emergency,d0_p1,car_adj,surprise_bps,HC1,-0.08030204361264424,0.031682693004021045,-1.2224634618084158,0.4771030238230363,-2.1575682054167227,-0.28735871820010916,-2.5622630768775916,0.010399251313183836,ex_emergency,car_adj
XLRE,65,ex_emergency,d0_p1,car_adj,surprise_bps,HC1,0.047110426333441424,0.019732807592722557,-1.079205254421394,1.1209296576906522,-3.2761870126978834,1.1177765038550957,-0.9627769655455283,0.335659462684321,ex_emergency,car_adj
XLY,199,ex_emergency,d0_p1,car_adj,surprise_bps,HC1,0.08540538821915002,0.04170068697425944,-0.9407029805683597,0.3898844938134106,-1.704862546573274,-0.17654341456344538,-2.412773514964557,0.015831653870650327,ex_emergency,car_adj
XLE,199,ex_emergency,d0_p1,car_adj,surprise_bps,HC1,-0.10161599738082774,0.0074231671139581845,-0.8015080289273996,0.6603218834669583,-2.0957151387262924,0.4926990808714931,-1.2138141245889909,0.22481871139166687,ex_emergency,car_adj
XLF,199,ex_emergency,d0_p1,car_adj,surprise_bps,HC1,-0.08743241785095193,0.007944012847400539,-0.5616541498782146,0.7194006216289812,-1.9716534587267445,0.848345158970315,-0.7807251383887159,0.43496417214337,ex_emergency,car_adj
XLI,199,ex_emergency,d0_p1,car_adj,surprise_bps,HC1,0.0035433904628459096,0.013307962316590372,-0.4492839479885212,0.26355600837959875,-0.9658442323216714,0.06727633634462894,-1.7047000777968198,0.08825037534562263,ex_emergency,car_adj
QQQ,198,ex_emergency,d0_p1,car_adj,surprise_bps,HC1,0.16011367579251942,0.002744612670686042,-0.3201868817946362,0.40589916740409554,-1.1157346312614578,0.4753608676721853,-0.7888335515501861,0.4302092968487936,ex_emergency,car_adj
XLK,199,ex_emergency,d0_p1,car_adj,surprise_bps,HC1,0.12423252355226505,0.0018062427192940822,-0.23098052574896483,0.38163870539092054,-0.9789786434216612,0.5170175919237315,-0.6052334904353233,0.5450238662105245,ex_emergency,car_adj
SPY,200,ex_emergency,d0_p1,car_adj,surprise_bps,HC1,0.0,,0.0,0.0,0.0,0.0,,,ex_emergency,car_adj
XLU,199,ex_emergency,d0_p1,car_adj,surprise_bps,HC1,-0.10049284655027874,0.0004518755389353313,0.1429538839991397,0.5972365878133781,-1.0276083183646745,1.313516086362954,0.2393588854335383,0.8108273081257336,ex_emergency,car_adj
XLP,199,ex_emergency,d0_p1,car_adj,surprise_bps,HC1,-0.12486663966932005,0.018332101104379328,0.7137805539024261,0.3847308287434759,-0.04027801417703404,1.4678391219818863,1.855272571302957,0.06355731298600788,ex_emergency,car_adj
GLD,152,ex_emergency,d0_p1,car_adj,surprise_bps,HC1,-0.01555959734650715,0.004864042294878024,0.92676837823953,1.2515661322213254,-1.526256165184363,3.379792921663423,0.740486942223874,0.45900458146351863,ex_emergency,car_adj
XLV,199,ex_emergency,d0_p1,car_adj,surprise_bps,HC1,-0.0015274806457396678,0.03982297385212674,0.9859545574223121,0.3383731041709421,0.32275545991024573,1.6491536549343786,2.913808885130006,0.003570484170564421,ex_emergency,car_adj
TLT,171,ex_emergency,d0_p1,car_adj,surprise_bps,HC1,0.07862721784475879,0.006142517417089044,1.0032418494130084,1.1030344178796103,-1.1586658833391317,3.1651495821651485,0.9095290529025962,0.3630709292382692,ex_emergency,car_adj
IEF,171,ex_emergency,d0_p1,car_adj,surprise_bps,HC1,7.519122165512704e-05,0.019002290160114677,1.3164213937037115,0.8162039624136089,-0.2833089766658459,2.9161517640732693,1.6128583715899911,0.10677528101917881,ex_emergency,car_adj
SPY,194,ex_emergency,d0_p1,car_raw,surprise_orth_bps,HC1,0.22094612475096664,0.04906693004582019,-1.9602300549699956,0.678940676364543,-3.290929328283765,-0.6295307816562264,-2.8871890037083165,0.0038870065901196534,ex_emergency,auto
GLD,146,ex_emergency,d0_p1,car_raw,surprise_orth_bps,HC1,0.07962204739785403,0.008427860678224763,-1.1656325830888332,1.7022733700000232,-4.502027080130504,2.170761913952838,-0.6847505245816171,0.4935013605849172,ex_emergency,auto
TLT,165,ex_emergency,d0_p1,car_raw,surprise_orth_bps,HC1,0.22250558462643305,0.0144551711229568,-1.018498662765865,0.7428300887751318,-2.4744188833978145,0.4374215578660844,-1.3711058264283411,0.17034196895911802,ex_emergency,auto
IEF,165,ex_emergency,d0_p1,car_raw,surprise_orth_bps,HC1,0.14549279974387036,0.051160563864254494,-0.9444647720437189,0.3632587443006827,-1.656438827942302,-0.2324907161451361,-2.5999780786060045,0.009322971579649056,ex_emergency,auto
XLB,193,ex_emergency,d0_p1,car_adj,surprise_orth_bps,HC1,-0.07479034907771805,0.009723554960623382,-0.7274743848723607,0.5945077805113631,-1.8926882232034759,0.4377394534587544,-1.2236583081328676,0.22108115359704572,ex_emergency,auto
XLY,193,ex_emergency,d0_p1,car_adj,surprise_orth_bps,HC1,0.08953699656267822,0.01994148782365157,-0.7187299085632497,0.36873349930015226,-1.4414342870849732,0.003974469958473951,-1.9491852786019785,0.05127330237448156,ex_emergency,auto
XLRE,59,ex_emergency,d0_p1,car_adj,surprise_orth_bps,HC1,0.12053422548963752,0.007011731326802995,-0.6647680435176554,1.1394842492027708,-2.8981161329057503,1.5685800458704393,-0.5833937976613138,0.5596282321807453,ex_emergency,auto
XLE,193,ex_emergency,d0_p1,car_adj,surprise_orth_bps,HC1,-0.0616857448737958,0.0037307409600855213,-0.5713290825772028,0.8246936872409859,-2.187699007847075,1.0450408426926692,-0.6927773201327455,0.48844930728523805,ex_emergency,auto
QQQ,192,ex_emergency,d0_p1,car_adj,surprise_orth_bps,HC1,0.14523967052333947,0.0039069222071361764,-0.41442816538325183,0.4581676791210115,-1.3124203153407386,0.4835639845742348,-0.9045338295759463,0.3657124044844843,ex_emergency,auto
XLK,193,ex_emergency,d0_p1,car_adj,surprise_orth_bps,HC1,0.09947829245924472,0.0048835766974266726,-0.4104855531204673,0.442251104056124,-1.2772817891935462,0.4563106829526115,-0.9281730432229166,0.3533178151556763,ex_emergency,auto
XLI,193,ex_emergency,d0_p1,car_adj,surprise_orth_bps,HC1,0.018992921745686266,0.006176628066917433,-0.31241905191935465,0.2878835240585957,-0.8766603908166724,0.25182228697796305,-1.0852272735683375,0.2778210074688102,ex_emergency,auto
XLF,193,ex_emergency,d0_p1,car_adj,surprise_orth_bps,HC1,-0.05616462638122258,0.0014371269030682976,-0.2502797464372101,0.6230665889886071,-1.4714678208251006,0.9709083279506805,-0.40169020592722965,0.6879120333581203,ex_emergency,auto
XLU,193,ex_emergency,d0_p1,car_adj,surprise_orth_bps,HC1,-0.07300237089855742,1.6196910690435828e-07,-0.0028851901335003906,0.6192475392270479,-1.2165880645335687,1.2108176842665679,-0.004659187079050357,0.996282520013596,ex_emergency,auto
XLP,193,ex_emergency,d0_p1,car_adj,surprise_orth_bps,HC1,-0.11994600377885109,0.01202760379722656,0.618420357807368,0.4206712070044242,-0.20608005725429712,1.4429207728690332,1.4700800708731752,0.14154006917474773,ex_emergency,auto
XLV,193,ex_emergency,d0_p1,car_adj,surprise_orth_bps,HC1,0.0021828875403589014,0.04198115808894676,1.1054485905382796,0.38024781345558245,0.360176570965233,1.8507206101113263,2.9071793483630626,0.0036470403266823342,ex_emergency,auto
XLB,193,ex_emergency,d0_p1,car_raw,surprise_orth_bps,HC1,0.1340531831377048,0.055329918384873555,-2.687911780609837,0.9447650545138835,-4.539617261309069,-0.8362062999106045,-2.845058427772677,0.004440327736813087,ex_emergency,car_raw
XLY,193,ex_emergency,d0_p1,car_raw,surprise_orth_bps,HC1,0.29838052877810095,0.06294791042444958,-2.6791673043007247,0.854780759407359,-4.3545068074169455,-1.0038278011845043,-3.1343327219464543,0.0017224542904581523,ex_emergency,car_raw
XLE,193,ex_emergency,d0_p1,car_raw,surprise_orth_bps,HC1,0.14715778734162682,0.042769095870126006,-2.5317664783146787,0.9209191879618007,-4.336734919391681,-0.7267980372376769,-2.7491733383447485,0.0059745781694341095,ex_emergency,car_raw
QQQ,192,ex_emergency,d0_p1,car_raw,surprise_orth_bps,HC1,0.358197185139282,0.03315047486387812,-2.3803783483922687,0.9539452843052142,-4.250076748852312,-0.5106799479322265,-2.495298616760779,0.012585116931448039,ex_emergency,car_raw
XLK,193,ex_emergency,d0_p1,car_raw,surprise_orth_bps,HC1,0.30832182467466746,0.039922271569352574,-2.3709229488579453,0.8648414009919596,-4.06598094714135,-0.6758649505745413,-2.7414540355474815,0.006116791830856807,ex_emergency,car_raw
XLI,193,ex_emergency,d0_p1,car_raw,surprise_orth_bps,HC1,0.22783645396110896,0.05402351021013252,-2.2728564476568294,0.7297422960214174,-3.7031250658543744,-0.8425878294592848,-3.1146014970607143,0.0018419357369899713,ex_emergency,car_raw
XLF,193,ex_emergency,d0_p1,car_raw,surprise_orth_bps,HC1,0.15267890583420024,0.0349370236737242,-2.2107171421746856,1.0657358509738564,-4.299521027116591,-0.12191325723278079,-2.074357487509273,0.03804612246192904,ex_emergency,car_raw
XLRE,59,ex_emergency,d0_p1,car_raw,surprise_orth_bps,HC1,0.10175552144369843,0.032244807774208906,-2.0721757619434755,1.9050324470878892,-5.805970747615944,1.6616192237289933,-1.0877377784882816,0.2767108848781117,ex_emergency,car_raw
XLU,193,ex_emergency,d0_p1,car_raw,surprise_orth_bps,HC1,0.13584116131686527,0.05447449913276681,-1.9633225858709757,0.7246592411958236,-3.3836285996789144,-0.5430165720630372,-2.709304558969158,0.006742441590331048,ex_emergency,car_raw
SPY,194,ex_emergency,d0_p1,car_raw,surprise_orth_bps,HC1,0.22094612475096664,0.04906693004582019,-1.9602300549699956,0.678940676364543,-3.290929328283765,-0.6295307816562264,-2.8871890037083165,0.0038870065901196534,ex_emergency,car_raw
XLP,193,ex_emergency,d0_p1,car_raw,surprise_orth_bps,HC1,0.08889752843657173,0.034777749893757925,-1.3420170379301082,0.5470154767052512,-2.4141476712584096,-0.269886404601807,-2.453343817643442,0.014153498663331168,ex_emergency,car_raw
GLD,146,ex_emergency,d0_p1,car_raw,surprise_orth_bps,HC1,0.07962204739785403,0.008427860678224763,-1.1656325830888332,1.7022733700000232,-4.502027080130504,2.170761913952838,-0.6847505245816171,0.4935013605849172,ex_emergency,car_raw
TLT,165,ex_emergency,d0_p1,car_raw,surprise_orth_bps,HC1,0.22250558462643305,0.0144551711229568,-1.018498662765865,0.7428300887751318,-2.4744188833978145,0.4374215578660844,-1.3711058264283411,0.17034196895911802,ex_emergency,car_raw
IEF,165,ex_emergency,d0_p1,car_raw,surprise_orth_bps,HC1,0.14549279974387036,0.051160563864254494,-0.9444647720437189,0.3632587443006827,-1.656438827942302,-0.2324907161451361,-2.5999780786060045,0.009322971579649056,ex_emergency,car_raw
XLV,193,ex_emergency,d0_p1,car_raw,surprise_orth_bps,HC1,0.21102641975578162,0.01090779592117841,-0.8549888051991962,0.5873812752731155,-2.00623494992771,0.29625733952931743,-1.4555942471977013,0.14550481928937967,ex_emergency,car_raw
XLB,193,ex_emergency,d0_p1,car_adj,surprise_orth_bps,HC1,-0.07479034907771805,0.009723554960623382,-0.7274743848723607,0.5945077805113631,-1.8926882232034759,0.4377394534587544,-1.2236583081328676,0.22108115359704572,ex_emergency,car_adj
XLY,193,ex_emergency,d0_p1,car_adj,surprise_orth_bps,HC1,0.08953699656267822,0.01994148782365157,-0.7187299085632497,0.36873349930015226,-1.4414342870849732,0.003974469958473951,-1.9491852786019785,0.05127330237448156,ex_emergency,car_adj
XLRE,59,ex_emergency,d0_p1,car_adj,surprise_orth_bps,HC1,0.12053422548963752,0.007011731326802995,-0.6647680435176554,1.1394842492027708,-2.8981161329057503,1.5685800458704393,-0.5833937976613138,0.5596282321807453,ex_emergency,car_adj
XLE,193,ex_emergency,d0_p1,car_adj,surprise_orth_bps,HC1,-0.0616857448737958,0.0037307409600855213,-0.5713290825772028,0.8246936872409859,-2.187699007847075,1.0450408426926692,-0.6927773201327455,0.48844930728523805,ex_emergency,car_adj
QQQ,192,ex_emergency,d0_p1,car_adj,surprise_orth_bps,HC1,0.14523967052333947,0.0039069222071361764,-0.41442816538325183,0.4581676791210115,-1.3124203153407386,0.4835639845742348,-0.9045338295759463,0.3657124044844843,ex_emergency,car_adj
XLK,193,ex_emergency,d0_p1,car_adj,surprise_orth_bps,HC1,0.09947829245924472,0.0048835766974266726,-0.4104855531204673,0.442251104056124,-1.2772817891935462,0.4563106829526115,-0.9281730432229166,0.3533178151556763,ex_emergency,car_adj
XLI,193,ex_emergency,d0_p1,car_adj,surprise_orth_bps,HC1,0.018992921745686266,0.006176628066917433,-0.31241905191935465,0.2878835240585957,-0.8766603908166724,0.25182228697796305,-1.0852272735683375,0.2778210074688102,ex_emergency,car_adj
XLF,193,ex_emergency,d0_p1,car_adj,surprise_orth_bps,HC1,-0.05616462638122258,0.0014371269030682976,-0.2502797464372101,0.6230665889886071,-1.4714678208251006,0.9709083279506805,-0.40169020592722965,0.6879120333581203,ex_emergency,car_adj
XLU,193,ex_emergency,d0_p1,car_adj,surprise_orth_bps,HC1,-0.07300237089855742,1.6196910690435828e-07,-0.0028851901335003906,0.6192475392270479,-1.2165880645335687,1.2108176842665679,-0.004659187079050357,0.996282520013596,ex_emergency,car_adj
SPY,194,ex_emergency,d0_p1,car_adj,surprise_orth_bps,HC1,0.0,,0.0,0.0,0.0,0.0,,,ex_emergency,car_adj
XLP,193,ex_emergency,d0_p1,car_adj,surprise_orth_bps,HC1,-0.11994600377885109,0.01202760379722656,0.618420357807368,0.4206712070044242,-0.20608005725429712,1.4429207728690332,1.4700800708731752,0.14154006917474773,ex_emergency,car_adj
XLV,193,ex_emergency,d0_p1,car_adj,surprise_orth_bps,HC1,0.0021828875403589014,0.04198115808894676,1.1054485905382796,0.38024781345558245,0.360176570965233,1.8507206101113263,2.9071793483630626,0.0036470403266823342,ex_emergency,car_adj
TLT,165,ex_emergency,d0_p1,car_adj,surprise_orth_bps,HC1,0.0564489310229391,0.008660705881258002,1.2236037714785155,1.1330230717191618,-0.9970806427439844,3.4442881857010152,1.0799460328922634,0.28016621280859444,ex_emergency,car_adj
IEF,165,ex_emergency,d0_p1,car_adj,surprise_orth_bps,HC1,-0.020563853859623775,0.017581180968720855,1.2976376622006613,0.8814290748198663,-0.42993157937273735,3.0252069037740603,1.4721974793784216,0.14096755789735071,ex_emergency,car_adj
GLD,146,ex_emergency,d0_p1,car_adj,surprise_orth_bps,HC1,-0.06996725309430035,0.010304928070455133,1.4615069338447537,1.9832772689987719,-2.425645084749796,5.348658952439303,0.7369150832765677,0.4611739909110548,ex_emergency,car_adj
TLT,171,ex_emergency,d0_p5,car_raw,surprise_bps,HC1,0.20487522192948018,0.06953849460669237,-2.9150560114823767,0.9733339371955361,-4.822755473316198,-1.007356549648555,-2.9949187016755197,0.002745179991602723,ex_emergency,auto
XLRE,65,ex_emergency,d0_p5,car_adj,surprise_bps,HC1,-0.4091985368862732,0.032635753714246096,-2.323379429698852,1.551579985752889,-5.364420320907684,0.7176614615099802,-1.4974280739845036,0.134281907902959,ex_emergency,auto
SPY,200,ex_emergency,d0_p5,car_raw,surprise_bps,HC1,0.2172654179941187,0.031092438571644343,-2.00942671170513,0.8681470170522436,-3.7109635984134073,-0.30788982499685214,-2.3146156955397403,0.02063397313628903,ex_emergency,auto
GLD,152,ex_emergency,d0_p5,car_raw,surprise_bps,HC1,-0.04759492299761947,0.01267461161652339,-1.840963899015737,1.4926274306303877,-4.766459905387855,1.0845321073563805,-1.2333713432013207,0.21743725148737492,ex_emergency,auto
IEF,171,ex_emergency,d0_p5,car_raw,surprise_bps,HC1,0.17471431807444987,0.10855579397604753,-1.7030419003065975,0.41664260405339293,-2.51964639867623,-0.8864374019369655,-4.0875366170866965,4.3597787931830326e-05,ex_emergency,auto
QQQ,198,ex_emergency,d0_p5,car_adj,surprise_bps,HC1,0.17789755326107287,0.02149920339649114,-1.5398396613129566,0.8336104377524948,-3.1736860964445155,0.09400677381860185,-1.8471933550454736,0.0647191221058765,ex_emergency,auto
XLK,199,ex_emergency,d0_p5,car_adj,surprise_bps,HC1,0.2060777949642325,0.024813437764029778,-1.4443810654902711,0.6638640692365716,-2.7455307318241564,-0.14323139915638616,-2.1757180911316323,0.029576346598501748,ex_emergency,auto
XLI,199,ex_emergency,d0_p5,car_adj,surprise_bps,HC1,0.01217960659297787,0.006062980228941917,-0.4915232342057966,0.4702833241349766,-1.413261612040127,0.43021514362853386,-1.045164072338495,0.2959471452975323,ex_emergency,auto
XLB,199,ex_emergency,d0_p5,car_adj,surprise_bps,HC1,-0.09266398321889341,0.0011692410260183417,-0.3592577382618634,0.8167846407879563,-1.960126217331743,1.2416107408080164,-0.4398438955895224,0.6600501729083568,ex_emergency,auto
XLU,199,ex_emergency,d0_p5,car_adj,surprise_bps,HC1,-0.15335528563882583,0.0010027683364661755,-0.35053345745894554,0.7528892169868031,-1.8261692071016418,1.1251022921837506,-0.46558437755536325,0.6415130274785177,ex_emergency,auto
XLE,199,ex_emergency,d0_p5,car_adj,surprise_bps,HC1,0.015463504969984651,3.195740494699173e-05,-0.08618268647257597,1.300733709926077,-2.6355739114048564,2.4632085384597047,-0.06625697928400263,0.9471732334809859,ex_emergency,auto
XLY,199,ex_emergency,d0_p5,car_adj,surprise_bps,HC1,-0.04760599334004693,0.0001722967584071311,0.09321041842581734,0.5927874664958784,-1.0686316663928483,1.2550525032444828,0.15724087247797003,0.8750550173516667,ex_emergency,auto
XLV,199,ex_emergency,d0_p5,car_adj,surprise_bps,HC1,-0.06184712204920042,0.002047357896112434,0.3658646970086747,0.8746003983678298,-1.3483205846566553,2.0800499786740048,0.41832212481431247,0.6757116154625733,ex_emergency,auto
XLF,199,ex_emergency,d0_p5,car_adj,surprise_bps,HC1,-0.2278253703598925,0.003331874602647833,0.5746465891126447,0.7214664989632991,-0.8394017649076256,1.9886949431329146,0.7964979523489654,0.4257426652106392,ex_emergency,auto
XLP,199,ex_emergency,d0_p5,car_adj,surprise_bps,HC1,-0.08346109820780621,0.0069962675798262985,0.7600380568044065,0.6981808058224144,-0.6083711773046785,2.1284472909134915,1.0885977535706215,0.2763313078593169,ex_emergency,auto
QQQ,198,ex_emergency,d0_p5,car_raw,surprise_bps,HC1,0.39882264897279374,0.036370064722888173,-3.5455559377660255,1.5314233664429795,-6.547090581077351,-0.5440212944546999,-2.3152029774766008,0.02060182639462282,ex_emergency,car_raw
XLK,199,ex_emergency,d0_p5,car_raw,surprise_bps,HC1,0.41109241735569624,0.04146440720904032,-3.461281085173762,1.3817471654144318,-6.169455765126357,-0.7531064052211669,-2.5050032102910875,0.012245028196455414,ex_emergency,car_raw
TLT,171,ex_emergency,d0_p5,car_raw,surprise_bps,HC1,0.20487522192948018,0.06953849460669237,-2.9150560114823767,0.9733339371955361,-4.822755473316198,-1.007356549648555,-2.9949187016755197,0.002745179991602723,ex_emergency,car_raw
XLRE,65,ex_emergency,d0_p5,car_raw,surprise_bps,HC1,-0.4233434218813533,0.026717142324092058,-2.6935868061024926,2.5473754471763153,-7.686350937669685,2.2991773254647003,-1.057396862754663,0.29033050272855687,ex_emergency,car_raw
XLI,199,ex_emergency,d0_p5,car_raw,surprise_bps,HC1,0.21719422898444174,0.03902179224856395,-2.5084232538892874,0.8228931624592616,-4.121264215433708,-0.8955822923448671,-3.0482976020759804,0.0023014188522407046,ex_emergency,car_raw
XLB,199,ex_emergency,d0_p5,car_raw,surprise_bps,HC1,0.11235063917257043,0.02351470440659198,-2.3761577579453563,1.2883523011666125,-4.9012818676312175,0.14896635174050482,-1.8443385056973378,0.06513382314907867,ex_emergency,car_raw
XLU,199,ex_emergency,d0_p5,car_raw,surprise_bps,HC1,0.05165933675263801,0.042390095232540004,-2.3674334771424355,0.800872326154263,-3.937114392619607,-0.7977525616652645,-2.9560685265661477,0.0031158785424525897,ex_emergency,car_raw
XLE,199,ex_emergency,d0_p5,car_raw,surprise_bps,HC1,0.22047812736144845,0.013204502087575065,-2.1030827061560666,1.6516092785541021,-5.340177408654289,1.1340119963421553,-1.273353651777257,0.20289257623656065,ex_emergency,car_raw
SPY,200,ex_emergency,d0_p5,car_raw,surprise_bps,HC1,0.2172654179941187,0.031092438571644343,-2.00942671170513,0.8681470170522436,-3.7109635984134073,-0.30788982499685214,-2.3146156955397403,0.02063397313628903,ex_emergency,car_raw
XLY,199,ex_emergency,d0_p5,car_raw,surprise_bps,HC1,0.1574086290514169,0.017268828520586976,-1.9236896012576732,1.1745486608174263,-4.22576267454958,0.3783834720342341,-1.6378117530855494,0.1014609690619428,ex_emergency,car_raw
GLD,152,ex_emergency,d0_p5,car_raw,surprise_bps,HC1,-0.04759492299761947,0.01267461161652339,-1.840963899015737,1.4926274306303877,-4.766459905387855,1.0845321073563805,-1.2333713432013207,0.21743725148737492,ex_emergency,car_raw
IEF,171,ex_emergency,d0_p5,car_raw,surprise_bps,HC1,0.17471431807444987,0.10855579397604753,-1.7030419003065975,0.41664260405339293,-2.51964639867623,-0.8864374019369655,-4.0875366170866965,4.3597787931830326e-05,ex_emergency,car_raw
XLV,199,ex_emergency,d0_p5,car_raw,surprise_bps,HC1,0.1431675003422634,0.02592167165092385,-1.6510353226748167,0.7555748995323235,-3.1319349133806407,-0.17013573196899295,-2.1851378648189006,0.028878739682580857,ex_emergency,car_raw
XLF,199,ex_emergency,d0_p5,car_raw,surprise_bps,HC1,-0.02281074796842869,0.0074947438477935835,-1.442253430570847,1.1340555400080585,-3.664961445454764,0.78045458431307,-1.271766134629172,0.20345622477821124,ex_emergency,car_raw
XLP,199,ex_emergency,d0_p5,car_raw,surprise_bps,HC1,0.1215535241836576,0.020963380345938476,-1.2568619628790851,0.5842761104229353,-2.4020220963351857,-0.11170182942298428,-2.1511438521237682,0.03146484716903597,ex_emergency,car_raw
XLRE,65,ex_emergency,d0_p5,car_adj,surprise_bps,HC1,-0.4091985368862732,0.032635753714246096,-2.323379429698852,1.551579985752889,-5.364420320907684,0.7176614615099802,-1.4974280739845036,0.134281907902959,ex_emergency,car_adj
TLT,171,ex_emergency,d0_p5,car_adj,surprise_bps,HC1,-0.03494218203527027,0.01226310639004724,-1.843762325643683,1.4861893471967602,-4.756639920356427,1.069115269069061,-1.2405971884547378,0.21475459110814343,ex_emergency,car_adj
QQQ,198,ex_emergency,d0_p5,car_adj,surprise_bps,HC1,0.17789755326107287,0.02149920339649114,-1.5398396613129566,0.8336104377524948,-3.1736860964445155,0.09400677381860185,-1.8471933550454736,0.0647191221058765,ex_emergency,car_adj
XLK,199,ex_emergency,d0_p5,car_adj,surprise_bps,HC1,0.2060777949642325,0.024813437764029778,-1.4443810654902711,0.6638640692365716,-2.7455307318241564,-0.14323139915638616,-2.1757180911316323,0.029576346598501748,ex_emergency,car_adj
GLD,152,ex_emergency,d0_p5,car_adj,surprise_bps,HC1,-0.2535296539480455,0.0019291385274339268,-0.8771294277722906,1.7092766433008575,-4.227250088257488,2.4729912327129067,-0.5131582597878529,0.6078406209560349,ex_emergency,car_adj
IEF,171,ex_emergency,d0_p5,car_adj,surprise_bps,HC1,-0.06510308589030056,0.0023991712672351007,-0.6317482144679032,1.0794873170267392,-2.7475044776080835,1.484008048672277,-0.5852298628277951,0.5583931676965239,ex_emergency,car_adj
XLI,199,ex_emergency,d0_p5,car_adj,surprise_bps,HC1,0.01217960659297787,0.006062980228941917,-0.4915232342057966,0.4702833241349766,-1.413261612040127,0.43021514362853386,-1.045164072338495,0.2959471452975323,ex_emergency,car_adj
XLB,199,ex_emergency,d0_p5,car_adj,surprise_bps,HC1,-0.09266398321889341,0.0011692410260183417,-0.3592577382618634,0.8167846407879563,-1.960126217331743,1.2416107408080164,-0.4398438955895224,0.6600501729083568,ex_emergency,car_adj
XLU,199,ex_emergency,d0_p5,car_adj,surprise_bps,HC1,-0.15335528563882583,0.0010027683364661755,-0.35053345745894554,0.7528892169868031,-1.8261692071016418,1.1251022921837506,-0.46558437755536325,0.6415130274785177,ex_emergency,car_adj
XLE,199,ex_emergency,d0_p5,car_adj,surprise_bps,HC1,0.015463504969984651,3.195740494699173e-05,-0.08618268647257597,1.300733709926077,-2.6355739114048564,2.4632085384597047,-0.06625697928400263,0.9471732334809859,ex_emergency,car_adj
SPY,200,ex_emergency,d0_p5,car_adj,surprise_bps,HC1,0.0,,0.0,0.0,0.0,0.0,,,ex_emergency,car_adj
XLY,199,ex_emergency,d0_p5,car_adj,surprise_bps,HC1,-0.04760599334004693,0.0001722967584071311,0.09321041842581734,0.5927874664958784,-1.0686316663928483,1.2550525032444828,0.15724087247797003,0.8750550173516667,ex_emergency,car_adj
XLV,199,ex_emergency,d0_p5,car_adj,surprise_bps,HC1,-0.06184712204920042,0.002047357896112434,0.3658646970086747,0.8746003983678298,-1.3483205846566553,2.0800499786740048,0.41832212481431247,0.6757116154625733,ex_emergency,car_adj
XLF,199,ex_emergency,d0_p5,car_adj,surprise_bps,HC1,-0.2278253703598925,0.003331874602647833,0.5746465891126447,0.7214664989632991,-0.8394017649076256,1.9886949431329146,0.7964979523489654,0.4257426652106392,ex_emergency,car_adj
XLP,199,ex_emergency,d0_p5,car_adj,surprise_bps,HC1,-0.08346109820780621,0.0069962675798262985,0.7600380568044065,0.6981808058224144,-0.6083711773046785,2.1284472909134915,1.0885977535706215,0.2763313078593169,ex_emergency,car_adj
TLT,165,ex_emergency,d0_p5,car_raw,surprise_orth_bps,HC1,0.2447202036838685,0.06535457958311164,-3.0306981726246582,0.9754545461189437,-4.942553951573653,-1.1188423936756633,-3.106959913901621,0.0018902202824921178,ex_emergency,auto
XLRE,59,ex_emergency,d0_p5,car_adj,surprise_orth_bps,HC1,-0.2421952326154781,0.03131028895723598,-2.358464038713027,1.5948825132208073,-5.484376324198536,0.767448246772482,-1.4787697646456692,0.13920185931036008,ex_emergency,auto
XLK,193,ex_emergency,d0_p5,car_adj,surprise_orth_bps,HC1,0.16333640787316542,0.03865242564419824,-1.9332200357959124,0.6609693014718361,-3.2286960615673084,-0.6377440100245164,-2.924825754374747,0.0034464914539622826,ex_emergency,auto
QQQ,192,ex_emergency,d0_p5,car_adj,surprise_orth_bps,HC1,0.1620442171008341,0.02494175378343888,-1.80648162985783,0.805927651491164,-3.38607080092546,-0.22689245879019998,-2.241493546617237,0.024994123082303345,ex_emergency,auto
SPY,194,ex_emergency,d0_p5,car_raw,surprise_orth_bps,HC1,0.24068324782456385,0.020064021554661693,-1.7475514311454086,0.8783418967770703,-3.4690699149410644,-0.02603294734975295,-1.9896027248133765,0.04663471576527858,ex_emergency,auto
IEF,165,ex_emergency,d0_p5,car_raw,surprise_orth_bps,HC1,0.1857472420561614,0.09396131086644388,-1.711060346235787,0.4532829299871073,-2.599478563817308,-0.8226421286542659,-3.7748175213314443,0.00016012483388643455,ex_emergency,auto
GLD,146,ex_emergency,d0_p5,car_raw,surprise_orth_bps,HC1,-0.043507324125318485,0.005837794694107945,-1.3779286804134194,2.3502258251010164,-5.984286653147344,3.2284292923205045,-0.5862962893594252,0.5576764241694743,ex_emergency,auto
XLU,193,ex_emergency,d0_p5,car_adj,surprise_orth_bps,HC1,-0.08070451753256959,0.0010001829891689296,-0.37488239169789167,0.8493442222871269,-2.0395664778578424,1.289801694462059,-0.44137863290386875,0.6589389082919836,ex_emergency,auto
XLI,193,ex_emergency,d0_p5,car_adj,surprise_orth_bps,HC1,0.036990131504966606,0.0013765180910425556,-0.24428179409803916,0.5568876424716027,-1.3357615167777985,0.84719792858172,-0.4386554404652565,0.6609112189625774,ex_emergency,auto
XLY,193,ex_emergency,d0_p5,car_adj,surprise_orth_bps,HC1,-0.03896439650831527,0.0014085505512748675,0.2931971194270839,0.714337759921663,-1.1068791628163952,1.693273401670563,0.4104460605011794,0.6814787638505304,ex_emergency,auto
XLB,193,ex_emergency,d0_p5,car_adj,surprise_orth_bps,HC1,-0.06585468350034511,0.0007565605428437872,0.3161425323831739,0.8785621707732212,-1.4058076805116682,2.0380927452780155,0.35984082049075405,0.7189661747876188,ex_emergency,auto
XLV,193,ex_emergency,d0_p5,car_adj,surprise_orth_bps,HC1,-0.049939054167263845,0.0025926136558509505,0.4519250934988651,0.8133993876012802,-1.1423084112465798,2.04615859824431,0.5556004840765802,0.5784840004611058,ex_emergency,auto
XLP,193,ex_emergency,d0_p5,car_adj,surprise_orth_bps,HC1,-0.07060009328855302,0.0029098322831446755,0.5354742735928477,0.7710440204125595,-0.9757442369107352,2.0466927840964306,0.6944795101404633,0.48738154615211615,ex_emergency,auto
XLE,193,ex_emergency,d0_p5,car_adj,surprise_orth_bps,HC1,0.049902012200504636,0.0015982909927934053,0.6466853367060785,1.377580589710208,-2.0533230049273783,3.346693678339535,0.46943557533873004,0.6387583246022721,ex_emergency,auto
XLF,193,ex_emergency,d0_p5,car_adj,surprise_orth_bps,HC1,-0.2090827546230393,0.00787627025481008,0.9270000731841757,1.00990185999529,-1.052371200326605,2.906371346694956,0.917911046513469,0.35866543793337113,ex_emergency,auto
XLK,193,ex_emergency,d0_p5,car_raw,surprise_orth_bps,HC1,0.3916480403869139,0.03972380706299328,-3.6809834165881425,1.2972651521757295,-6.223576393251445,-1.1383904399248401,-2.8374950259124136,0.004546905526266961,ex_emergency,car_raw
QQQ,192,ex_emergency,d0_p5,car_raw,surprise_orth_bps,HC1,0.4083134771510809,0.030864867525069895,-3.5783084535315353,1.4717723855158806,-6.4629293225832605,-0.6936875844798095,-2.4312920182133184,0.015045083254153824,ex_emergency,car_raw
TLT,165,ex_emergency,d0_p5,car_raw,surprise_orth_bps,HC1,0.2447202036838685,0.06535457958311164,-3.0306981726246582,0.9754545461189437,-4.942553951573653,-1.1188423936756633,-3.106959913901621,0.0018902202824921178,ex_emergency,car_raw
XLRE,59,ex_emergency,d0_p5,car_raw,surprise_orth_bps,HC1,-0.23794983750096524,0.020793870039368945,-2.3449537392022575,2.8815768302180893,-7.992740545114803,3.302833066710288,-0.8137744982578798,0.4157741469225479,ex_emergency,car_raw
XLU,193,ex_emergency,d0_p5,car_raw,surprise_orth_bps,HC1,0.1476071149811788,0.030614098413042856,-2.122645772490121,0.9124296585568329,-3.910975041687692,-0.33431650329255014,-2.326366479414377,0.019999008275339968,ex_emergency,car_raw
XLI,193,ex_emergency,d0_p5,car_raw,surprise_orth_bps,HC1,0.2653017640187151,0.02185044509191536,-1.9920451748902674,0.9319928900504362,-3.818717673236521,-0.16537267654401394,-2.13740383232158,0.032565159989323335,ex_emergency,car_raw
SPY,194,ex_emergency,d0_p5,car_raw,surprise_orth_bps,HC1,0.24068324782456385,0.020064021554661693,-1.7475514311454086,0.8783418967770703,-3.4690699149410644,-0.02603294734975295,-1.9896027248133765,0.04663471576527858,ex_emergency,car_raw
IEF,165,ex_emergency,d0_p5,car_raw,surprise_orth_bps,HC1,0.1857472420561614,0.09396131086644388,-1.711060346235787,0.4532829299871073,-2.599478563817308,-0.8226421286542659,-3.7748175213314443,0.00016012483388643455,ex_emergency,car_raw
XLY,193,ex_emergency,d0_p5,car_raw,surprise_orth_bps,HC1,0.18934723600543318,0.008216647973880997,-1.454566261365144,1.2629720702111955,-3.929946032459079,1.0208135097287918,-1.1517010515695012,0.24944394001499626,ex_emergency,car_raw
XLB,193,ex_emergency,d0_p5,car_raw,surprise_orth_bps,HC1,0.1624569490134035,0.00732802161904722,-1.4316208484090542,1.2641816601517948,-3.9093713722226267,1.046129675404518,-1.1324486769070472,0.2574458500030914,ex_emergency,car_raw
GLD,146,ex_emergency,d0_p5,car_raw,surprise_orth_bps,HC1,-0.043507324125318485,0.005837794694107945,-1.3779286804134194,2.3502258251010164,-5.984286653147344,3.2284292923205045,-0.5862962893594252,0.5576764241694743,ex_emergency,car_raw
XLV,193,ex_emergency,d0_p5,car_raw,surprise_orth_bps,HC1,0.17837257834648468,0.013364775342839974,-1.295838287293363,0.8494030201408751,-2.9606376151290283,0.36896104054230244,-1.5255870965451073,0.1271127276466356,ex_emergency,car_raw
XLP,193,ex_emergency,d0_p5,car_raw,surprise_orth_bps,HC1,0.1577115392251955,0.01702031659013792,-1.2122891071993798,0.7548461027194528,-2.691760282399929,0.26718206800117,-1.606008301337075,0.10827208601317956,ex_emergency,car_raw
XLE,193,ex_emergency,d0_p5,car_raw,surprise_orth_bps,HC1,0.27821364471425303,0.0033070297532236115,-1.1010780440861494,1.5722253665764134,-4.182583138156204,1.9804270499839047,-0.7003309242388024,0.48372066359428023,ex_emergency,car_raw
XLF,193,ex_emergency,d0_p5,car_raw,surprise_orth_bps,HC1,0.019228877890709206,0.0021539219537375365,-0.8207633076080538,1.4736544867798986,-3.7090730273525123,2.0675464121364047,-0.5569577638253009,0.5775562867785958,ex_emergency,car_raw
XLRE,59,ex_emergency,d0_p5,car_adj,surprise_orth_bps,HC1,-0.2421952326154781,0.03131028895723598,-2.358464038713027,1.5948825132208073,-5.484376324198536,0.767448246772482,-1.4787697646456692,0.13920185931036008,ex_emergency,car_adj
TLT,165,ex_emergency,d0_p5,car_adj,surprise_orth_bps,HC1,-0.014300922436154606,0.015601389223304452,-2.2065254506278174,1.4560142132998035,-5.0602608696738525,0.6472099684182178,-1.515455982828018,0.12965696931541293,ex_emergency,car_adj
XLK,193,ex_emergency,d0_p5,car_adj,surprise_orth_bps,HC1,0.16333640787316542,0.03865242564419824,-1.9332200357959124,0.6609693014718361,-3.2286960615673084,-0.6377440100245164,-2.924825754374747,0.0034464914539622826,ex_emergency,car_adj
QQQ,192,ex_emergency,d0_p5,car_adj,surprise_orth_bps,HC1,0.1620442171008341,0.02494175378343888,-1.80648162985783,0.805927651491164,-3.38607080092546,-0.22689245879019998,-2.241493546617237,0.024994123082303345,ex_emergency,car_adj
IEF,165,ex_emergency,d0_p5,car_adj,surprise_orth_bps,HC1,-0.07327388406386172,0.004232839665588406,-0.8868876242389452,1.1121396325981967,-3.0666412499110187,1.2928660014331284,-0.7974606769178664,0.42518353187132674,ex_emergency,car_adj
GLD,146,ex_emergency,d0_p5,car_adj,surprise_orth_bps,HC1,-0.2744688661112137,0.00045195165499389844,-0.4716226535104579,2.661316532621752,-5.6877072089101075,4.744461901889192,-0.17721403964144267,0.8593402681617096,ex_emergency,car_adj
XLU,193,ex_emergency,d0_p5,car_adj,surprise_orth_bps,HC1,-0.08070451753256959,0.0010001829891689296,-0.37488239169789167,0.8493442222871269,-2.0395664778578424,1.289801694462059,-0.44137863290386875,0.6589389082919836,ex_emergency,car_adj
XLI,193,ex_emergency,d0_p5,car_adj,surprise_orth_bps,HC1,0.036990131504966606,0.0013765180910425556,-0.24428179409803916,0.5568876424716027,-1.3357615167777985,0.84719792858172,-0.4386554404652565,0.6609112189625774,ex_emergency,car_adj
SPY,194,ex_emergency,d0_p5,car_adj,surprise_orth_bps,HC1,0.0,,0.0,0.0,0.0,0.0,,,ex_emergency,car_adj
XLY,193,ex_emergency,d0_p5,car_adj,surprise_orth_bps,HC1,-0.03896439650831527,0.0014085505512748675,0.2931971194270839,0.714337759921663,-1.1068791628163952,1.693273401670563,0.4104460605011794,0.6814787638505304,ex_emergency,car_adj
XLB,193,ex_emergency,d0_p5,car_adj,surprise_orth_bps,HC1,-0.06585468350034511,0.0007565605428437872,0.3161425323831739,0.8785621707732212,-1.4058076805116682,2.0380927452780155,0.35984082049075405,0.7189661747876188,ex_emergency,car_adj
XLV,193,ex_emergency,d0_p5,car_adj,surprise_orth_bps,HC1,-0.049939054167263845,0.0025926136558509505,0.4519250934988651,0.8133993876012802,-1.1423084112465798,2.04615859824431,0.5556004840765802,0.5784840004611058,ex_emergency,car_adj
XLP,193,ex_emergency,d0_p5,car_adj,surprise_orth_bps,HC1,-0.07060009328855302,0.0029098322831446755,0.5354742735928477,0.7710440204125595,-0.9757442369107352,2.0466927840964306,0.6944795101404633,0.48738154615211615,ex_emergency,car_adj
XLE,193,ex_emergency,d0_p5,car_adj,surprise_orth_bps,HC1,0.049902012200504636,0.0015982909927934053,0.6466853367060785,1.377580589710208,-2.0533230049273783,3.346693678339535,0.46943557533873004,0.6387583246022721,ex_emergency,car_adj
XLF,193,ex_emergency,d0_p5,car_adj,surprise_orth_bps,HC1,-0.2090827546230393,0.00787627025481008,0.9270000731841757,1.00990185999529,-1.052371200326605,2.906371346694956,0.917911046513469,0.35866543793337113,ex_emergency,car_adj
GLD,159,ex_march2020,m5_p5,car_raw,surprise_bps,HC1,0.09537116441377758,0.054333886972869894,-4.670487307148288,1.6651173436027975,-7.934057330642777,-1.4069172836537982,-2.8048998018618923,0.005033222351157126,ex_march2020,auto
TLT,178,ex_march2020,m5_p5,car_raw,surprise_bps,HC1,0.19421640130100995,0.09641993278628058,-4.301029413152489,1.1732488657242566,-6.600554934874501,-2.0015038914304766,-3.6659139751202123,0.00024645676977998686,ex_march2020,auto
SPY,209,ex_march2020,m5_p5,car_raw,surprise_bps,HC1,0.3037139429618042,0.05388593957253662,-3.9127423991746584,1.3027917517613936,-6.466167311982836,-1.3593174863664803,-3.0033521427231733,0.0026702326423165075,ex_march2020,auto
XLRE,67,ex_march2020,m5_p5,car_adj,surprise_bps,HC1,-0.38919410919239833,0.04881774325809918,-3.7559504747049637,2.0181296663024444,-7.711411936789592,0.1995109873796648,-1.8611046343649966,0.06272940189678992,ex_march2020,auto
QQQ,207,ex_march2020,m5_p5,car_adj,surprise_bps,HC1,0.02067307242589779,0.034905334349812245,-2.5206035417074037,1.3403078002282705,-5.1475585583529195,0.10635147493811212,-1.8806154386911087,0.0600242500582436,ex_march2020,auto
XLK,208,ex_march2020,m5_p5,car_adj,surprise_bps,HC1,0.1784855775030874,0.03830572208695715,-2.358388075890814,1.269760560516982,-4.8470730434934906,0.13029689171186257,-1.8573486602313418,0.06326156561449661,ex_march2020,auto
IEF,178,ex_march2020,m5_p5,car_raw,surprise_bps,HC1,0.1893271601084237,0.12007170814030887,-2.32229162495289,0.5596147279333371,-3.4191163369204114,-1.2254669129853684,-4.14980433686786,3.3275959434966386e-05,ex_march2020,auto
XLI,208,ex_march2020,m5_p5,car_adj,surprise_bps,HC1,0.06777879490297281,0.005320893934931403,-0.5592292734566805,0.5196076973617239,-1.5776416463754475,0.45918309946208613,-1.076252865952781,0.28181418221512733,ex_march2020,auto
XLE,208,ex_march2020,m5_p5,car_adj,surprise_bps,HC1,-0.09067170537104277,0.0007657317444595968,-0.519967804611754,1.1549319334180286,-2.7835927987063016,1.7436571894827935,-0.450215107545694,0.6525553439436066,ex_march2020,auto
XLY,208,ex_march2020,m5_p5,car_adj,surprise_bps,HC1,-0.033754560021536095,0.0007094822527808908,-0.2700591592648687,0.9006734275775452,-2.0353466391491017,1.4952283206193646,-0.29984137534868865,0.7642981535190355,ex_march2020,auto
XLB,208,ex_march2020,m5_p5,car_adj,surprise_bps,HC1,-0.14871851034062133,0.0002688725870142461,0.20759012828225148,0.9234567560289635,-1.6023518548147084,2.017532111379211,0.22479680496889512,0.8221373517377362,ex_march2020,auto
XLF,208,ex_march2020,m5_p5,car_adj,surprise_bps,HC1,-0.04147391296097432,0.0004989321860302542,0.27173127057796714,1.2324872051057767,-2.1438992628357862,2.6873618039917204,0.22047390792559676,0.8255020909018318,ex_march2020,auto
XLV,208,ex_march2020,m5_p5,car_adj,surprise_bps,HC1,0.06542514800090125,0.004454333826583778,0.6337236214686897,0.9975937655391391,-1.3215242301897179,2.5889714731270974,0.6352521871728021,0.525263951667873,ex_march2020,auto
XLU,208,ex_march2020,m5_p5,car_adj,surprise_bps,HC1,-0.05820695896579366,0.007301471842737439,1.1110280859825594,0.9063032961654863,-0.6652937335717318,2.8873499055368503,1.2258899318619396,0.22024009809109169,ex_march2020,auto
XLP,208,ex_march2020,m5_p5,car_adj,surprise_bps,HC1,-0.021474671843294997,0.045680395570364185,2.5945638510439224,0.9622117659143694,0.7086634443510733,4.480464257736772,2.696458246463411,0.00700811828891263,ex_march2020,auto
QQQ,207,ex_march2020,m5_p5,car_raw,surprise_bps,HC1,0.29975562726735794,0.06795446594562038,-6.4490168918133115,2.215904723814701,-10.792110343662301,-2.1059234399643216,-2.910331307345772,0.003610458104308221,ex_march2020,car_raw
XLK,208,ex_march2020,m5_p5,car_raw,surprise_bps,HC1,0.44264571231910305,0.07060528276350297,-6.298208097790567,2.1919548351895113,-10.59436063050044,-2.0020555650806946,-2.8733293207868664,0.004061704807851422,ex_march2020,car_raw
XLRE,67,ex_march2020,m5_p5,car_raw,surprise_bps,HC1,0.16086747884789393,0.07342812875010529,-6.193952929954726,3.4326198687746468,-12.92176424536964,0.5338583854601876,-1.8044389319944716,0.07116252446135711,ex_march2020,car_raw
GLD,159,ex_march2020,m5_p5,car_raw,surprise_bps,HC1,0.09537116441377758,0.054333886972869894,-4.670487307148288,1.6651173436027975,-7.934057330642777,-1.4069172836537982,-2.8048998018618923,0.005033222351157126,ex_march2020,car_raw
XLI,208,ex_march2020,m5_p5,car_raw,surprise_bps,HC1,0.33193892971898836,0.057628898362533376,-4.499049295356436,1.367922437965473,-7.180128007412989,-1.8179705832998823,-3.28896520043046,0.001005564557426879,ex_march2020,car_raw
XLE,208,ex_march2020,m5_p5,car_raw,surprise_bps,HC1,0.1734884294449729,0.03267827426171077,-4.45978782651151,1.526080518006949,-7.45085067931336,-1.4687249737096608,-2.9223804208810447,0.0034736697798061086,ex_march2020,car_raw
TLT,178,ex_march2020,m5_p5,car_raw,surprise_bps,HC1,0.19421640130100995,0.09641993278628058,-4.301029413152489,1.1732488657242566,-6.600554934874501,-2.0015038914304766,-3.6659139751202123,0.00024645676977998686,ex_march2020,car_raw
XLY,208,ex_march2020,m5_p5,car_raw,surprise_bps,HC1,0.2304055747944795,0.03872624450133311,-4.209879181164626,1.700496611029566,-7.542791294614992,-0.8769670677142593,-2.4756763135304065,0.01329840820715896,ex_march2020,car_raw
SPY,209,ex_march2020,m5_p5,car_raw,surprise_bps,HC1,0.3037139429618042,0.05388593957253662,-3.9127423991746584,1.3027917517613936,-6.466167311982836,-1.3593174863664803,-3.0033521427231733,0.0026702326423165075,ex_march2020,car_raw
XLB,208,ex_march2020,m5_p5,car_raw,surprise_bps,HC1,0.11544162447539436,0.03129034142606124,-3.7322298936175042,1.6447364801682636,-6.955854158806478,-0.508605628428531,-2.269196274673546,0.023256392715498866,ex_march2020,car_raw
XLF,208,ex_march2020,m5_p5,car_raw,surprise_bps,HC1,0.22268622185504133,0.02591853363851282,-3.668088751321789,2.2748297746763533,-8.126673180646806,0.7904956780032301,-1.6124673556480322,0.10686027804224553,ex_march2020,car_raw
XLV,208,ex_march2020,m5_p5,car_raw,surprise_bps,HC1,0.329585282816917,0.04848920109220767,-3.3060964004310676,0.9911734910058417,-5.248760745233352,-1.3634320556287822,-3.3355375526397952,0.0008513465461623145,ex_march2020,car_raw
XLU,208,ex_march2020,m5_p5,car_raw,surprise_bps,HC1,0.2059531758502221,0.03460733848690589,-2.828791935917198,1.0767820452306887,-4.939245963768727,-0.718337908065669,-2.6270794061310343,0.008612123442617772,ex_march2020,car_raw
IEF,178,ex_march2020,m5_p5,car_raw,surprise_bps,HC1,0.1893271601084237,0.12007170814030887,-2.32229162495289,0.5596147279333371,-3.4191163369204114,-1.2254669129853684,-4.14980433686786,3.3275959434966386e-05,ex_march2020,car_raw
XLP,208,ex_march2020,m5_p5,car_raw,surprise_bps,HC1,0.24268546297272073,0.01167796212404304,-1.3452561708558364,0.8441291929504386,-2.999718987337558,0.30920664562588546,-1.593661470412883,0.11101187840067055,ex_march2020,car_raw
XLRE,67,ex_march2020,m5_p5,car_adj,surprise_bps,HC1,-0.38919410919239833,0.04881774325809918,-3.7559504747049637,2.0181296663024444,-7.711411936789592,0.1995109873796648,-1.8611046343649966,0.06272940189678992,ex_march2020,car_adj
GLD,159,ex_march2020,m5_p5,car_adj,surprise_bps,HC1,-0.20881045064817488,0.008629303121481802,-2.631364655051765,3.0058134124134406,-8.522650687629548,3.259921377526019,-0.8754251492074413,0.38134262080040937,ex_march2020,car_adj
QQQ,207,ex_march2020,m5_p5,car_adj,surprise_bps,HC1,0.02067307242589779,0.034905334349812245,-2.5206035417074037,1.3403078002282705,-5.1475585583529195,0.10635147493811212,-1.8806154386911087,0.0600242500582436,ex_march2020,car_adj
XLK,208,ex_march2020,m5_p5,car_adj,surprise_bps,HC1,0.1784855775030874,0.03830572208695715,-2.358388075890814,1.269760560516982,-4.8470730434934906,0.13029689171186257,-1.8573486602313418,0.06326156561449661,ex_march2020,car_adj
TLT,178,ex_march2020,m5_p5,car_adj,surprise_bps,HC1,-0.1025600235969433,0.0030076756518691017,-1.3586796592727424,2.498744061467992,-6.256128026333345,3.538768707787861,-0.5437450278419188,0.5866169421909077,ex_march2020,car_adj
XLI,208,ex_march2020,m5_p5,car_adj,surprise_bps,HC1,0.06777879490297281,0.005320893934931403,-0.5592292734566805,0.5196076973617239,-1.5776416463754475,0.45918309946208613,-1.076252865952781,0.28181418221512733,ex_march2020,car_adj
XLE,208,ex_march2020,m5_p5,car_adj,surprise_bps,HC1,-0.09067170537104277,0.0007657317444595968,-0.519967804611754,1.1549319334180286,-2.7835927987063016,1.7436571894827935,-0.450215107545694,0.6525553439436066,ex_march2020,car_adj
XLY,208,ex_march2020,m5_p5,car_adj,surprise_bps,HC1,-0.033754560021536095,0.0007094822527808908,-0.2700591592648687,0.9006734275775452,-2.0353466391491017,1.4952283206193646,-0.29984137534868865,0.7642981535190355,ex_march2020,car_adj
SPY,209,ex_march2020,m5_p5,car_adj,surprise_bps,HC1,0.0,,0.0,0.0,0.0,0.0,,,ex_march2020,car_adj
XLB,208,ex_march2020,m5_p5,car_adj,surprise_bps,HC1,-0.14871851034062133,0.0002688725870142461,0.20759012828225148,0.9234567560289635,-1.6023518548147084,2.017532111379211,0.22479680496889512,0.8221373517377362,ex_march2020,car_adj
XLF,208,ex_march2020,m5_p5,car_adj,surprise_bps,HC1,-0.04147391296097432,0.0004989321860302542,0.27173127057796714,1.2324872051057767,-2.1438992628357862,2.6873618039917204,0.22047390792559676,0.8255020909018318,ex_march2020,car_adj
IEF,178,ex_march2020,m5_p5,car_adj,surprise_bps,HC1,-0.10744926478952926,0.0009381404162837059,0.6200581289268559,2.0291876628449455,-3.3570766081222434,4.597192865975955,0.305569632755172,0.7599323447319382,ex_march2020,car_adj
XLV,208,ex_march2020,m5_p5,car_adj,surprise_bps,HC1,0.06542514800090125,0.004454333826583778,0.6337236214686897,0.9975937655391391,-1.3215242301897179,2.5889714731270974,0.6352521871728021,0.525263951667873,ex_march2020,car_adj
XLU,208,ex_march2020,m5_p5,car_adj,surprise_bps,HC1,-0.05820695896579366,0.007301471842737439,1.1110280859825594,0.9063032961654863,-0.6652937335717318,2.8873499055368503,1.2258899318619396,0.22024009809109169,ex_march2020,car_adj
XLP,208,ex_march2020,m5_p5,car_adj,surprise_bps,HC1,-0.021474671843294997,0.045680395570364185,2.5945638510439224,0.9622117659143694,0.7086634443510733,4.480464257736772,2.696458246463411,0.00700811828891263,ex_march2020,car_adj
SPY,202,ex_march2020,m5_p5,car_raw,surprise_orth_bps,HC1,0.3145800165759819,0.09273537642730822,-5.598429214912473,1.5965656740453174,-8.72764043499421,-2.4692179948307356,-3.5065448956618153,0.00045396484731395604,ex_march2020,auto
TLT,171,ex_march2020,m5_p5,car_raw,surprise_orth_bps,HC1,0.234705067259824,0.06354230452822185,-3.690016694975072,1.1134509437062203,-5.8723404431913995,-1.507692946758745,-3.314036164622147,0.000919596124218415,ex_march2020,auto
GLD,152,ex_march2020,m5_p5,car_raw,surprise_orth_bps,HC1,0.06659527730800974,0.02736797877081354,-3.5438656704284908,2.3750062096167404,-8.198792304336289,1.1110609634793065,-1.4921500651572492,0.13565980956803225,ex_march2020,auto
XLRE,60,ex_march2020,m5_p5,car_adj,surprise_orth_bps,HC1,-0.35377920643321725,0.03323398902899921,-3.293386530066831,2.491732745180896,-8.177092969720507,1.5903199095868445,-1.3217254283937006,0.18625959797617364,ex_march2020,auto
QQQ,200,ex_march2020,m5_p5,car_adj,surprise_orth_bps,HC1,0.0205034768664306,0.030374521715028302,-2.5908295481016212,1.4373678102063112,-5.408018688643195,0.22635959243995293,-1.8024819602226578,0.07146961043705903,ex_march2020,auto
XLK,201,ex_march2020,m5_p5,car_adj,surprise_orth_bps,HC1,0.14207575348336743,0.03605840903027202,-2.499720993757977,1.3848025013215979,-5.21388402204929,0.21444203453333532,-1.8051101087500545,0.07105745352793742,ex_march2020,auto
IEF,171,ex_march2020,m5_p5,car_raw,surprise_orth_bps,HC1,0.20857284283556593,0.07609639621712938,-1.9684946103190963,0.543315948058327,-3.0333743007396516,-0.903614919898541,-3.623112145619866,0.0002910795432772307,ex_march2020,auto
XLE,201,ex_march2020,m5_p5,car_adj,surprise_orth_bps,HC1,-0.035593801854357954,0.0017819439460128317,-0.8461469432592686,1.443683459166627,-3.67571452830206,1.983420641783522,-0.5861028176825624,0.5578064229171324,ex_march2020,auto
XLI,201,ex_march2020,m5_p5,car_adj,surprise_orth_bps,HC1,0.06523174874085814,0.004820371428172154,-0.5776382970162152,0.6018611665966478,-1.7572645072389066,0.6019879132064759,-0.9597533934322329,0.33717934391964144,ex_march2020,auto
XLY,201,ex_march2020,m5_p5,car_adj,surprise_orth_bps,HC1,-0.025077345404201083,0.0010947779331553775,-0.3684361446075852,1.0078953810672395,-2.3438747916836484,1.6070025024684778,-0.3655499881520003,0.7147008994591775,ex_march2020,auto
XLF,201,ex_march2020,m5_p5,car_adj,surprise_orth_bps,HC1,-0.02452905771138611,9.81988455406313e-06,0.04160913332976108,1.0044404318562525,-1.927057937724352,2.0102762043838744,0.04142518760705946,0.9669569332214928,ex_march2020,auto
XLB,201,ex_march2020,m5_p5,car_adj,surprise_orth_bps,HC1,-0.16066451306778112,0.0011139195086538045,0.46654211239990145,1.1117573965458256,-1.712462344375932,2.645546569175735,0.4196438124445354,0.6747456771919969,ex_march2020,auto
XLV,201,ex_march2020,m5_p5,car_adj,surprise_orth_bps,HC1,0.10226924331108202,0.008661592784118155,0.9624960539272694,0.9173453845848464,-0.8354678612430743,2.7604599690976133,1.0492188330601961,0.294077412705275,ex_march2020,auto
XLU,201,ex_march2020,m5_p5,car_adj,surprise_orth_bps,HC1,0.029139480502652873,0.010532257038838977,1.4312275407265533,0.9008539274404275,-0.33441371238814366,3.1968687938412503,1.5887454082517711,0.11211788274779852,ex_march2020,auto
XLP,201,ex_march2020,m5_p5,car_adj,surprise_orth_bps,HC1,-0.014712396232822111,0.053636886495186054,3.073210541959951,1.060722587007747,0.9942324738366131,5.1521886100832885,2.897280193334382,0.003764134067280632,ex_march2020,auto
QQQ,200,ex_march2020,m5_p5,car_raw,surprise_orth_bps,HC1,0.3120261141853995,0.09142458792477981,-8.211900324221949,2.353814485753134,-12.825291942586759,-3.598508705857139,-3.488762761010218,0.00048526162223482976,ex_march2020,car_raw
XLK,201,ex_march2020,m5_p5,car_raw,surprise_orth_bps,HC1,0.415886497887679,0.09816404074260421,-8.101174102949555,2.2665585053988755,-12.543547142384284,-3.6588010635148263,-3.5742179536300513,0.00035127623649182675,ex_march2020,car_raw
XLE,201,ex_march2020,m5_p5,car_raw,surprise_orth_bps,HC1,0.23821694254995332,0.060672976501638276,-6.447600052450843,2.2934145141380498,-10.942609901782847,-1.952590203118839,-2.8113539932287774,0.00493334756277629,ex_march2020,car_raw
XLI,201,ex_march2020,m5_p5,car_raw,surprise_orth_bps,HC1,0.3390424931451699,0.0920424385851869,-6.1790914062077915,1.7317239841579908,-9.573208046321664,-2.7849747660939186,-3.5681733710076355,0.0003594786219924915,ex_march2020,car_raw
XLY,201,ex_march2020,m5_p5,car_raw,surprise_orth_bps,HC1,0.2487333990001106,0.0641978238925981,-5.9698892537991615,2.1123121215757705,-10.109944936195065,-1.829833571403259,-2.826234434211202,0.004709877990885605,ex_march2020,car_raw
XLRE,60,ex_march2020,m5_p5,car_raw,surprise_orth_bps,HC1,0.011230825760406127,0.05955802236610597,-5.744323837204299,4.0245619392524805,-13.63232029168984,2.14367261728124,-1.4273165437407198,0.15348867412246506,ex_march2020,car_raw
SPY,202,ex_march2020,m5_p5,car_raw,surprise_orth_bps,HC1,0.3145800165759819,0.09273537642730822,-5.598429214912473,1.5965656740453174,-8.72764043499421,-2.4692179948307356,-3.5065448956618153,0.00045396484731395604,ex_march2020,car_raw
XLF,201,ex_march2020,m5_p5,car_raw,surprise_orth_bps,HC1,0.24928168669292577,0.05014899428387776,-5.559843975861815,2.0761084492233257,-9.628941764338837,-1.4907461873847936,-2.6780123061209826,0.007406049724626821,ex_march2020,car_raw
XLB,201,ex_march2020,m5_p5,car_raw,surprise_orth_bps,HC1,0.11314623133653073,0.04958866195089762,-5.134910996791674,2.002884980811224,-9.06049342435787,-1.209328569225477,-2.5637573030838205,0.010354592024787121,ex_march2020,car_raw
XLV,201,ex_march2020,m5_p5,car_raw,surprise_orth_bps,HC1,0.37607998771539375,0.08024110724246247,-4.638957055264303,1.3649796778630816,-7.314268063505028,-1.9636460470235786,-3.3985539349030716,0.0006774310435209862,ex_march2020,car_raw
XLU,201,ex_march2020,m5_p5,car_raw,surprise_orth_bps,HC1,0.3029502249069647,0.06281177846568431,-4.170225568465024,1.4971031969890807,-7.1044939157033955,-1.2359572212266519,-2.7855297997172332,0.0053440327671306275,ex_march2020,car_raw
TLT,171,ex_march2020,m5_p5,car_raw,surprise_orth_bps,HC1,0.234705067259824,0.06354230452822185,-3.690016694975072,1.1134509437062203,-5.8723404431913995,-1.507692946758745,-3.314036164622147,0.000919596124218415,ex_march2020,car_raw
GLD,152,ex_march2020,m5_p5,car_raw,surprise_orth_bps,HC1,0.06659527730800974,0.02736797877081354,-3.5438656704284908,2.3750062096167404,-8.198792304336289,1.1110609634793065,-1.4921500651572492,0.13565980956803225,ex_march2020,car_raw
XLP,201,ex_march2020,m5_p5,car_raw,surprise_orth_bps,HC1,0.2590983481714897,0.034932614605500234,-2.528242567231624,1.1420939273786546,-4.766705531855691,-0.2897796026075573,-2.2136905788777566,0.026850071465793622,ex_march2020,car_raw
IEF,171,ex_march2020,m5_p5,car_raw,surprise_orth_bps,HC1,0.20857284283556593,0.07609639621712938,-1.9684946103190963,0.543315948058327,-3.0333743007396516,-0.903614919898541,-3.623112145619866,0.0002910795432772307,ex_march2020,car_raw
XLRE,60,ex_march2020,m5_p5,car_adj,surprise_orth_bps,HC1,-0.35377920643321725,0.03323398902899921,-3.293386530066831,2.491732745180896,-8.177092969720507,1.5903199095868445,-1.3217254283937006,0.18625959797617364,ex_march2020,car_adj
QQQ,200,ex_march2020,m5_p5,car_adj,surprise_orth_bps,HC1,0.0205034768664306,0.030374521715028302,-2.5908295481016212,1.4373678102063112,-5.408018688643195,0.22635959243995293,-1.8024819602226578,0.07146961043705903,ex_march2020,car_adj
XLK,201,ex_march2020,m5_p5,car_adj,surprise_orth_bps,HC1,0.14207575348336743,0.03605840903027202,-2.499720993757977,1.3848025013215979,-5.21388402204929,0.21444203453333532,-1.8051101087500545,0.07105745352793742,ex_march2020,car_adj
XLE,201,ex_march2020,m5_p5,car_adj,surprise_orth_bps,HC1,-0.035593801854357954,0.0017819439460128317,-0.8461469432592686,1.443683459166627,-3.67571452830206,1.983420641783522,-0.5861028176825624,0.5578064229171324,ex_march2020,car_adj
XLI,201,ex_march2020,m5_p5,car_adj,surprise_orth_bps,HC1,0.06523174874085814,0.004820371428172154,-0.5776382970162152,0.6018611665966478,-1.7572645072389066,0.6019879132064759,-0.9597533934322329,0.33717934391964144,ex_march2020,car_adj
XLY,201,ex_march2020,m5_p5,car_adj,surprise_orth_bps,HC1,-0.025077345404201083,0.0010947779331553775,-0.3684361446075852,1.0078953810672395,-2.3438747916836484,1.6070025024684778,-0.3655499881520003,0.7147008994591775,ex_march2020,car_adj
SPY,202,ex_march2020,m5_p5,car_adj,surprise_orth_bps,HC1,0.0,,0.0,0.0,0.0,0.0,,,ex_march2020,car_adj
XLF,201,ex_march2020,m5_p5,car_adj,surprise_orth_bps,HC1,-0.02452905771138611,9.81988455406313e-06,0.04160913332976108,1.0044404318562525,-1.927057937724352,2.0102762043838744,0.04142518760705946,0.9669569332214928,ex_march2020,car_adj
XLB,201,ex_march2020,m5_p5,car_adj,surprise_orth_bps,HC1,-0.16066451306778112,0.0011139195086538045,0.46654211239990145,1.1117573965458256,-1.712462344375932,2.645546569175735,0.4196438124445354,0.6747456771919969,ex_march2020,car_adj
XLV,201,ex_march2020,m5_p5,car_adj,surprise_orth_bps,HC1,0.10226924331108202,0.008661592784118155,0.9624960539272694,0.9173453845848464,-0.8354678612430743,2.7604599690976133,1.0492188330601961,0.294077412705275,ex_march2020,car_adj
TLT,171,ex_march2020,m5_p5,car_adj,surprise_orth_bps,HC1,-0.05888098201511255,0.002460945256495317,1.2876501343403302,2.6078936372284893,-3.823727470138674,6.399027738819335,0.4937510165133752,0.6214820307783445,ex_march2020,car_adj
XLU,201,ex_march2020,m5_p5,car_adj,surprise_orth_bps,HC1,0.029139480502652873,0.010532257038838977,1.4312275407265533,0.9008539274404275,-0.33441371238814366,3.1968687938412503,1.5887454082517711,0.11211788274779852,ex_march2020,car_adj
GLD,152,ex_march2020,m5_p5,car_adj,surprise_orth_bps,HC1,-0.2563612638941967,0.0023715250356806106,1.488499525725331,3.8988180894164026,-6.153043511804082,9.130042563254746,0.38178224569285774,0.7026228889393997,ex_march2020,car_adj
IEF,171,ex_march2020,m5_p5,car_adj,surprise_orth_bps,HC1,-0.08501320643937105,0.020110438052451718,3.0091722189963037,2.216418049539922,-1.3349273327864568,7.353271770779064,1.3576735758946465,0.1745672850292267,ex_march2020,car_adj
XLP,201,ex_march2020,m5_p5,car_adj,surprise_orth_bps,HC1,-0.014712396232822111,0.053636886495186054,3.073210541959951,1.060722587007747,0.9942324738366131,5.1521886100832885,2.897280193334382,0.003764134067280632,ex_march2020,car_adj
SPY,209,ex_march2020,m1_p1,car_raw,surprise_bps,HC1,0.28481612798216505,0.0682734643005165,-2.8652445027933426,0.7644501545801029,-4.363539273746421,-1.3669497318402637,-3.7481116141145443,0.00017817096926267594,ex_march2020,auto
GLD,159,ex_march2020,m1_p1,car_raw,surprise_bps,HC1,0.2645969599899327,0.029854945427438606,-2.309041783868077,1.2303416166746861,-4.720467041231246,0.10238347349509277,-1.8767485002326871,0.060552571890635294,ex_march2020,auto
XLRE,67,ex_march2020,m1_p1,car_adj,surprise_bps,HC1,0.12716209364714764,0.028896179780588227,-1.684259540556396,1.380903698843941,-4.390781056408666,1.0222619752958735,-1.2196792158399004,0.22258650357767162,ex_march2020,auto
XLY,208,ex_march2020,m1_p1,car_adj,surprise_bps,HC1,0.10097183063565228,0.08788355612991827,-1.6825866838854027,0.5332283230587447,-2.727694992617231,-0.6374783751535742,-3.1554713264922265,0.0016023901577891303,ex_march2020,auto
TLT,178,ex_march2020,m1_p1,car_raw,surprise_bps,HC1,0.3392647131066292,0.030297380104735594,-1.5387283379908416,0.884528464211853,-3.2723722711466,0.1949155951649165,-1.7396029638932022,0.08192875846300791,ex_march2020,auto
XLK,208,ex_march2020,m1_p1,car_adj,surprise_bps,HC1,0.27829437897522835,0.035260126804781744,-1.343233290825022,0.972010673120262,-3.248339202729271,0.5618726210792266,-1.3819120797440363,0.16699869842644643,ex_march2020,auto
QQQ,207,ex_march2020,m1_p1,car_adj,surprise_bps,HC1,0.28189581438367933,0.03084075969250688,-1.3060511785158613,1.1586756818283306,-3.5770137846617795,0.9649114276300577,-1.1271930523776763,0.25966086730461657,ex_march2020,auto
IEF,178,ex_march2020,m1_p1,car_raw,surprise_bps,HC1,0.20001386231363577,0.05601775095777617,-1.0574862497907507,0.37913402192369133,-1.800575278075005,-0.3143972215064964,-2.7892148650368074,0.005283599861714086,ex_march2020,auto
XLF,208,ex_march2020,m1_p1,car_adj,surprise_bps,HC1,-0.16129611579870134,0.013551585552508683,-0.9097979170146088,0.5434442881782106,-1.9749291494479078,0.15533331541869033,-1.6741328169342367,0.09410449945928105,ex_march2020,auto
XLB,208,ex_march2020,m1_p1,car_adj,surprise_bps,HC1,-0.06512445476096368,0.005280374598184756,-0.5719623085184908,0.7646320408106153,-2.0706135699326578,0.9266889528956759,-0.7480229417434979,0.45444631971214244,ex_march2020,auto
XLI,208,ex_march2020,m1_p1,car_adj,surprise_bps,HC1,-0.00935521095956686,0.01248633133052035,-0.49213869319570624,0.36033476040771595,-1.198381845972699,0.21410445958128643,-1.3657818985846804,0.17200742956099657,ex_march2020,auto
XLE,208,ex_march2020,m1_p1,car_adj,surprise_bps,HC1,-0.1822454048654453,0.00011789601031808594,-0.12622827335428546,1.1673139682254408,-2.414121609726682,2.1616650630181113,-0.10813566597355005,0.9138880766657201,ex_march2020,auto
XLV,208,ex_march2020,m1_p1,car_adj,surprise_bps,HC1,0.015713057475321743,0.024386413743293867,0.9661752533248059,0.49342372635089293,-0.0009174794404914061,1.9332679860901032,1.9581045696163402,0.05021774367470118,ex_march2020,auto
XLU,208,ex_march2020,m1_p1,car_adj,surprise_bps,HC1,-0.2757122114053432,0.02422496128224494,1.1823574216978727,0.7723755044770727,-0.3314707496181448,2.6961855930138903,1.5308064728158013,0.1258172294057575,ex_march2020,auto
XLP,208,ex_march2020,m1_p1,car_adj,surprise_bps,HC1,-0.2359514605608078,0.07593869160648936,1.9147744160004352,0.7433027549529009,0.45792778668334816,3.3716210453175224,2.5760356775776567,0.009994033355223631,ex_march2020,auto
XLY,208,ex_march2020,m1_p1,car_raw,surprise_bps,HC1,0.36788738950055966,0.12359895605447091,-4.560085502504296,0.9310970065559645,-6.385002101467041,-2.7351689035415507,-4.8975407185247,9.704352940245284e-07,ex_march2020,car_raw
XLK,208,ex_march2020,m1_p1,car_raw,surprise_bps,HC1,0.5452099378401356,0.09505618431470952,-4.220732109443913,1.4915091950197747,-7.144036414293,-1.2974278045948275,-2.8298398183109787,0.004657131405714963,ex_march2020,car_raw
QQQ,207,ex_march2020,m1_p1,car_raw,surprise_bps,HC1,0.5548185108314951,0.0873835816651728,-4.17895815166251,1.687781697327629,-7.486949492190545,-0.8709668111344743,-2.476006321362127,0.013286122581385196,ex_march2020,car_raw
XLF,208,ex_march2020,m1_p1,car_raw,surprise_bps,HC1,0.10561944306620591,0.05971526374502267,-3.787296735633501,0.9410281721096867,-5.631678061406046,-1.9429154098609556,-4.024636932115197,5.706328338275266e-05,ex_march2020,car_raw
XLB,208,ex_march2020,m1_p1,car_raw,surprise_bps,HC1,0.20179110410394324,0.07056980314895567,-3.4494611271373836,0.8842865485671135,-5.182630914342155,-1.7162913399326116,-3.9008408900111005,9.585914050013803e-05,ex_march2020,car_raw
XLI,208,ex_march2020,m1_p1,car_raw,surprise_bps,HC1,0.2575603479053402,0.08567559675810765,-3.3696375118146,0.7132054610566704,-4.767494529062958,-1.9717804945662423,-4.724637843942214,2.3052580565412253e-06,ex_march2020,car_raw
XLE,208,ex_march2020,m1_p1,car_raw,surprise_bps,HC1,0.08467015399946182,0.034272044420907144,-3.0037270919731776,1.039054789521785,-5.040237057399723,-0.9672171265466326,-2.8908264725439685,0.003842302134012782,ex_march2020,car_raw
SPY,209,ex_march2020,m1_p1,car_raw,surprise_bps,HC1,0.28481612798216505,0.0682734643005165,-2.8652445027933426,0.7644501545801029,-4.363539273746421,-1.3669497318402637,-3.7481116141145443,0.00017817096926267594,ex_march2020,car_raw
XLRE,67,ex_march2020,m1_p1,car_raw,surprise_bps,HC1,0.25552185928825377,0.03145117476585557,-2.6031074917153783,2.319492527572128,-7.149229308166527,1.9430143247357707,-1.1222745754823007,0.26174571279434944,ex_march2020,car_raw
GLD,159,ex_march2020,m1_p1,car_raw,surprise_bps,HC1,0.2645969599899327,0.029854945427438606,-2.309041783868077,1.2303416166746861,-4.720467041231246,0.10238347349509277,-1.8767485002326871,0.060552571890635294,ex_march2020,car_raw
XLV,208,ex_march2020,m1_p1,car_raw,surprise_bps,HC1,0.28262861634022884,0.036608672465510916,-1.9113235652940874,0.7187828029036564,-3.320111971692006,-0.5025351588961687,-2.6591114277817187,0.007834704644739995,ex_march2020,car_raw
XLU,208,ex_march2020,m1_p1,car_raw,surprise_bps,HC1,-0.008796652540436017,0.02519870130823887,-1.6951413969210207,0.7791711460164465,-3.222288780906055,-0.16799401293598593,-2.1755700343724484,0.02958742603491853,ex_march2020,car_raw
TLT,178,ex_march2020,m1_p1,car_raw,surprise_bps,HC1,0.3392647131066292,0.030297380104735594,-1.5387283379908416,0.884528464211853,-3.2723722711466,0.1949155951649165,-1.7396029638932022,0.08192875846300791,ex_march2020,car_raw
IEF,178,ex_march2020,m1_p1,car_raw,surprise_bps,HC1,0.20001386231363577,0.05601775095777617,-1.0574862497907507,0.37913402192369133,-1.800575278075005,-0.3143972215064964,-2.7892148650368074,0.005283599861714086,ex_march2020,car_raw
XLP,208,ex_march2020,m1_p1,car_raw,surprise_bps,HC1,0.03096409830409932,0.010675724828010713,-0.9627244026184576,0.7255647268352229,-2.384805135668137,0.4593563304312218,-1.3268621902523854,0.1845542736356237,ex_march2020,car_raw
XLRE,67,ex_march2020,m1_p1,car_adj,surprise_bps,HC1,0.12716209364714764,0.028896179780588227,-1.684259540556396,1.380903698843941,-4.390781056408666,1.0222619752958735,-1.2196792158399004,0.22258650357767162,ex_march2020,car_adj
XLY,208,ex_march2020,m1_p1,car_adj,surprise_bps,HC1,0.10097183063565228,0.08788355612991827,-1.6825866838854027,0.5332283230587447,-2.727694992617231,-0.6374783751535742,-3.1554713264922265,0.0016023901577891303,ex_march2020,car_adj
XLK,208,ex_march2020,m1_p1,car_adj,surprise_bps,HC1,0.27829437897522835,0.035260126804781744,-1.343233290825022,0.972010673120262,-3.248339202729271,0.5618726210792266,-1.3819120797440363,0.16699869842644643,ex_march2020,car_adj
QQQ,207,ex_march2020,m1_p1,car_adj,surprise_bps,HC1,0.28189581438367933,0.03084075969250688,-1.3060511785158613,1.1586756818283306,-3.5770137846617795,0.9649114276300577,-1.1271930523776763,0.25966086730461657,ex_march2020,car_adj
XLF,208,ex_march2020,m1_p1,car_adj,surprise_bps,HC1,-0.16129611579870134,0.013551585552508683,-0.9097979170146088,0.5434442881782106,-1.9749291494479078,0.15533331541869033,-1.6741328169342367,0.09410449945928105,ex_march2020,car_adj
XLB,208,ex_march2020,m1_p1,car_adj,surprise_bps,HC1,-0.06512445476096368,0.005280374598184756,-0.5719623085184908,0.7646320408106153,-2.0706135699326578,0.9266889528956759,-0.7480229417434979,0.45444631971214244,ex_march2020,car_adj
XLI,208,ex_march2020,m1_p1,car_adj,surprise_bps,HC1,-0.00935521095956686,0.01248633133052035,-0.49213869319570624,0.36033476040771595,-1.198381845972699,0.21410445958128643,-1.3657818985846804,0.17200742956099657,ex_march2020,car_adj
XLE,208,ex_march2020,m1_p1,car_adj,surprise_bps,HC1,-0.1822454048654453,0.00011789601031808594,-0.12622827335428546,1.1673139682254408,-2.414121609726682,2.1616650630181113,-0.10813566597355005,0.9138880766657201,ex_march2020,car_adj
SPY,209,ex_march2020,m1_p1,car_adj,surprise_bps,HC1,0.0,,0.0,0.0,0.0,0.0,,,ex_march2020,car_adj
XLV,208,ex_march2020,m1_p1,car_adj,surprise_bps,HC1,0.015713057475321743,0.024386413743293867,0.9661752533248059,0.49342372635089293,-0.0009174794404914061,1.9332679860901032,1.9581045696163402,0.05021774367470118,ex_march2020,car_adj
GLD,159,ex_march2020,m1_p1,car_adj,surprise_bps,HC1,0.09633143878958197,0.0023872345654061267,0.971465548348628,1.926446565603336,-2.804300338374789,4.747231435072045,0.504278481269154,0.614065696868326,ex_march2020,car_adj
XLU,208,ex_march2020,m1_p1,car_adj,surprise_bps,HC1,-0.2757122114053432,0.02422496128224494,1.1823574216978727,0.7723755044770727,-0.3314707496181448,2.6961855930138903,1.5308064728158013,0.1258172294057575,ex_march2020,car_adj
TLT,178,ex_march2020,m1_p1,car_adj,surprise_bps,HC1,0.15810069938272778,0.006711176050460788,1.3772985768114436,1.4562658770099994,-1.4769300940427914,4.231527247665678,0.9457741189674159,0.3442638088304768,ex_march2020,car_adj
IEF,178,ex_march2020,m1_p1,car_adj,surprise_bps,HC1,0.018849848589734375,0.018391906376321487,1.8585406650115335,1.1088394994042243,-0.3147448184561686,4.031826148479236,1.676113329305207,0.09371599635861246,ex_march2020,car_adj
XLP,208,ex_march2020,m1_p1,car_adj,surprise_bps,HC1,-0.2359514605608078,0.07593869160648936,1.9147744160004352,0.7433027549529009,0.45792778668334816,3.3716210453175224,2.5760356775776567,0.009994033355223631,ex_march2020,car_adj
SPY,202,ex_march2020,m1_p1,car_raw,surprise_orth_bps,HC1,0.3253996130450412,0.07659206982552103,-3.2560174960431376,1.1282056202382142,-5.467259878865711,-1.0447751132205645,-2.886014249207204,0.0039015449267148085,ex_march2020,auto
XLY,201,ex_march2020,m1_p1,car_adj,surprise_orth_bps,HC1,0.12087285252859148,0.05569318963042669,-1.4784368932723886,0.5206048935971656,-2.4988037348981402,-0.45807005164663717,-2.839844403030863,0.004513554354316895,ex_march2020,auto
XLK,201,ex_march2020,m1_p1,car_adj,surprise_orth_bps,HC1,0.2542706924745923,0.030178957546349583,-1.3487430589307454,1.060001880432669,-3.4263085681235097,0.7288224502620184,-1.2723968549755957,0.20323215095485625,ex_march2020,auto
QQQ,200,ex_march2020,m1_p1,car_adj,surprise_orth_bps,HC1,0.2716311849784958,0.02778230682605165,-1.3454910381466332,1.2209235007177701,-3.7384571274320253,1.0474750511387594,-1.1020273074894789,0.27044979996876295,ex_march2020,auto
XLRE,60,ex_march2020,m1_p1,car_adj,surprise_orth_bps,HC1,0.181515056435274,0.01681616004838793,-1.281846601843512,1.4444795331757714,-4.112974463273254,1.5492812595862302,-0.8874107056576277,0.3748578217773396,ex_march2020,auto
TLT,171,ex_march2020,m1_p1,car_raw,surprise_orth_bps,HC1,0.3380286151375512,0.01722173680497896,-1.2092956208272017,0.8627553953765309,-2.900265123232817,0.48167388157841357,-1.4016668308396156,0.161014759919195,ex_march2020,auto
XLF,201,ex_march2020,m1_p1,car_adj,surprise_orth_bps,HC1,-0.09466254194991802,0.01760165275464254,-1.0911275033796959,0.822036387833817,-2.702289217515377,0.5200342107559853,-1.3273469636240462,0.18439393518739733,ex_march2020,auto
IEF,171,ex_march2020,m1_p1,car_raw,surprise_orth_bps,HC1,0.20097870319661088,0.04160958366947731,-0.9660219716750191,0.46897098889425914,-1.8851882197019005,-0.04685572364813758,-2.0598757589519723,0.03941041967733273,ex_march2020,auto
GLD,152,ex_march2020,m1_p1,car_raw,surprise_orth_bps,HC1,0.19780056566491233,0.0013755857514168301,-0.5377972542384181,1.9442805245017452,-4.348517058104485,3.2729225496276486,-0.276604763284474,0.7820836067877404,ex_march2020,auto
XLE,201,ex_march2020,m1_p1,car_adj,surprise_orth_bps,HC1,-0.1118625897100123,0.0005940096882595114,-0.2867022617464398,1.2684282690575386,-2.772775986071697,2.199371462578817,-0.22602954281322027,0.8211784430039855,ex_march2020,auto
XLI,201,ex_march2020,m1_p1,car_adj,surprise_orth_bps,HC1,0.022677439678121355,0.0007890362208395896,-0.12399033411448632,0.37748640450498605,-0.8638500915977775,0.6158694233688048,-0.32846304564817397,0.7425615810079571,ex_march2020,auto
XLB,201,ex_march2020,m1_p1,car_adj,surprise_orth_bps,HC1,-0.04886751695604,0.0009504629373979778,0.2626511016310651,0.815798912383297,-1.3362853852671444,1.8615875885292745,0.3219556898693932,0.7474862629805794,ex_march2020,auto
XLV,201,ex_march2020,m1_p1,car_adj,surprise_orth_bps,HC1,0.0217463402088115,0.01787138983471559,0.9035742007043369,0.5618260034898956,-0.19758453171393342,2.004732933122607,1.6082812028841726,0.1077736055637679,ex_march2020,auto
XLU,201,ex_march2020,m1_p1,car_adj,surprise_orth_bps,HC1,-0.2549921162367595,0.025784912636915402,1.2989123200803863,0.8261508627056331,-0.3203136166193494,2.918138256780122,1.5722459162318922,0.11589353051928762,ex_march2020,auto
XLP,201,ex_march2020,m1_p1,car_adj,surprise_orth_bps,HC1,-0.24496078902009355,0.0677172097667692,1.9661639555039634,0.8024043083796539,0.3934804100400705,3.5388475009678566,2.45034072595443,0.014272108908570714,ex_march2020,auto
XLY,201,ex_march2020,m1_p1,car_raw,surprise_orth_bps,HC1,0.42815132406435763,0.11365511282440177,-4.735798450988002,1.2336672118510008,-7.1537417551239075,-2.3178551468520956,-3.838797372171694,0.00012363840926122799,ex_march2020,car_raw
QQQ,200,ex_march2020,m1_p1,car_raw,surprise_orth_bps,HC1,0.586690912894168,0.08965515248642808,-4.611471104154035,1.8495203262862476,-8.236464332349849,-0.9864778759582193,-2.4933335625533015,0.0126549898554134,ex_march2020,car_raw
XLK,201,ex_march2020,m1_p1,car_raw,surprise_orth_bps,HC1,0.5615491640103584,0.09633939093958444,-4.606104616646359,1.6836202730687584,-7.905939715502616,-1.3062695177901014,-2.7358334241549294,0.006222251457061964,ex_march2020,car_raw
XLF,201,ex_march2020,m1_p1,car_raw,surprise_orth_bps,HC1,0.21261592958584827,0.07029935220190542,-4.348489061095311,1.6967562963842724,-7.674070292550053,-1.0229078296405674,-2.5628247676827765,0.0103824434878186,ex_march2020,car_raw
XLE,201,ex_march2020,m1_p1,car_raw,surprise_orth_bps,HC1,0.19541588182575384,0.04599536687962347,-3.5440638194620537,1.5182243270361384,-6.519728820905446,-0.568398818018662,-2.3343479328781,0.019577510767233578,ex_march2020,car_raw
XLI,201,ex_march2020,m1_p1,car_raw,surprise_orth_bps,HC1,0.32995591121388745,0.07944838499135176,-3.381351891830099,0.9988623408422395,-5.33908610539426,-1.4236176782659378,-3.385203099136711,0.0007112560712028618,ex_march2020,car_raw
SPY,202,ex_march2020,m1_p1,car_raw,surprise_orth_bps,HC1,0.3253996130450412,0.07659206982552103,-3.2560174960431376,1.1282056202382142,-5.467259878865711,-1.0447751132205645,-2.886014249207204,0.0039015449267148085,ex_march2020,car_raw
XLB,201,ex_march2020,m1_p1,car_raw,surprise_orth_bps,HC1,0.2584109545797261,0.04707834359107721,-2.9947104560845483,1.1169905536349787,-5.183971712280562,-0.8054491998885347,-2.681052625144393,0.0073390973432397675,ex_march2020,car_raw
XLRE,60,ex_march2020,m1_p1,car_raw,surprise_orth_bps,HC1,0.3191710447352849,0.0373877804808731,-2.669171228018995,2.282136514720659,-7.14207660467525,1.8037341486372598,-1.1695931469488408,0.24216473650020154,ex_march2020,car_raw
XLV,201,ex_march2020,m1_p1,car_raw,surprise_orth_bps,HC1,0.32902481174457787,0.04884395886226167,-2.3537873570112775,0.9663849402604794,-4.24786703512371,-0.459707678898846,-2.4356622904086622,0.014864554944208175,ex_march2020,car_raw
XLU,201,ex_march2020,m1_p1,car_raw,surprise_orth_bps,HC1,0.05228635529900655,0.028821038736687954,-1.9584492376352278,1.1490927336042198,-4.210629610396177,0.2937311351257219,-1.7043439405385477,0.08831685043163572,ex_march2020,car_raw
XLP,201,ex_march2020,m1_p1,car_raw,surprise_orth_bps,HC1,0.06231768251567263,0.0162422492082247,-1.291197602211651,1.0052159603568624,-3.2613846811959437,0.6789894767726422,-1.28449771306184,0.1989678632592189,ex_march2020,car_raw
TLT,171,ex_march2020,m1_p1,car_raw,surprise_orth_bps,HC1,0.3380286151375512,0.01722173680497896,-1.2092956208272017,0.8627553953765309,-2.900265123232817,0.48167388157841357,-1.4016668308396156,0.161014759919195,ex_march2020,car_raw
IEF,171,ex_march2020,m1_p1,car_raw,surprise_orth_bps,HC1,0.20097870319661088,0.04160958366947731,-0.9660219716750191,0.46897098889425914,-1.8851882197019005,-0.04685572364813758,-2.0598757589519723,0.03941041967733273,ex_march2020,car_raw
GLD,152,ex_march2020,m1_p1,car_raw,surprise_orth_bps,HC1,0.19780056566491233,0.0013755857514168301,-0.5377972542384181,1.9442805245017452,-4.348517058104485,3.2729225496276486,-0.276604763284474,0.7820836067877404,ex_march2020,car_raw
XLY,201,ex_march2020,m1_p1,car_adj,surprise_orth_bps,HC1,0.12087285252859148,0.05569318963042669,-1.4784368932723886,0.5206048935971656,-2.4988037348981402,-0.45807005164663717,-2.839844403030863,0.004513554354316895,ex_march2020,car_adj
XLK,201,ex_march2020,m1_p1,car_adj,surprise_orth_bps,HC1,0.2542706924745923,0.030178957546349583,-1.3487430589307454,1.060001880432669,-3.4263085681235097,0.7288224502620184,-1.2723968549755957,0.20323215095485625,ex_march2020,car_adj
QQQ,200,ex_march2020,m1_p1,car_adj,surprise_orth_bps,HC1,0.2716311849784958,0.02778230682605165,-1.3454910381466332,1.2209235007177701,-3.7384571274320253,1.0474750511387594,-1.1020273074894789,0.27044979996876295,ex_march2020,car_adj
XLRE,60,ex_march2020,m1_p1,car_adj,surprise_orth_bps,HC1,0.181515056435274,0.01681616004838793,-1.281846601843512,1.4444795331757714,-4.112974463273254,1.5492812595862302,-0.8874107056576277,0.3748578217773396,ex_march2020,car_adj
XLF,201,ex_march2020,m1_p1,car_adj,surprise_orth_bps,HC1,-0.09466254194991802,0.01760165275464254,-1.0911275033796959,0.822036387833817,-2.702289217515377,0.5200342107559853,-1.3273469636240462,0.18439393518739733,ex_march2020,car_adj
XLE,201,ex_march2020,m1_p1,car_adj,surprise_orth_bps,HC1,-0.1118625897100123,0.0005940096882595114,-0.2867022617464398,1.2684282690575386,-2.772775986071697,2.199371462578817,-0.22602954281322027,0.8211784430039855,ex_march2020,car_adj
XLI,201,ex_march2020,m1_p1,car_adj,surprise_orth_bps,HC1,0.022677439678121355,0.0007890362208395896,-0.12399033411448632,0.37748640450498605,-0.8638500915977775,0.6158694233688048,-0.32846304564817397,0.7425615810079571,ex_march2020,car_adj
SPY,202,ex_march2020,m1_p1,car_adj,surprise_orth_bps,HC1,0.0,,0.0,0.0,0.0,0.0,,,ex_march2020,car_adj
XLB,201,ex_march2020,m1_p1,car_adj,surprise_orth_bps,HC1,-0.04886751695604,0.0009504629373979778,0.2626511016310651,0.815798912383297,-1.3362853852671444,1.8615875885292745,0.3219556898693932,0.7474862629805794,ex_march2020,car_adj
XLV,201,ex_march2020,m1_p1,car_adj,surprise_orth_bps,HC1,0.0217463402088115,0.01787138983471559,0.9035742007043369,0.5618260034898956,-0.19758453171393342,2.004732933122607,1.6082812028841726,0.1077736055637679,ex_march2020,car_adj
XLU,201,ex_march2020,m1_p1,car_adj,surprise_orth_bps,HC1,-0.2549921162367595,0.025784912636915402,1.2989123200803863,0.8261508627056331,-0.3203136166193494,2.918138256780122,1.5722459162318922,0.11589353051928762,ex_march2020,car_adj
TLT,171,ex_march2020,m1_p1,car_adj,surprise_orth_bps,HC1,0.13413345360307616,0.01216454988806348,1.8950815296139838,1.760727182289036,-1.5558803342732173,5.346043393501184,1.0763061697896208,0.28179035024024657,ex_march2020,car_adj
XLP,201,ex_march2020,m1_p1,car_adj,surprise_orth_bps,HC1,-0.24496078902009355,0.0677172097667692,1.9661639555039634,0.8024043083796539,0.3934804100400705,3.5388475009678566,2.45034072595443,0.014272108908570714,ex_march2020,car_adj
IEF,171,ex_march2020,m1_p1,car_adj,surprise_orth_bps,HC1,-0.0029164583378642906,0.023015817854120213,2.1383551787661657,1.527941655021291,-0.8563554355540882,5.133065793086419,1.399500544892448,0.16166293505887142,ex_march2020,car_adj
GLD,152,ex_march2020,m1_p1,car_adj,surprise_orth_bps,HC1,-0.007709374256034657,0.022280629271514085,3.1892991236112014,3.203159250310376,-3.0887776437434553,9.467375890965858,0.9956729823227393,0.3194090614912243,ex_march2020,car_adj
SPY,209,ex_march2020,d0_p1,car_raw,surprise_bps,HC1,0.2023741976919632,0.08202174920568162,-2.42158375851736,0.5834123336103832,-3.565050920530178,-1.278116596504542,-4.15072431453695,3.314247739870842e-05,ex_march2020,auto
XLK,208,ex_march2020,d0_p1,car_adj,surprise_bps,HC1,0.24663976983975883,0.05566137569880969,-1.662951840957199,1.0469149100907458,-3.71486735961305,0.38896367769865153,-1.588430754905435,0.11218896759198803,ex_march2020,auto
QQQ,207,ex_march2020,d0_p1,car_adj,surprise_bps,HC1,0.27296715464208404,0.04852817436256951,-1.641765211375878,1.087848202596053,-3.7739085091107736,0.4903780863590175,-1.5091859392311828,0.13125127242520665,ex_march2020,auto
GLD,159,ex_march2020,d0_p1,car_raw,surprise_bps,HC1,0.14380992732726056,0.020836231426527907,-1.6231610367794789,1.000303802460912,-3.5837204632013355,0.3373983896423776,-1.6226680662277153,0.10466038137744597,ex_march2020,auto
TLT,178,ex_march2020,d0_p1,car_raw,surprise_bps,HC1,0.1978923185739619,0.030123828397963015,-1.372811983533692,0.7808739145808948,-2.9032967325790526,0.15767276551166848,-1.7580456433488343,0.07873974340393383,ex_march2020,auto
XLY,208,ex_march2020,d0_p1,car_adj,surprise_bps,HC1,0.1271816632096329,0.07319271123248094,-1.271952246637054,0.41039437631023884,-2.0763104436629,-0.46759404961120804,-3.099341316693672,0.0019395144212693938,ex_march2020,auto
IEF,178,ex_march2020,d0_p1,car_raw,surprise_bps,HC1,0.1295345782027691,0.08118277578724797,-1.1171442308040131,0.33632493528582746,-1.7763289910669993,-0.4579594705410269,-3.3216217817885028,0.0008949591741964549,ex_march2020,auto
XLRE,67,ex_march2020,d0_p1,car_adj,surprise_bps,HC1,0.048224578362239756,0.01901343474948891,-1.0713725424907978,1.1186225450534568,-3.2638324430901067,1.1210873581085115,-0.9577605486572766,0.33818351692478155,ex_march2020,auto
XLB,208,ex_march2020,d0_p1,car_adj,surprise_bps,HC1,-0.05942677114164953,0.009656060103471864,-0.6541157554108625,0.5615838114792631,-1.7547998002109495,0.4465682893892243,-1.164769607029558,0.24411226454056623,ex_march2020,auto
XLF,208,ex_march2020,d0_p1,car_adj,surprise_bps,HC1,-0.06320582385977168,0.009566070519130832,-0.6328292410685877,0.6526899017301883,-1.9120779415327436,0.6464194593955682,-0.9695710618335711,0.3322603431104678,ex_march2020,auto
XLI,208,ex_march2020,d0_p1,car_adj,surprise_bps,HC1,0.035967078245313214,0.01154041326621158,-0.39824543824697095,0.2633939285572275,-0.9144880519656529,0.11799717547171101,-1.5119765304705735,0.1305398332001231,ex_march2020,auto
XLE,208,ex_march2020,d0_p1,car_adj,surprise_bps,HC1,-0.21104056642458335,0.004843869090782937,0.6540291611965245,0.9821002816981013,-1.2708520201383955,2.5789103425314446,0.6659494690966536,0.5054433992821045,ex_march2020,auto
XLV,208,ex_march2020,d0_p1,car_adj,surprise_bps,HC1,0.0005696189834838855,0.01909302144646341,0.7164771614084204,0.4711498608594551,-0.20695959719716928,1.6399139200140098,1.5206990830931113,0.12833536892314112,ex_march2020,auto
XLU,208,ex_march2020,d0_p1,car_adj,surprise_bps,HC1,-0.19917198562824412,0.0325909951457517,1.2482889673860327,0.8004023708286281,-0.3204708525785513,2.8170487873506165,1.5595767989714016,0.11885992278398834,ex_march2020,auto
XLP,208,ex_march2020,d0_p1,car_adj,surprise_bps,HC1,-0.22824506008413795,0.08559585065643338,1.8765605845510132,0.775614776987085,0.3563835557792607,3.396737613322766,2.4194492423682386,0.015544029895616878,ex_march2020,auto
XLK,208,ex_march2020,d0_p1,car_raw,surprise_bps,HC1,0.4374515123213638,0.11563301262994774,-4.092450989032195,1.3959547516623898,-6.828472026338034,-1.356429951726356,-2.9316501728717563,0.0033716630926774985,ex_march2020,car_raw
QQQ,207,ex_march2020,d0_p1,car_raw,surprise_bps,HC1,0.4665499516398349,0.10197346775688954,-4.069146170220531,1.4687842199407064,-6.9479103423650725,-1.1903819980759887,-2.770417951783822,0.005598440310051119,ex_march2020,car_raw
XLY,208,ex_march2020,d0_p1,car_raw,surprise_bps,HC1,0.3179934056912377,0.1334237502528216,-3.701451394712052,0.7658091702947589,-5.20240978752028,-2.2004930019038236,-4.833386094459235,1.3423009543061557e-06,ex_march2020,car_raw
XLB,208,ex_march2020,d0_p1,car_raw,surprise_bps,HC1,0.13138497133995525,0.09132761464438144,-3.0836149034858624,0.7575694478314386,-4.568423737023378,-1.5988060699483473,-4.070405574449691,4.6931360974800596e-05,ex_march2020,car_raw
XLF,208,ex_march2020,d0_p1,car_raw,surprise_bps,HC1,0.12760591862183318,0.06505548105141012,-3.0623283891435866,0.96353528179089,-4.950822839287383,-1.1738339389997903,-3.1782213345127768,0.0014818158433081536,ex_march2020,car_raw
XLI,208,ex_march2020,d0_p1,car_raw,surprise_bps,HC1,0.22677882072691813,0.0930075121807763,-2.827744586321969,0.6055114270475135,-4.0145251755625475,-1.6409639970813898,-4.670010275627846,3.0118466960311514e-06,ex_march2020,car_raw
SPY,209,ex_march2020,d0_p1,car_raw,surprise_bps,HC1,0.2023741976919632,0.08202174920568162,-2.42158375851736,0.5834123336103832,-3.565050920530178,-1.278116596504542,-4.15072431453695,3.314247739870842e-05,ex_march2020,car_raw
XLRE,67,ex_march2020,d0_p1,car_raw,surprise_bps,HC1,0.005706736437589011,0.02767583246388916,-2.0428577259413596,1.9368686605660324,-5.8390505434351185,1.7533350915523986,-1.0547218650046994,0.2915525487623649,ex_march2020,car_raw
XLE,208,ex_march2020,d0_p1,car_raw,surprise_bps,HC1,-0.020228823942978452,0.020879205741473728,-1.7754699868784733,0.8905729813633239,-3.520960955955049,-0.02997901780189792,-1.9936266022359164,0.046192875946934865,ex_march2020,car_raw
XLV,208,ex_march2020,d0_p1,car_raw,surprise_bps,HC1,0.19138136146508863,0.041692490841757635,-1.7130219866665783,0.6880106108469192,-3.0614980049079423,-0.36454596842521414,-2.489819138919824,0.012780811550850483,ex_march2020,car_raw
GLD,159,ex_march2020,d0_p1,car_raw,surprise_bps,HC1,0.14380992732726056,0.020836231426527907,-1.6231610367794789,1.000303802460912,-3.5837204632013355,0.3373983896423776,-1.6226680662277153,0.10466038137744597,ex_march2020,car_raw
TLT,178,ex_march2020,d0_p1,car_raw,surprise_bps,HC1,0.1978923185739619,0.030123828397963015,-1.372811983533692,0.7808739145808948,-2.9032967325790526,0.15767276551166848,-1.7580456433488343,0.07873974340393383,ex_march2020,car_raw
XLU,208,ex_march2020,d0_p1,car_raw,surprise_bps,HC1,-0.00836024314663942,0.023034070123182482,-1.1812101806889643,0.6299649528702002,-2.4159187998370295,0.05349843845910054,-1.8750411039649446,0.0607870689710849,ex_march2020,car_raw
IEF,178,ex_march2020,d0_p1,car_raw,surprise_bps,HC1,0.1295345782027691,0.08118277578724797,-1.1171442308040131,0.33632493528582746,-1.7763289910669993,-0.4579594705410269,-3.3216217817885028,0.0008949591741964549,ex_march2020,car_raw
XLP,208,ex_march2020,d0_p1,car_raw,surprise_bps,HC1,-0.0374333176025331,0.0058006500441384334,-0.5529385635239831,0.6369809290702296,-1.8013982433404958,0.6955211162925298,-0.8680614101446975,0.3853607152016538,ex_march2020,car_raw
XLK,208,ex_march2020,d0_p1,car_adj,surprise_bps,HC1,0.24663976983975883,0.05566137569880969,-1.662951840957199,1.0469149100907458,-3.71486735961305,0.38896367769865153,-1.588430754905435,0.11218896759198803,ex_march2020,car_adj
QQQ,207,ex_march2020,d0_p1,car_adj,surprise_bps,HC1,0.27296715464208404,0.04852817436256951,-1.641765211375878,1.087848202596053,-3.7739085091107736,0.4903780863590175,-1.5091859392311828,0.13125127242520665,ex_march2020,car_adj
XLY,208,ex_march2020,d0_p1,car_adj,surprise_bps,HC1,0.1271816632096329,0.07319271123248094,-1.271952246637054,0.41039437631023884,-2.0763104436629,-0.46759404961120804,-3.099341316693672,0.0019395144212693938,ex_march2020,car_adj
XLRE,67,ex_march2020,d0_p1,car_adj,surprise_bps,HC1,0.048224578362239756,0.01901343474948891,-1.0713725424907978,1.1186225450534568,-3.2638324430901067,1.1210873581085115,-0.9577605486572766,0.33818351692478155,ex_march2020,car_adj
XLB,208,ex_march2020,d0_p1,car_adj,surprise_bps,HC1,-0.05942677114164953,0.009656060103471864,-0.6541157554108625,0.5615838114792631,-1.7547998002109495,0.4465682893892243,-1.164769607029558,0.24411226454056623,ex_march2020,car_adj
XLF,208,ex_march2020,d0_p1,car_adj,surprise_bps,HC1,-0.06320582385977168,0.009566070519130832,-0.6328292410685877,0.6526899017301883,-1.9120779415327436,0.6464194593955682,-0.9695710618335711,0.3322603431104678,ex_march2020,car_adj
XLI,208,ex_march2020,d0_p1,car_adj,surprise_bps,HC1,0.035967078245313214,0.01154041326621158,-0.39824543824697095,0.2633939285572275,-0.9144880519656529,0.11799717547171101,-1.5119765304705735,0.1305398332001231,ex_march2020,car_adj
SPY,209,ex_march2020,d0_p1,car_adj,surprise_bps,HC1,0.0,,0.0,0.0,0.0,0.0,,,ex_march2020,car_adj
XLE,208,ex_march2020,d0_p1,car_adj,surprise_bps,HC1,-0.21104056642458335,0.004843869090782937,0.6540291611965245,0.9821002816981013,-1.2708520201383955,2.5789103425314446,0.6659494690966536,0.5054433992821045,ex_march2020,car_adj
XLV,208,ex_march2020,d0_p1,car_adj,surprise_bps,HC1,0.0005696189834838855,0.01909302144646341,0.7164771614084204,0.4711498608594551,-0.20695959719716928,1.6399139200140098,1.5206990830931113,0.12833536892314112,ex_march2020,car_adj
GLD,159,ex_march2020,d0_p1,car_adj,surprise_bps,HC1,0.04257572752677464,0.004942337059393731,0.9877810007987943,1.1992220883395044,-1.3626511018115457,3.3382131034091342,0.8236847956716001,0.4101186807582885,ex_march2020,car_adj
TLT,178,ex_march2020,d0_p1,car_adj,surprise_bps,HC1,0.07172061140917718,0.006009665233807082,1.0043694966541823,1.069141773658195,-1.0911098740831542,3.0998488673915183,0.9394165688780575,0.34751690940807345,ex_march2020,car_adj
XLU,208,ex_march2020,d0_p1,car_adj,surprise_bps,HC1,-0.19917198562824412,0.0325909951457517,1.2482889673860327,0.8004023708286281,-0.3204708525785513,2.8170487873506165,1.5595767989714016,0.11885992278398834,ex_march2020,car_adj
IEF,178,ex_march2020,d0_p1,car_adj,surprise_bps,HC1,0.003362871037984397,0.01633226075523131,1.2600372493838614,0.801485699662645,-0.31084585607880943,2.8309203548465325,1.57212692617501,0.11592111803967868,ex_march2020,car_adj
XLP,208,ex_march2020,d0_p1,car_adj,surprise_bps,HC1,-0.22824506008413795,0.08559585065643338,1.8765605845510132,0.775614776987085,0.3563835557792607,3.396737613322766,2.4194492423682386,0.015544029895616878,ex_march2020,car_adj
SPY,202,ex_march2020,d0_p1,car_raw,surprise_orth_bps,HC1,0.2497740233886275,0.09142878493810769,-2.731249657583808,0.7803274594948976,-4.260663374341444,-1.2018359408261705,-3.500132699869018,0.00046502660209027244,ex_march2020,auto
XLK,201,ex_march2020,d0_p1,car_adj,surprise_orth_bps,HC1,0.24058498955530655,0.0454560816921864,-1.6456821266018329,1.1347701287795071,-3.8697907097415456,0.57842645653788,-1.4502339151029937,0.14699330045024556,ex_march2020,auto
QQQ,200,ex_march2020,d0_p1,car_adj,surprise_orth_bps,HC1,0.2796273279664458,0.03443725906485362,-1.5132014566953966,1.1907904314923867,-3.8471078155553853,0.8207049021645917,-1.2707537923351808,0.2038162520394029,ex_march2020,auto
TLT,171,ex_march2020,d0_p1,car_raw,surprise_orth_bps,HC1,0.21528242482833454,0.01751650749701994,-1.0941255124650358,0.7130354985953549,-2.4916494094104915,0.30339838448041995,-1.5344614884117407,0.12491616063832112,ex_march2020,auto
IEF,171,ex_march2020,d0_p1,car_raw,surprise_orth_bps,HC1,0.13894132914043628,0.06635261093265432,-1.0713491962230062,0.366291357306095,-1.7892670643912447,-0.3534313280547675,-2.9248552412000333,0.0034461649110011077,ex_march2020,auto
XLY,201,ex_march2020,d0_p1,car_adj,surprise_orth_bps,HC1,0.14584718809205172,0.03856482275134043,-1.0180582522931323,0.4036902268688505,-1.8092765578668828,-0.22683994671938157,-2.5218798586963946,0.01167295681831703,ex_march2020,auto
GLD,152,ex_march2020,d0_p1,car_raw,surprise_orth_bps,HC1,0.11356246071891914,0.00336293232918472,-0.7099993840853706,1.5469087536737383,-3.7418848286556403,2.321886060484899,-0.4589794856349478,0.646248897727792,ex_march2020,auto
XLRE,60,ex_march2020,d0_p1,car_adj,surprise_orth_bps,HC1,0.10199812266565467,0.007354486022678186,-0.6851184694101344,1.1431437183383029,-2.925638986506408,1.555402047686139,-0.5993283770181029,0.5489539282675316,ex_march2020,auto
XLF,201,ex_march2020,d0_p1,car_adj,surprise_orth_bps,HC1,-0.03105377438619982,0.005230669900387008,-0.4948381809137186,0.6159437002538346,-1.702065649915569,0.7123892880881317,-0.8033821609179418,0.4217538826379742,ex_march2020,auto
XLI,201,ex_march2020,d0_p1,car_adj,surprise_orth_bps,HC1,0.04999506489568271,0.0013500765092021583,-0.13974448944603668,0.29573013722499814,-0.7193649075501211,0.4398759286580477,-0.4725405762068677,0.636540986449974,ex_march2020,auto
XLB,201,ex_march2020,d0_p1,car_adj,surprise_orth_bps,HC1,-0.05640041686596694,0.00014850229842011675,0.08737803932458706,0.6610664676863374,-1.2082884287277456,1.3830445073769198,0.13217738850134228,0.8948439855477651,ex_march2020,auto
XLE,201,ex_march2020,d0_p1,car_adj,surprise_orth_bps,HC1,-0.1903778797582605,0.005597856873073126,0.7202740985829492,1.1031494004245044,-1.441858995816034,2.8824071929819324,0.6529252504744867,0.5138044694753469,ex_march2020,auto
XLV,201,ex_march2020,d0_p1,car_adj,surprise_orth_bps,HC1,0.002691073959015574,0.016339281062767164,0.7258449657532673,0.5010610052723651,-0.2562165586380024,1.7079064901445369,1.4486159531786251,0.14744486350189542,ex_march2020,auto
XLU,201,ex_march2020,d0_p1,car_adj,surprise_orth_bps,HC1,-0.18944922553020493,0.023751665334074468,1.1458915969050107,0.8882603144887405,-0.5950666283891425,2.886849822199164,1.2900402936098254,0.19703666834067568,ex_march2020,auto
XLP,201,ex_march2020,d0_p1,car_adj,surprise_orth_bps,HC1,-0.24884491839589237,0.06867371547430223,1.8239328550766403,0.8422756927196472,0.17310283229260634,3.4747628778606745,2.165482004101642,0.030350792081042386,ex_march2020,auto
XLK,201,ex_march2020,d0_p1,car_raw,surprise_orth_bps,HC1,0.4788128233719501,0.11172101159498482,-4.377788175647456,1.5098999414715664,-7.337137681190861,-1.4184386701040508,-2.899389592253916,0.003738899979817026,ex_march2020,car_raw
QQQ,200,ex_march2020,d0_p1,car_raw,surprise_orth_bps,HC1,0.5220493462109701,0.09330372380487828,-4.2499529783362044,1.5903353069435961,-7.366952903288104,-1.1329530533843037,-2.6723628405785846,0.007531915842293285,ex_march2020,car_raw
XLY,201,ex_march2020,d0_p1,car_raw,surprise_orth_bps,HC1,0.38407502190869514,0.11747021697270421,-3.7501643013387533,0.9163005546071835,-5.5460803873829105,-1.9542482152945968,-4.092722941706002,4.2633701155029866e-05,ex_march2020,car_raw
XLF,201,ex_march2020,d0_p1,car_raw,surprise_orth_bps,HC1,0.20717405943044348,0.06578688597982485,-3.22694422995934,1.1700609037184673,-5.520221460965924,-0.9336669989527563,-2.757928428942522,0.0058168932237938455,ex_march2020,car_raw
XLI,201,ex_march2020,d0_p1,car_raw,surprise_orth_bps,HC1,0.28822289871232615,0.08835289770224208,-2.8718505384916577,0.744676610625075,-4.331389875446162,-1.4123112015371535,-3.856506968952673,0.00011501882044205735,ex_march2020,car_raw
SPY,202,ex_march2020,d0_p1,car_raw,surprise_orth_bps,HC1,0.2497740233886275,0.09142878493810769,-2.731249657583808,0.7803274594948976,-4.260663374341444,-1.2018359408261705,-3.500132699869018,0.00046502660209027244,ex_march2020,car_raw
XLB,201,ex_march2020,d0_p1,car_raw,surprise_orth_bps,HC1,0.18182741695067636,0.06059800907009527,-2.644728009721034,0.8437067393601163,-4.298362832380585,-0.9910931870614835,-3.134653175494186,0.0017205740061534594,ex_march2020,car_raw
XLRE,60,ex_march2020,d0_p1,car_raw,surprise_orth_bps,HC1,0.09978980625204872,0.032323773377604725,-2.074333882326884,1.9049337053221804,-5.807935337694794,1.659267573041026,-1.0889270721240418,0.276186046821867,ex_march2020,car_raw
XLE,201,ex_march2020,d0_p1,car_raw,surprise_orth_bps,HC1,0.04784995405838273,0.026361015912707564,-2.0118319504626725,1.1597771916305741,-4.284953476149607,0.2612895752242612,-1.734671077324915,0.08279908201634369,ex_march2020,car_raw
XLV,201,ex_march2020,d0_p1,car_raw,surprise_orth_bps,HC1,0.24091890777565877,0.04914477462973221,-2.0062610832923538,0.8474530102124617,-3.6672384618988336,-0.34528370468587427,-2.3674009757654546,0.017913513061848605,ex_march2020,car_raw
XLU,201,ex_march2020,d0_p1,car_raw,surprise_orth_bps,HC1,0.04877860828643831,0.0357322820567213,-1.5862144521406094,0.8509436789983194,-3.254033415849328,0.08160451156810945,-1.8640651447200445,0.06231255655774483,ex_march2020,car_raw
TLT,171,ex_march2020,d0_p1,car_raw,surprise_orth_bps,HC1,0.21528242482833454,0.01751650749701994,-1.0941255124650358,0.7130354985953549,-2.4916494094104915,0.30339838448041995,-1.5344614884117407,0.12491616063832112,ex_march2020,car_raw
IEF,171,ex_march2020,d0_p1,car_raw,surprise_orth_bps,HC1,0.13894132914043628,0.06635261093265432,-1.0713491962230062,0.366291357306095,-1.7892670643912447,-0.3534313280547675,-2.9248552412000333,0.0034461649110011077,ex_march2020,car_raw
XLP,201,ex_march2020,d0_p1,car_raw,surprise_orth_bps,HC1,-0.010617084579248946,0.013358883418414513,-0.9081731939689811,0.8162656243913586,-2.5080244195941437,0.6916780316561812,-1.1125951734720576,0.26588233429606345,ex_march2020,car_raw
GLD,152,ex_march2020,d0_p1,car_raw,surprise_orth_bps,HC1,0.11356246071891914,0.00336293232918472,-0.7099993840853706,1.5469087536737383,-3.7418848286556403,2.321886060484899,-0.4589794856349478,0.646248897727792,ex_march2020,car_raw
XLK,201,ex_march2020,d0_p1,car_adj,surprise_orth_bps,HC1,0.24058498955530655,0.0454560816921864,-1.6456821266018329,1.1347701287795071,-3.8697907097415456,0.57842645653788,-1.4502339151029937,0.14699330045024556,ex_march2020,car_adj
QQQ,200,ex_march2020,d0_p1,car_adj,surprise_orth_bps,HC1,0.2796273279664458,0.03443725906485362,-1.5132014566953966,1.1907904314923867,-3.8471078155553853,0.8207049021645917,-1.2707537923351808,0.2038162520394029,ex_march2020,car_adj
XLY,201,ex_march2020,d0_p1,car_adj,surprise_orth_bps,HC1,0.14584718809205172,0.03856482275134043,-1.0180582522931323,0.4036902268688505,-1.8092765578668828,-0.22683994671938157,-2.5218798586963946,0.01167295681831703,ex_march2020,car_adj
XLRE,60,ex_march2020,d0_p1,car_adj,surprise_orth_bps,HC1,0.10199812266565467,0.007354486022678186,-0.6851184694101344,1.1431437183383029,-2.925638986506408,1.555402047686139,-0.5993283770181029,0.5489539282675316,ex_march2020,car_adj
XLF,201,ex_march2020,d0_p1,car_adj,surprise_orth_bps,HC1,-0.03105377438619982,0.005230669900387008,-0.4948381809137186,0.6159437002538346,-1.702065649915569,0.7123892880881317,-0.8033821609179418,0.4217538826379742,ex_march2020,car_adj
XLI,201,ex_march2020,d0_p1,car_adj,surprise_orth_bps,HC1,0.04999506489568271,0.0013500765092021583,-0.13974448944603668,0.29573013722499814,-0.7193649075501211,0.4398759286580477,-0.4725405762068677,0.636540986449974,ex_march2020,car_adj
SPY,202,ex_march2020,d0_p1,car_adj,surprise_orth_bps,HC1,0.0,,0.0,0.0,0.0,0.0,,,ex_march2020,car_adj
XLB,201,ex_march2020,d0_p1,car_adj,surprise_orth_bps,HC1,-0.05640041686596694,0.00014850229842011675,0.08737803932458706,0.6610664676863374,-1.2082884287277456,1.3830445073769198,0.13217738850134228,0.8948439855477651,ex_march2020,car_adj
XLE,201,ex_march2020,d0_p1,car_adj,surprise_orth_bps,HC1,-0.1903778797582605,0.005597856873073126,0.7202740985829492,1.1031494004245044,-1.441858995816034,2.8824071929819324,0.6529252504744867,0.5138044694753469,ex_march2020,car_adj
XLV,201,ex_march2020,d0_p1,car_adj,surprise_orth_bps,HC1,0.002691073959015574,0.016339281062767164,0.7258449657532673,0.5010610052723651,-0.2562165586380024,1.7079064901445369,1.4486159531786251,0.14744486350189542,ex_march2020,car_adj
XLU,201,ex_march2020,d0_p1,car_adj,surprise_orth_bps,HC1,-0.18944922553020493,0.023751665334074468,1.1458915969050107,0.8882603144887405,-0.5950666283891425,2.886849822199164,1.2900402936098254,0.19703666834067568,ex_march2020,car_adj
TLT,171,ex_march2020,d0_p1,car_adj,surprise_orth_bps,HC1,0.05181543332827618,0.013729642622378968,1.5354984310810285,1.1556722528791783,-0.729577562494427,3.800574424656484,1.3286625401410928,0.18395932884713317,ex_march2020,car_adj
IEF,171,ex_march2020,d0_p1,car_adj,surprise_orth_bps,HC1,-0.024525662359622197,0.024289880194768965,1.5582747473230576,0.958050652926355,-0.3194700277776815,3.4360195224237966,1.6265055950469056,0.10384214409584393,ex_march2020,car_adj
XLP,201,ex_march2020,d0_p1,car_adj,surprise_orth_bps,HC1,-0.24884491839589237,0.06867371547430223,1.8239328550766403,0.8422756927196472,0.17310283229260634,3.4747628778606745,2.165482004101642,0.030350792081042386,ex_march2020,car_adj
GLD,152,ex_march2020,d0_p1,car_adj,surprise_orth_bps,HC1,-0.03867052665624646,0.02541155304691467,2.3881812715839765,2.0271719215458748,-1.5850026851167944,6.361365228284748,1.1780852162567466,0.23876263517995744,ex_march2020,car_adj
TLT,178,ex_march2020,d0_p5,car_raw,surprise_bps,HC1,0.18411213868103438,0.06134009463108414,-2.728703043198898,0.9564768010550254,-4.60336312531483,-0.854042961082966,-2.8528690295353205,0.004332647414039359,ex_march2020,auto
XLRE,67,ex_march2020,d0_p5,car_adj,surprise_bps,HC1,-0.36458510293994884,0.032508429274606065,-2.344097153763944,1.551182849755143,-5.38435967272023,0.696165365192342,-1.511167528788733,0.13074577316176778,ex_march2020,auto
SPY,209,ex_march2020,d0_p5,car_raw,surprise_bps,HC1,0.2282797163070533,0.037629241024036975,-2.159399777222411,0.7539635847468265,-3.637141248980903,-0.6816583054639179,-2.8640637570679437,0.0041824381792547475,ex_march2020,auto
XLK,208,ex_march2020,d0_p5,car_adj,surprise_bps,HC1,0.26593934310366363,0.0518106592448897,-2.1491574983987736,0.8126322088327632,-3.7418873603882212,-0.5564276364093259,-2.6446865815049954,0.008176661377549993,ex_march2020,auto
QQQ,207,ex_march2020,d0_p5,car_adj,surprise_bps,HC1,0.22425489482752037,0.04234330389404917,-2.1287653730484624,0.8847696833622831,-3.8628820870514446,-0.3946486590454802,-2.4060107540741824,0.016127789950116322,ex_march2020,auto
GLD,159,ex_march2020,d0_p5,car_raw,surprise_bps,HC1,-0.038962184476346834,0.016256311361324216,-2.068560231431107,1.4590551857105682,-4.928255846880221,0.7911353840180071,-1.417739542472279,0.15626682086315416,ex_march2020,auto
IEF,178,ex_march2020,d0_p5,car_raw,surprise_bps,HC1,0.1552225108340993,0.09630512509813438,-1.6457678667889664,0.4047827308449728,-2.4391274408088837,-0.8524082927690493,-4.065805533139893,4.786683820004711e-05,ex_march2020,auto
XLI,208,ex_march2020,d0_p5,car_adj,surprise_bps,HC1,0.03439534255897647,0.006422863864501083,-0.47548002626818253,0.4152295876468625,-1.2893150633714507,0.3383550108350858,-1.1451015062841832,0.2521671116075884,ex_march2020,auto
XLY,208,ex_march2020,d0_p5,car_adj,surprise_bps,HC1,-0.049426384890623516,0.00047265266509055603,-0.1462190259544536,0.5165478329809868,-1.158634174889399,0.8661961229804918,-0.28306967258119475,0.7771234289710841,ex_march2020,auto
XLB,208,ex_march2020,d0_p5,car_adj,surprise_bps,HC1,-0.08409689836360745,2.668243782255608e-06,-0.016249925582892507,0.7218162633624048,-1.4309838052284847,1.3984839540626994,-0.02251255119577965,0.9820391001315456,ex_march2020,auto
XLV,208,ex_march2020,d0_p5,car_adj,surprise_bps,HC1,-0.07469636440308926,0.00031362881658458797,0.1394191087057426,0.7996182927789574,-1.427803946520418,1.7066421639319034,0.17435707757661684,0.8615848447058727,ex_march2020,auto
XLE,208,ex_march2020,d0_p5,car_adj,surprise_bps,HC1,-0.07273082540287727,0.0003002787135977236,0.24847352248166932,1.1431910877660767,-1.9921398369870094,2.4890868819503478,0.21735082187109625,0.8279349534846929,ex_march2020,auto
XLU,208,ex_march2020,d0_p5,car_adj,surprise_bps,HC1,-0.24846759793122888,0.0021756957878207306,0.4894868977218546,0.7673715314983102,-1.0145336667761768,1.9935074622198858,0.6378747160011532,0.5235552377087389,ex_march2020,auto
XLF,208,ex_march2020,d0_p5,car_adj,surprise_bps,HC1,-0.1077354458097524,0.003039288802336615,0.5454038666842276,0.6836616760151041,-0.7945483959156674,1.8853561292841226,0.7977686709941862,0.42500474496809304,ex_march2020,auto
XLP,208,ex_march2020,d0_p5,car_adj,surprise_bps,HC1,-0.17709130309228244,0.030575933486036933,1.5910857014183974,0.7951956874864166,0.032530793283452875,3.149640609553342,2.0008731516738467,0.04540606157961661,ex_march2020,auto
XLK,208,ex_march2020,d0_p5,car_raw,surprise_bps,HC1,0.48246870922620766,0.06856691631691958,-4.316601293734715,1.3533955662017185,-6.9692078603262795,-1.6639947271431526,-3.1894602003530887,0.0014253876490326624,ex_march2020,car_raw
QQQ,207,ex_march2020,d0_p5,car_raw,surprise_bps,HC1,0.4561064310515388,0.05788313510036569,-4.284496928330918,1.4388158598532061,-7.104524194028232,-1.464469662633604,-2.9777937871549733,0.0029033124873856023,ex_march2020,car_raw
XLRE,67,ex_march2020,d0_p5,car_raw,surprise_bps,HC1,-0.3627099941941212,0.027117543379663878,-2.7330652405345783,2.5485534359161437,-7.728138187606029,2.2620077065368718,-1.0723986407419026,0.28354101821900035,ex_march2020,car_raw
TLT,178,ex_march2020,d0_p5,car_raw,surprise_bps,HC1,0.18411213868103438,0.06134009463108414,-2.728703043198898,0.9564768010550254,-4.60336312531483,-0.854042961082966,-2.8528690295353205,0.004332647414039359,ex_march2020,car_raw
XLI,208,ex_march2020,d0_p5,car_raw,surprise_bps,HC1,0.25092470868152056,0.04470533717363823,-2.642923821604128,0.757779349591258,-4.12814405503118,-1.1577035881770752,-3.487722148973453,0.0004871540409507483,ex_march2020,car_raw
XLY,208,ex_march2020,d0_p5,car_raw,surprise_bps,HC1,0.16710298123192063,0.025811055637246616,-2.313662821290398,1.0231018950665678,-4.318905688135548,-0.30841995444524756,-2.2614197397609748,0.023733277542174688,ex_march2020,car_raw
XLB,208,ex_march2020,d0_p5,car_raw,surprise_bps,HC1,0.13243246775893652,0.02136873495559455,-2.183693720918838,1.1137347101369,-4.366573641119318,-0.0008138007183574464,-1.9606946798402458,0.049914650062912576,ex_march2020,car_raw
SPY,209,ex_march2020,d0_p5,car_raw,surprise_bps,HC1,0.2282797163070533,0.037629241024036975,-2.159399777222411,0.7539635847468265,-3.637141248980903,-0.6816583054639179,-2.8640637570679437,0.0041824381792547475,ex_march2020,car_raw
GLD,159,ex_march2020,d0_p5,car_raw,surprise_bps,HC1,-0.038962184476346834,0.016256311361324216,-2.068560231431107,1.4590551857105682,-4.928255846880221,0.7911353840180071,-1.417739542472279,0.15626682086315416,ex_march2020,car_raw
XLV,208,ex_march2020,d0_p5,car_raw,surprise_bps,HC1,0.14183300171945482,0.03762384655619999,-2.0280246866302023,0.7360604843031744,-3.4706767263075338,-0.5853726469528706,-2.755241899108502,0.005864875675940317,ex_march2020,car_raw
XLE,208,ex_march2020,d0_p5,car_raw,surprise_bps,HC1,0.14379854071966697,0.011559688909283383,-1.918970272854274,1.4173431957819191,-4.696911890319738,0.8589713446111903,-1.3539206866517726,0.17576168293843386,ex_march2020,car_raw
XLU,208,ex_march2020,d0_p5,car_raw,surprise_bps,HC1,-0.031938231808684894,0.022833480506242232,-1.6779568976140906,0.7369581116343887,-3.1223682545321414,-0.23354554069603994,-2.2768687543078965,0.022794064254305944,ex_march2020,car_raw
IEF,178,ex_march2020,d0_p5,car_raw,surprise_bps,HC1,0.1552225108340993,0.09630512509813438,-1.6457678667889664,0.4047827308449728,-2.4391274408088837,-0.8524082927690493,-4.065805533139893,4.786683820004711e-05,ex_march2020,car_raw
XLF,208,ex_march2020,d0_p5,car_raw,surprise_bps,HC1,0.10879392031279173,0.010449388507326907,-1.6220399286517164,1.0470518968155615,-3.6742239363545663,0.430144079051133,-1.5491495059460643,0.12134578447300798,ex_march2020,car_raw
XLP,208,ex_march2020,d0_p5,car_raw,surprise_bps,HC1,0.0394380630302616,0.004549250183170206,-0.5763580939175481,0.640170733268939,-1.831069675081266,0.6783534872461697,-0.9003193428953853,0.36795033024763224,ex_march2020,car_raw
XLRE,67,ex_march2020,d0_p5,car_adj,surprise_bps,HC1,-0.36458510293994884,0.032508429274606065,-2.344097153763944,1.551182849755143,-5.38435967272023,0.696165365192342,-1.511167528788733,0.13074577316176778,ex_march2020,car_adj
XLK,208,ex_march2020,d0_p5,car_adj,surprise_bps,HC1,0.26593934310366363,0.0518106592448897,-2.1491574983987736,0.8126322088327632,-3.7418873603882212,-0.5564276364093259,-2.6446865815049954,0.008176661377549993,ex_march2020,car_adj
QQQ,207,ex_march2020,d0_p5,car_adj,surprise_bps,HC1,0.22425489482752037,0.04234330389404917,-2.1287653730484624,0.8847696833622831,-3.8628820870514446,-0.3946486590454802,-2.4060107540741824,0.016127789950116322,ex_march2020,car_adj
TLT,178,ex_march2020,d0_p5,car_adj,surprise_bps,HC1,-0.05558191184646227,0.009261899999563727,-1.608521166307731,1.4609716265953436,-4.471972936869505,1.2549306042540427,-1.100994117220632,0.270899217502488,ex_march2020,car_adj
GLD,159,ex_march2020,d0_p5,car_adj,surprise_bps,HC1,-0.24650502113409836,0.002761191502309912,-1.0386117672064956,1.6474146941821504,-4.267485235405578,2.1902617009925867,-0.630449498158755,0.5284005345366098,ex_march2020,car_adj
IEF,178,ex_march2020,d0_p5,car_adj,surprise_bps,HC1,-0.08447153969339727,0.0015974364169021316,-0.5255859898977997,1.071839475598629,-2.6263527592794103,1.5751807794838109,-0.4903588661019009,0.6238799786336975,ex_march2020,car_adj
XLI,208,ex_march2020,d0_p5,car_adj,surprise_bps,HC1,0.03439534255897647,0.006422863864501083,-0.47548002626818253,0.4152295876468625,-1.2893150633714507,0.3383550108350858,-1.1451015062841832,0.2521671116075884,ex_march2020,car_adj
XLY,208,ex_march2020,d0_p5,car_adj,surprise_bps,HC1,-0.049426384890623516,0.00047265266509055603,-0.1462190259544536,0.5165478329809868,-1.158634174889399,0.8661961229804918,-0.28306967258119475,0.7771234289710841,ex_march2020,car_adj
XLB,208,ex_march2020,d0_p5,car_adj,surprise_bps,HC1,-0.08409689836360745,2.668243782255608e-06,-0.016249925582892507,0.7218162633624048,-1.4309838052284847,1.3984839540626994,-0.02251255119577965,0.9820391001315456,ex_march2020,car_adj
SPY,209,ex_march2020,d0_p5,car_adj,surprise_bps,HC1,0.0,,0.0,0.0,0.0,0.0,,,ex_march2020,car_adj
XLV,208,ex_march2020,d0_p5,car_adj,surprise_bps,HC1,-0.07469636440308926,0.00031362881658458797,0.1394191087057426,0.7996182927789574,-1.427803946520418,1.7066421639319034,0.17435707757661684,0.8615848447058727,ex_march2020,car_adj
XLE,208,ex_march2020,d0_p5,car_adj,surprise_bps,HC1,-0.07273082540287727,0.0003002787135977236,0.24847352248166932,1.1431910877660767,-1.9921398369870094,2.4890868819503478,0.21735082187109625,0.8279349534846929,ex_march2020,car_adj
XLU,208,ex_march2020,d0_p5,car_adj,surprise_bps,HC1,-0.24846759793122888,0.0021756957878207306,0.4894868977218546,0.7673715314983102,-1.0145336667761768,1.9935074622198858,0.6378747160011532,0.5235552377087389,ex_march2020,car_adj
XLF,208,ex_march2020,d0_p5,car_adj,surprise_bps,HC1,-0.1077354458097524,0.003039288802336615,0.5454038666842276,0.6836616760151041,-0.7945483959156674,1.8853561292841226,0.7977686709941862,0.42500474496809304,ex_march2020,car_adj
XLP,208,ex_march2020,d0_p5,car_adj,surprise_bps,HC1,-0.17709130309228244,0.030575933486036933,1.5910857014183974,0.7951956874864166,0.032530793283452875,3.149640609553342,2.0008731516738467,0.04540606157961661,ex_march2020,car_adj
TLT,171,ex_march2020,d0_p5,car_raw,surprise_orth_bps,HC1,0.23390750201471028,0.06573865961834635,-2.982567240989955,0.9543111767793143,-4.852982777521447,-1.1121517044584621,-3.1253613219283056,0.001775867814618392,ex_march2020,auto
XLK,201,ex_march2020,d0_p5,car_adj,surprise_orth_bps,HC1,0.24535177721856272,0.05578507685218659,-2.4066386625343976,0.8734991625527297,-4.118665561663646,-0.694611763405149,-2.7551699712008806,0.00586616522566987,ex_march2020,auto
XLRE,60,ex_march2020,d0_p5,car_adj,surprise_orth_bps,HC1,-0.23890961842347264,0.031228739030701225,-2.354856826951169,1.5939746645618813,-5.4789897617617696,0.7692761078594321,-1.4773489687795152,0.13958211787855718,ex_march2020,auto
SPY,202,ex_march2020,d0_p5,car_raw,surprise_orth_bps,HC1,0.27594246686589263,0.03537778756788523,-2.2711990010615017,0.9151327853553813,-4.064826301429873,-0.4775717006931305,-2.4818245367304894,0.013071162163549838,ex_march2020,auto
QQQ,200,ex_march2020,d0_p5,car_adj,surprise_orth_bps,HC1,0.22917876646421081,0.0398167295472891,-2.251548839160554,0.9077393634705616,-4.030685298912168,-0.4724123794089399,-2.480391321306375,0.01312382639780702,ex_march2020,auto
IEF,171,ex_march2020,d0_p5,car_raw,surprise_orth_bps,HC1,0.17603250310057938,0.10504814324652023,-1.8281230042975063,0.47864080198059267,-2.7662417377108355,-0.890004270884177,-3.819404857949471,0.00013377404437116158,ex_march2020,auto
GLD,152,ex_march2020,d0_p5,car_raw,surprise_orth_bps,HC1,-0.011967039580355054,0.010451114148486207,-1.790806260812048,2.1939972764894686,-6.090961904910373,2.509349383286277,-0.8162299379320329,0.4143686371086909,ex_march2020,auto
XLI,201,ex_march2020,d0_p5,car_adj,surprise_orth_bps,HC1,0.059640401840518054,0.0012264891048993087,-0.2172358224177197,0.4974958478750795,-1.1923097667110931,0.7578381218756538,-0.4366585637761288,0.6623589839680419,ex_march2020,auto
XLY,201,ex_march2020,d0_p5,car_adj,surprise_orth_bps,HC1,-0.03386619274597198,0.00034344720148882235,-0.1370768478601238,0.6278619712629427,-1.367663698797814,1.0935100030775664,-0.21832322092130232,0.8271772831384956,ex_march2020,auto
XLV,201,ex_march2020,d0_p5,car_adj,surprise_orth_bps,HC1,-0.06174270583916977,5.678605995940167e-05,0.06514615331824043,0.7570688575851329,-1.4186815413655032,1.5489738480019843,0.08605049945660287,0.9314262733050797,ex_march2020,auto
XLU,201,ex_march2020,d0_p5,car_adj,surprise_orth_bps,HC1,-0.2001355078715084,0.0011996703289895994,0.38928871485659455,0.8460160532277387,-1.2688722798124947,2.047449709525684,0.46014341379383034,0.6454132842600433,ex_march2020,auto
XLE,201,ex_march2020,d0_p5,car_adj,surprise_orth_bps,HC1,-0.029575910386176935,0.001321987313317119,0.5542057384916641,1.2755439248495943,-1.9458144149124061,3.054225891895734,0.4344858124403777,0.6639356952072628,ex_march2020,auto
XLB,201,ex_march2020,d0_p5,car_adj,surprise_orth_bps,HC1,-0.07025065307928482,0.0039072209288081305,0.678644994893754,0.7726685691921064,-0.8357575727088692,2.1930475624963774,0.8783131888014257,0.37977378043132426,ex_march2020,auto
XLF,201,ex_march2020,d0_p5,car_adj,surprise_orth_bps,HC1,-0.10551909860770482,0.016860816188949967,1.355915623397632,0.9414991472119888,-0.48938879661304063,3.2012200434083047,1.4401665975086992,0.14982027096654946,ex_march2020,auto
XLP,201,ex_march2020,d0_p5,car_adj,surprise_orth_bps,HC1,-0.19398242431360757,0.021406923854925375,1.4532342314749662,0.8804844412114993,-0.2724835622474468,3.178952025197379,1.6504939365826772,0.09884195245284773,ex_march2020,auto
XLK,201,ex_march2020,d0_p5,car_raw,surprise_orth_bps,HC1,0.5095474868078662,0.06810657218146143,-4.678708931348165,1.3300315220857373,-7.285522812939199,-2.071895049757131,-3.5177428907933534,0.00043523383538982945,ex_march2020,car_raw
QQQ,200,ex_march2020,d0_p5,car_raw,surprise_orth_bps,HC1,0.5107477665024465,0.05424994813318207,-4.542861739302659,1.4416056926964136,-7.368356976895547,-1.7173665017097721,-3.1512512487416604,0.001625725765220916,ex_march2020,car_raw
TLT,171,ex_march2020,d0_p5,car_raw,surprise_orth_bps,HC1,0.23390750201471028,0.06573865961834635,-2.982567240989955,0.9543111767793143,-4.852982777521447,-1.1121517044584621,-3.1253613219283056,0.001775867814618392,ex_march2020,car_raw
XLI,201,ex_march2020,d0_p5,car_raw,surprise_orth_bps,HC1,0.3238361114298216,0.03484470028669773,-2.4893060912314904,1.0047515803626934,-4.458583002152071,-0.5200291803109096,-2.47753388985256,0.013229384444272997,ex_march2020,car_raw
XLY,201,ex_march2020,d0_p5,car_raw,surprise_orth_bps,HC1,0.23032951684333158,0.023272591300869228,-2.4091471166738945,1.2660400074200857,-4.890539934204085,0.07224570085629621,-1.9028996734338695,0.057053637609753016,ex_march2020,car_raw
XLRE,60,ex_march2020,d0_p5,car_raw,surprise_orth_bps,HC1,-0.20936313667846063,0.020117019731098584,-2.31356895772348,2.8857663777970126,-7.969567126002233,3.342429210555272,-0.8017173446624093,0.42271648036221654,ex_march2020,car_raw
SPY,202,ex_march2020,d0_p5,car_raw,surprise_orth_bps,HC1,0.27594246686589263,0.03537778756788523,-2.2711990010615017,0.9151327853553813,-4.064826301429873,-0.4775717006931305,-2.4818245367304894,0.013071162163549838,ex_march2020,car_raw
XLV,201,ex_march2020,d0_p5,car_raw,surprise_orth_bps,HC1,0.2024530037501337,0.03715953548473194,-2.206924115495531,0.9601776689764746,-4.088837765449043,-0.32501046554201873,-2.298453907856508,0.02153596835397846,ex_march2020,car_raw
XLU,201,ex_march2020,d0_p5,car_raw,surprise_orth_bps,HC1,0.06406020171779511,0.025591108372576388,-1.8827815539571766,0.9574570991758655,-3.759362985084068,-0.006200122830285482,-1.966439598784935,0.04924785303053654,ex_march2020,car_raw
IEF,171,ex_march2020,d0_p5,car_raw,surprise_orth_bps,HC1,0.17603250310057938,0.10504814324652023,-1.8281230042975063,0.47864080198059267,-2.7662417377108355,-0.890004270884177,-3.819404857949471,0.00013377404437116158,ex_march2020,car_raw
GLD,152,ex_march2020,d0_p5,car_raw,surprise_orth_bps,HC1,-0.011967039580355054,0.010451114148486207,-1.790806260812048,2.1939972764894686,-6.090961904910373,2.509349383286277,-0.8162299379320329,0.4143686371086909,ex_march2020,car_raw
XLE,201,ex_march2020,d0_p5,car_raw,surprise_orth_bps,HC1,0.23461979920312664,0.008358686754336597,-1.7178645303221072,1.6243252041976728,-4.901483429730215,1.4657543690860004,-1.0575865755716312,0.2902439654126612,ex_march2020,car_raw
XLB,201,ex_march2020,d0_p5,car_raw,surprise_orth_bps,HC1,0.19394505651001887,0.009739486938914355,-1.593425273920017,1.1891953890457057,-3.924205407030698,0.7373548591906639,-1.3399188128358739,0.18027174113257804,ex_march2020,car_raw
XLF,201,ex_march2020,d0_p5,car_raw,surprise_orth_bps,HC1,0.15867661098159866,0.0029446666417655143,-0.9161546454161387,1.3190289279209308,-3.501403838707642,1.6690945478753647,-0.694567515558732,0.48732637580737037,ex_march2020,car_raw
XLP,201,ex_march2020,d0_p5,car_raw,surprise_orth_bps,HC1,0.07021328527569601,0.00795513418181848,-0.818836037338806,0.8345433220168742,-2.454510892030292,0.81683881735268,-0.9811785868226616,0.32650468181225445,ex_march2020,car_raw
XLK,201,ex_march2020,d0_p5,car_adj,surprise_orth_bps,HC1,0.24535177721856272,0.05578507685218659,-2.4066386625343976,0.8734991625527297,-4.118665561663646,-0.694611763405149,-2.7551699712008806,0.00586616522566987,ex_march2020,car_adj
XLRE,60,ex_march2020,d0_p5,car_adj,surprise_orth_bps,HC1,-0.23890961842347264,0.031228739030701225,-2.354856826951169,1.5939746645618813,-5.4789897617617696,0.7692761078594321,-1.4773489687795152,0.13958211787855718,ex_march2020,car_adj
QQQ,200,ex_march2020,d0_p5,car_adj,surprise_orth_bps,HC1,0.22917876646421081,0.0398167295472891,-2.251548839160554,0.9077393634705616,-4.030685298912168,-0.4724123794089399,-2.480391321306375,0.01312382639780702,ex_march2020,car_adj
TLT,171,ex_march2020,d0_p5,car_adj,surprise_orth_bps,HC1,-0.04451871062556581,0.009242880256566721,-1.6789363504007795,1.4595254985166517,-4.539553762011285,1.181681061209726,-1.1503302628882606,0.25000787089122856,ex_march2020,car_adj
IEF,171,ex_march2020,d0_p5,car_adj,surprise_orth_bps,HC1,-0.10239370953969655,0.001464911903367283,-0.5244921137083313,1.1684130412834919,-2.8145395936908866,1.765555366274224,-0.44889272472702046,0.6535090445394456,ex_march2020,car_adj
GLD,152,ex_march2020,d0_p5,car_adj,surprise_orth_bps,HC1,-0.27040936185250597,0.0001524224931827023,-0.265433589980148,2.485954366566934,-5.137814615661422,4.606947435701127,-0.10677331553221864,0.9149688175509919,ex_march2020,car_adj
XLI,201,ex_march2020,d0_p5,car_adj,surprise_orth_bps,HC1,0.059640401840518054,0.0012264891048993087,-0.2172358224177197,0.4974958478750795,-1.1923097667110931,0.7578381218756538,-0.4366585637761288,0.6623589839680419,ex_march2020,car_adj
XLY,201,ex_march2020,d0_p5,car_adj,surprise_orth_bps,HC1,-0.03386619274597198,0.00034344720148882235,-0.1370768478601238,0.6278619712629427,-1.367663698797814,1.0935100030775664,-0.21832322092130232,0.8271772831384956,ex_march2020,car_adj
SPY,202,ex_march2020,d0_p5,car_adj,surprise_orth_bps,HC1,0.0,,0.0,0.0,0.0,0.0,,,ex_march2020,car_adj
XLV,201,ex_march2020,d0_p5,car_adj,surprise_orth_bps,HC1,-0.06174270583916977,5.678605995940167e-05,0.06514615331824043,0.7570688575851329,-1.4186815413655032,1.5489738480019843,0.08605049945660287,0.9314262733050797,ex_march2020,car_adj
XLU,201,ex_march2020,d0_p5,car_adj,surprise_orth_bps,HC1,-0.2001355078715084,0.0011996703289895994,0.38928871485659455,0.8460160532277387,-1.2688722798124947,2.047449709525684,0.46014341379383034,0.6454132842600433,ex_march2020,car_adj
XLE,201,ex_march2020,d0_p5,car_adj,surprise_orth_bps,HC1,-0.029575910386176935,0.001321987313317119,0.5542057384916641,1.2755439248495943,-1.9458144149124061,3.054225891895734,0.4344858124403777,0.6639356952072628,ex_march2020,car_adj
XLB,201,ex_march2020,d0_p5,car_adj,surprise_orth_bps,HC1,-0.07025065307928482,0.0039072209288081305,0.678644994893754,0.7726685691921064,-0.8357575727088692,2.1930475624963774,0.8783131888014257,0.37977378043132426,ex_march2020,car_adj
XLF,201,ex_march2020,d0_p5,car_adj,surprise_orth_bps,HC1,-0.10551909860770482,0.016860816188949967,1.355915623397632,0.9414991472119888,-0.48938879661304063,3.2012200434083047,1.4401665975086992,0.14982027096654946,ex_march2020,car_adj
XLP,201,ex_march2020,d0_p5,car_adj,surprise_orth_bps,HC1,-0.19398242431360757,0.021406923854925375,1.4532342314749662,0.8804844412114993,-0.2724835622474468,3.178952025197379,1.6504939365826772,0.09884195245284773,ex_march2020,car_adj
GLD,152,ex_covid,m5_p5,car_raw,surprise_bps,HC1,0.054628308716893836,0.05636664293266869,-4.639342094516502,1.6715838568662298,-7.9155862511128685,-1.3630979379201351,-2.7754169050268414,0.005513098550307871,ex_covid,auto
TLT,171,ex_covid,m5_p5,car_raw,surprise_bps,HC1,0.21746251767296224,0.09859418509661,-4.3033131945856296,1.1729771174357249,-6.602306099449259,-2.0043202897219987,-3.6687102677614134,0.00024377715413711595,ex_covid,auto
SPY,202,ex_covid,m5_p5,car_raw,surprise_bps,HC1,0.23962481433474697,0.05583228836717535,-3.924215338829276,1.3026579076893372,-6.47737792207668,-1.3710527555818728,-3.0124680590855,0.002591327047185642,ex_covid,auto
XLRE,60,ex_covid,m5_p5,car_adj,surprise_bps,HC1,-0.3268686538130189,0.05241484115856265,-3.7948447654239312,2.0395965094746566,-7.792380466987865,0.20269093614000283,-1.8605860265966907,0.0628026596329435,ex_covid,auto
QQQ,200,ex_covid,m5_p5,car_adj,surprise_bps,HC1,-0.011497244725735989,0.03548667020945806,-2.529768652586719,1.343308276606143,-5.162604494869329,0.10306718969589033,-1.8832375982809828,0.05966817583791493,ex_covid,auto
XLK,201,ex_covid,m5_p5,car_adj,surprise_bps,HC1,0.11192681616084382,0.03987369618047931,-2.374782202864947,1.2747741842149443,-4.873293692347666,0.12372928661777242,-1.8629042165043768,0.06247574348860516,ex_covid,auto
IEF,171,ex_covid,m5_p5,car_raw,surprise_bps,HC1,0.19982530193942238,0.12081543607909762,-2.3221691542704392,0.5601602584110051,-3.4200630863266595,-1.2242752222142195,-4.145544278449328,3.390074797086134e-05,ex_covid,auto
XLI,201,ex_covid,m5_p5,car_adj,surprise_bps,HC1,0.05835617041436283,0.00564229812970618,-0.5645936934368465,0.5192979503887929,-1.5823989734443482,0.4532115865706553,-1.087224960187386,0.2769374024174215,ex_covid,auto
XLE,201,ex_covid,m5_p5,car_adj,surprise_bps,HC1,-0.04761777571592696,0.0007276949837328184,-0.4885013203659336,1.157906902271748,-2.7579571462689003,1.780954505537033,-0.42188307143477727,0.6731103669421765,ex_covid,auto
XLY,201,ex_covid,m5_p5,car_adj,surprise_bps,HC1,-0.029986602697947243,0.0007165708892982181,-0.26929052485284816,0.9008529862020566,-2.034929933174237,1.4963488834685408,-0.2989283811869917,0.7649946915878316,ex_covid,auto
XLB,201,ex_covid,m5_p5,car_adj,surprise_bps,HC1,-0.1536558600758437,0.00026000884956178805,0.20363399985802141,0.9240559235031757,-1.6074823299091021,2.0147503296251448,0.22036977922940784,0.8255831795801465,ex_covid,auto
XLF,201,ex_covid,m5_p5,car_adj,surprise_bps,HC1,-0.02536017415850192,0.000509101160119596,0.2706635682706582,1.2339687696323267,-2.1478707782559048,2.689197914797221,0.21934393716569106,0.8263821382095526,ex_covid,auto
XLV,201,ex_covid,m5_p5,car_adj,surprise_bps,HC1,0.11542028961085321,0.004794334370879394,0.6469288472063232,0.9944147544959264,-1.3020882573009323,2.5959459517135786,0.6505623979143939,0.5153290100595159,ex_covid,auto
XLU,201,ex_covid,m5_p5,car_adj,surprise_bps,HC1,0.04768494168143378,0.0081458961066877,1.1371288391165866,0.9109456421074015,-0.6482918112876339,2.922549489520807,1.2482949437970063,0.21192306516584525,ex_covid,auto
XLP,201,ex_covid,m5_p5,car_adj,surprise_bps,HC1,0.024168848892060085,0.0472111003739355,2.6048029577528022,0.9639721838791131,0.715452195251318,4.494153720254286,2.702155727430676,0.006889148752297298,ex_covid,auto
QQQ,200,ex_covid,m5_p5,car_raw,surprise_bps,HC1,0.20197944300946813,0.06955214081394645,-6.47040520101064,2.22116178223969,-10.82380229803723,-2.117008103984049,-2.9130724527802117,0.003578915529226027,ex_covid,car_raw
XLK,201,ex_covid,m5_p5,car_raw,surprise_bps,HC1,0.3102808340707988,0.07335573252157457,-6.326755656195505,2.1976122784806327,-10.633996574000554,-2.0195147383904577,-2.8789226007463187,0.00399036253744763,ex_covid,car_raw
XLRE,60,ex_covid,m5_p5,car_raw,surprise_bps,HC1,0.03134246920794498,0.07845971325828827,-6.049333789278125,3.4212580553825043,-12.754876359645376,0.6562087810891244,-1.7681606272759793,0.07703405431849632,ex_covid,car_raw
GLD,152,ex_covid,m5_p5,car_raw,surprise_bps,HC1,0.054628308716893836,0.05636664293266869,-4.639342094516502,1.6715838568662298,-7.9155862511128685,-1.3630979379201351,-2.7754169050268414,0.005513098550307871,ex_covid,car_raw
XLI,201,ex_covid,m5_p5,car_raw,surprise_bps,HC1,0.25671018832431763,0.06025197094594914,-4.516567146767407,1.3678111022462631,-7.197427644824117,-1.8357066487106979,-3.302040127726815,0.0009598433747887799,ex_covid,car_raw
XLE,201,ex_covid,m5_p5,car_raw,surprise_bps,HC1,0.15073624219402776,0.03525927465454237,-4.4404747736964945,1.5256914980717482,-7.430775161436082,-1.4501743859569063,-2.910467010734875,0.0036088906253618227,ex_covid,car_raw
TLT,171,ex_covid,m5_p5,car_raw,surprise_bps,HC1,0.21746251767296224,0.09859418509661,-4.3033131945856296,1.1729771174357249,-6.602306099449259,-2.0043202897219987,-3.6687102677614134,0.00024377715413711595,ex_covid,car_raw
XLY,201,ex_covid,m5_p5,car_raw,surprise_bps,HC1,0.1683674152120076,0.039326764712669604,-4.221263978183407,1.6996286946761876,-7.5524750068395585,-0.8900529495272549,-2.483638921492579,0.0130047597999995,ex_covid,car_raw
SPY,202,ex_covid,m5_p5,car_raw,surprise_bps,HC1,0.23962481433474697,0.05583228836717535,-3.924215338829276,1.3026579076893372,-6.47737792207668,-1.3710527555818728,-3.0124680590855,0.002591327047185642,ex_covid,car_raw
XLB,201,ex_covid,m5_p5,car_raw,surprise_bps,HC1,0.04469815783411124,0.03237500290627293,-3.7483394534725365,1.643299711284541,-6.969147703395306,-0.5275312035497665,-2.2809834552593693,0.022549425916477357,ex_covid,car_raw
XLF,201,ex_covid,m5_p5,car_raw,surprise_bps,HC1,0.17299384375145282,0.026937495312973958,-3.681309885059901,2.273014306605899,-8.136336062351749,0.7737162922319456,-1.6195718057564235,0.10532429014180548,ex_covid,car_raw
XLV,201,ex_covid,m5_p5,car_raw,surprise_bps,HC1,0.31377430752080804,0.04990295899275776,-3.305044606124237,0.9928123340292937,-5.250921024228802,-1.3591681880196715,-3.328972145935003,0.0008716712145357908,ex_covid,car_raw
XLU,201,ex_covid,m5_p5,car_raw,surprise_bps,HC1,0.24603895959138866,0.03506277518947576,-2.8148446142139734,1.0786851398365223,-4.929028638952109,-0.7006605894758378,-2.609514593517596,0.00906707785647687,ex_covid,car_raw
IEF,171,ex_covid,m5_p5,car_raw,surprise_bps,HC1,0.19982530193942238,0.12081543607909762,-2.3221691542704392,0.5601602584110051,-3.4200630863266595,-1.2242752222142195,-4.145544278449328,3.390074797086134e-05,ex_covid,car_raw
XLP,201,ex_covid,m5_p5,car_raw,surprise_bps,HC1,0.22252286680201505,0.01215217957234671,-1.3471704955777568,0.8432669189191121,-2.9999432860132744,0.3056022948577609,-1.597561181819561,0.110140671313927,ex_covid,car_raw
XLRE,60,ex_covid,m5_p5,car_adj,surprise_bps,HC1,-0.3268686538130189,0.05241484115856265,-3.7948447654239312,2.0395965094746566,-7.792380466987865,0.20269093614000283,-1.8605860265966907,0.0628026596329435,ex_covid,car_adj
GLD,152,ex_covid,m5_p5,car_adj,surprise_bps,HC1,-0.16620154599024659,0.008747748318124637,-2.607788744267545,3.0041950497092413,-8.495902844231175,3.280325355696086,-0.868049078411183,0.3853674657557803,ex_covid,car_adj
QQQ,200,ex_covid,m5_p5,car_adj,surprise_bps,HC1,-0.011497244725735989,0.03548667020945806,-2.529768652586719,1.343308276606143,-5.162604494869329,0.10306718969589033,-1.8832375982809828,0.05966817583791493,ex_covid,car_adj
XLK,201,ex_covid,m5_p5,car_adj,surprise_bps,HC1,0.11192681616084382,0.03987369618047931,-2.374782202864947,1.2747741842149443,-4.873293692347666,0.12372928661777242,-1.8629042165043768,0.06247574348860516,ex_covid,car_adj
TLT,171,ex_covid,m5_p5,car_adj,surprise_bps,HC1,-0.004127083992038844,0.0031497771671858965,-1.3638520794328557,2.4935718684117805,-6.251163134382197,3.523458975516485,-0.5469471711282691,0.5844150269941168,ex_covid,car_adj
XLI,201,ex_covid,m5_p5,car_adj,surprise_bps,HC1,0.05835617041436283,0.00564229812970618,-0.5645936934368465,0.5192979503887929,-1.5823989734443482,0.4532115865706553,-1.087224960187386,0.2769374024174215,ex_covid,car_adj
XLE,201,ex_covid,m5_p5,car_adj,surprise_bps,HC1,-0.04761777571592696,0.0007276949837328184,-0.4885013203659336,1.157906902271748,-2.7579571462689003,1.780954505537033,-0.42188307143477727,0.6731103669421765,ex_covid,car_adj
XLY,201,ex_covid,m5_p5,car_adj,surprise_bps,HC1,-0.029986602697947243,0.0007165708892982181,-0.26929052485284816,0.9008529862020566,-2.034929933174237,1.4963488834685408,-0.2989283811869917,0.7649946915878316,ex_covid,car_adj
SPY,202,ex_covid,m5_p5,car_adj,surprise_bps,HC1,0.0,,0.0,0.0,0.0,0.0,,,ex_covid,car_adj
XLB,201,ex_covid,m5_p5,car_adj,surprise_bps,HC1,-0.1536558600758437,0.00026000884956178805,0.20363399985802141,0.9240559235031757,-1.6074823299091021,2.0147503296251448,0.22036977922940784,0.8255831795801465,ex_covid,car_adj
XLF,201,ex_covid,m5_p5,car_adj,surprise_bps,HC1,-0.02536017415850192,0.000509101160119596,0.2706635682706582,1.2339687696323267,-2.1478707782559048,2.689197914797221,0.21934393716569106,0.8263821382095526,ex_covid,car_adj
IEF,171,ex_covid,m5_p5,car_adj,surprise_bps,HC1,-0.021764299725578643,0.0009654899945458206,0.6172919608823334,2.025559055271609,-3.352730836008997,4.5873147577736635,0.30475140148385366,0.7605554977950995,ex_covid,car_adj
XLV,201,ex_covid,m5_p5,car_adj,surprise_bps,HC1,0.11542028961085321,0.004794334370879394,0.6469288472063232,0.9944147544959264,-1.3020882573009323,2.5959459517135786,0.6505623979143939,0.5153290100595159,ex_covid,car_adj
XLU,201,ex_covid,m5_p5,car_adj,surprise_bps,HC1,0.04768494168143378,0.0081458961066877,1.1371288391165866,0.9109456421074015,-0.6482918112876339,2.922549489520807,1.2482949437970063,0.21192306516584525,ex_covid,car_adj
XLP,201,ex_covid,m5_p5,car_adj,surprise_bps,HC1,0.024168848892060085,0.0472111003739355,2.6048029577528022,0.9639721838791131,0.715452195251318,4.494153720254286,2.702155727430676,0.006889148752297298,ex_covid,car_adj
SPY,202,ex_covid,m5_p5,car_raw,surprise_orth_bps,HC1,0.3145800165759819,0.09273537642730822,-5.598429214912473,1.5965656740453174,-8.72764043499421,-2.4692179948307356,-3.5065448956618153,0.00045396484731395604,ex_covid,auto
TLT,171,ex_covid,m5_p5,car_raw,surprise_orth_bps,HC1,0.234705067259824,0.06354230452822185,-3.690016694975072,1.1134509437062203,-5.8723404431913995,-1.507692946758745,-3.314036164622147,0.000919596124218415,ex_covid,auto
GLD,152,ex_covid,m5_p5,car_raw,surprise_orth_bps,HC1,0.06659527730800974,0.02736797877081354,-3.5438656704284908,2.3750062096167404,-8.198792304336289,1.1110609634793065,-1.4921500651572492,0.13565980956803225,ex_covid,auto
XLRE,60,ex_covid,m5_p5,car_adj,surprise_orth_bps,HC1,-0.35377920643321725,0.03323398902899921,-3.293386530066831,2.491732745180896,-8.177092969720507,1.5903199095868445,-1.3217254283937006,0.18625959797617364,ex_covid,auto
QQQ,200,ex_covid,m5_p5,car_adj,surprise_orth_bps,HC1,0.0205034768664306,0.030374521715028302,-2.5908295481016212,1.4373678102063112,-5.408018688643195,0.22635959243995293,-1.8024819602226578,0.07146961043705903,ex_covid,auto
XLK,201,ex_covid,m5_p5,car_adj,surprise_orth_bps,HC1,0.14207575348336743,0.03605840903027202,-2.499720993757977,1.3848025013215979,-5.21388402204929,0.21444203453333532,-1.8051101087500545,0.07105745352793742,ex_covid,auto
IEF,171,ex_covid,m5_p5,car_raw,surprise_orth_bps,HC1,0.20857284283556593,0.07609639621712938,-1.9684946103190963,0.543315948058327,-3.0333743007396516,-0.903614919898541,-3.623112145619866,0.0002910795432772307,ex_covid,auto
XLE,201,ex_covid,m5_p5,car_adj,surprise_orth_bps,HC1,-0.035593801854357954,0.0017819439460128317,-0.8461469432592686,1.443683459166627,-3.67571452830206,1.983420641783522,-0.5861028176825624,0.5578064229171324,ex_covid,auto
XLI,201,ex_covid,m5_p5,car_adj,surprise_orth_bps,HC1,0.06523174874085814,0.004820371428172154,-0.5776382970162152,0.6018611665966478,-1.7572645072389066,0.6019879132064759,-0.9597533934322329,0.33717934391964144,ex_covid,auto
XLY,201,ex_covid,m5_p5,car_adj,surprise_orth_bps,HC1,-0.025077345404201083,0.0010947779331553775,-0.3684361446075852,1.0078953810672395,-2.3438747916836484,1.6070025024684778,-0.3655499881520003,0.7147008994591775,ex_covid,auto
XLF,201,ex_covid,m5_p5,car_adj,surprise_orth_bps,HC1,-0.02452905771138611,9.81988455406313e-06,0.04160913332976108,1.0044404318562525,-1.927057937724352,2.0102762043838744,0.04142518760705946,0.9669569332214928,ex_covid,auto
XLB,201,ex_covid,m5_p5,car_adj,surprise_orth_bps,HC1,-0.16066451306778112,0.0011139195086538045,0.46654211239990145,1.1117573965458256,-1.712462344375932,2.645546569175735,0.4196438124445354,0.6747456771919969,ex_covid,auto
XLV,201,ex_covid,m5_p5,car_adj,surprise_orth_bps,HC1,0.10226924331108202,0.008661592784118155,0.9624960539272694,0.9173453845848464,-0.8354678612430743,2.7604599690976133,1.0492188330601961,0.294077412705275,ex_covid,auto
XLU,201,ex_covid,m5_p5,car_adj,surprise_orth_bps,HC1,0.029139480502652873,0.010532257038838977,1.4312275407265533,0.9008539274404275,-0.33441371238814366,3.1968687938412503,1.5887454082517711,0.11211788274779852,ex_covid,auto
XLP,201,ex_covid,m5_p5,car_adj,surprise_orth_bps,HC1,-0.014712396232822111,0.053636886495186054,3.073210541959951,1.060722587007747,0.9942324738366131,5.1521886100832885,2.897280193334382,0.003764134067280632,ex_covid,auto
QQQ,200,ex_covid,m5_p5,car_raw,surprise_orth_bps,HC1,0.3120261141853995,0.09142458792477981,-8.211900324221949,2.353814485753134,-12.825291942586759,-3.598508705857139,-3.488762761010218,0.00048526162223482976,ex_covid,car_raw
XLK,201,ex_covid,m5_p5,car_raw,surprise_orth_bps,HC1,0.415886497887679,0.09816404074260421,-8.101174102949555,2.2665585053988755,-12.543547142384284,-3.6588010635148263,-3.5742179536300513,0.00035127623649182675,ex_covid,car_raw
XLE,201,ex_covid,m5_p5,car_raw,surprise_orth_bps,HC1,0.23821694254995332,0.060672976501638276,-6.447600052450843,2.2934145141380498,-10.942609901782847,-1.952590203118839,-2.8113539932287774,0.00493334756277629,ex_covid,car_raw
XLI,201,ex_covid,m5_p5,car_raw,surprise_orth_bps,HC1,0.3390424931451699,0.0920424385851869,-6.1790914062077915,1.7317239841579908,-9.573208046321664,-2.7849747660939186,-3.5681733710076355,0.0003594786219924915,ex_covid,car_raw
XLY,201,ex_covid,m5_p5,car_raw,surprise_orth_bps,HC1,0.2487333990001106,0.0641978238925981,-5.9698892537991615,2.1123121215757705,-10.109944936195065,-1.829833571403259,-2.826234434211202,0.004709877990885605,ex_covid,car_raw
XLRE,60,ex_covid,m5_p5,car_raw,surprise_orth_bps,HC1,0.011230825760406127,0.05955802236610597,-5.744323837204299,4.0245619392524805,-13.63232029168984,2.14367261728124,-1.4273165437407198,0.15348867412246506,ex_covid,car_raw
SPY,202,ex_covid,m5_p5,car_raw,surprise_orth_bps,HC1,0.3145800165759819,0.09273537642730822,-5.598429214912473,1.5965656740453174,-8.72764043499421,-2.4692179948307356,-3.5065448956618153,0.00045396484731395604,ex_covid,car_raw
XLF,201,ex_covid,m5_p5,car_raw,surprise_orth_bps,HC1,0.24928168669292577,0.05014899428387776,-5.559843975861815,2.0761084492233257,-9.628941764338837,-1.4907461873847936,-2.6780123061209826,0.007406049724626821,ex_covid,car_raw
XLB,201,ex_covid,m5_p5,car_raw,surprise_orth_bps,HC1,0.11314623133653073,0.04958866195089762,-5.134910996791674,2.002884980811224,-9.06049342435787,-1.209328569225477,-2.5637573030838205,0.010354592024787121,ex_covid,car_raw
XLV,201,ex_covid,m5_p5,car_raw,surprise_orth_bps,HC1,0.37607998771539375,0.08024110724246247,-4.638957055264303,1.3649796778630816,-7.314268063505028,-1.9636460470235786,-3.3985539349030716,0.0006774310435209862,ex_covid,car_raw
XLU,201,ex_covid,m5_p5,car_raw,surprise_orth_bps,HC1,0.3029502249069647,0.06281177846568431,-4.170225568465024,1.4971031969890807,-7.1044939157033955,-1.2359572212266519,-2.7855297997172332,0.0053440327671306275,ex_covid,car_raw
TLT,171,ex_covid,m5_p5,car_raw,surprise_orth_bps,HC1,0.234705067259824,0.06354230452822185,-3.690016694975072,1.1134509437062203,-5.8723404431913995,-1.507692946758745,-3.314036164622147,0.000919596124218415,ex_covid,car_raw
GLD,152,ex_covid,m5_p5,car_raw,surprise_orth_bps,HC1,0.06659527730800974,0.02736797877081354,-3.5438656704284908,2.3750062096167404,-8.198792304336289,1.1110609634793065,-1.4921500651572492,0.13565980956803225,ex_covid,car_raw
XLP,201,ex_covid,m5_p5,car_raw,surprise_orth_bps,HC1,0.2590983481714897,0.034932614605500234,-2.528242567231624,1.1420939273786546,-4.766705531855691,-0.2897796026075573,-2.2136905788777566,0.026850071465793622,ex_covid,car_raw
IEF,171,ex_covid,m5_p5,car_raw,surprise_orth_bps,HC1,0.20857284283556593,0.07609639621712938,-1.9684946103190963,0.543315948058327,-3.0333743007396516,-0.903614919898541,-3.623112145619866,0.0002910795432772307,ex_covid,car_raw
XLRE,60,ex_covid,m5_p5,car_adj,surprise_orth_bps,HC1,-0.35377920643321725,0.03323398902899921,-3.293386530066831,2.491732745180896,-8.177092969720507,1.5903199095868445,-1.3217254283937006,0.18625959797617364,ex_covid,car_adj
QQQ,200,ex_covid,m5_p5,car_adj,surprise_orth_bps,HC1,0.0205034768664306,0.030374521715028302,-2.5908295481016212,1.4373678102063112,-5.408018688643195,0.22635959243995293,-1.8024819602226578,0.07146961043705903,ex_covid,car_adj
XLK,201,ex_covid,m5_p5,car_adj,surprise_orth_bps,HC1,0.14207575348336743,0.03605840903027202,-2.499720993757977,1.3848025013215979,-5.21388402204929,0.21444203453333532,-1.8051101087500545,0.07105745352793742,ex_covid,car_adj
XLE,201,ex_covid,m5_p5,car_adj,surprise_orth_bps,HC1,-0.035593801854357954,0.0017819439460128317,-0.8461469432592686,1.443683459166627,-3.67571452830206,1.983420641783522,-0.5861028176825624,0.5578064229171324,ex_covid,car_adj
XLI,201,ex_covid,m5_p5,car_adj,surprise_orth_bps,HC1,0.06523174874085814,0.004820371428172154,-0.5776382970162152,0.6018611665966478,-1.7572645072389066,0.6019879132064759,-0.9597533934322329,0.33717934391964144,ex_covid,car_adj
XLY,201,ex_covid,m5_p5,car_adj,surprise_orth_bps,HC1,-0.025077345404201083,0.0010947779331553775,-0.3684361446075852,1.0078953810672395,-2.3438747916836484,1.6070025024684778,-0.3655499881520003,0.7147008994591775,ex_covid,car_adj
SPY,202,ex_covid,m5_p5,car_adj,surprise_orth_bps,HC1,0.0,,0.0,0.0,0.0,0.0,,,ex_covid,car_adj
XLF,201,ex_covid,m5_p5,car_adj,surprise_orth_bps,HC1,-0.02452905771138611,9.81988455406313e-06,0.04160913332976108,1.0044404318562525,-1.927057937724352,2.0102762043838744,0.04142518760705946,0.9669569332214928,ex_covid,car_adj
XLB,201,ex_covid,m5_p5,car_adj,surprise_orth_bps,HC1,-0.16066451306778112,0.0011139195086538045,0.46654211239990145,1.1117573965458256,-1.712462344375932,2.645546569175735,0.4196438124445354,0.6747456771919969,ex_covid,car_adj
XLV,201,ex_covid,m5_p5,car_adj,surprise_orth_bps,HC1,0.10226924331108202,0.008661592784118155,0.9624960539272694,0.9173453845848464,-0.8354678612430743,2.7604599690976133,1.0492188330601961,0.294077412705275,ex_covid,car_adj
TLT,171,ex_covid,m5_p5,car_adj,surprise_orth_bps,HC1,-0.05888098201511255,0.002460945256495317,1.2876501343403302,2.6078936372284893,-3.823727470138674,6.399027738819335,0.4937510165133752,0.6214820307783445,ex_covid,car_adj
XLU,201,ex_covid,m5_p5,car_adj,surprise_orth_bps,HC1,0.029139480502652873,0.010532257038838977,1.4312275407265533,0.9008539274404275,-0.33441371238814366,3.1968687938412503,1.5887454082517711,0.11211788274779852,ex_covid,car_adj
GLD,152,ex_covid,m5_p5,car_adj,surprise_orth_bps,HC1,-0.2563612638941967,0.0023715250356806106,1.488499525725331,3.8988180894164026,-6.153043511804082,9.130042563254746,0.38178224569285774,0.7026228889393997,ex_covid,car_adj
IEF,171,ex_covid,m5_p5,car_adj,surprise_orth_bps,HC1,-0.08501320643937105,0.020110438052451718,3.0091722189963037,2.216418049539922,-1.3349273327864568,7.353271770779064,1.3576735758946465,0.1745672850292267,ex_covid,car_adj
XLP,201,ex_covid,m5_p5,car_adj,surprise_orth_bps,HC1,-0.014712396232822111,0.053636886495186054,3.073210541959951,1.060722587007747,0.9942324738366131,5.1521886100832885,2.897280193334382,0.003764134067280632,ex_covid,car_adj
SPY,202,ex_covid,m1_p1,car_raw,surprise_bps,HC1,0.285294604939032,0.07287347360502794,-2.869103447818592,0.7646915714961898,-4.3678713872324595,-1.370335508404724,-3.7519747238810615,0.00017544715646541516,ex_covid,auto
GLD,152,ex_covid,m1_p1,car_raw,surprise_bps,HC1,0.22623835660262478,0.030850664952384754,-2.323252610953608,1.2363070309688464,-4.746369865486192,0.09986464357897643,-1.8791874128006567,0.06021890772306061,ex_covid,auto
XLRE,60,ex_covid,m1_p1,car_adj,surprise_bps,HC1,0.20414205277626352,0.036598698879166336,-1.7350854686873862,1.3855157558442415,-4.45064645015489,0.9804755127801178,-1.2523029502686098,0.21045949426167254,ex_covid,auto
XLY,201,ex_covid,m1_p1,car_adj,surprise_bps,HC1,0.10463610757062894,0.08822010527822899,-1.6810390899048688,0.5331617523897234,-2.7260169225229887,-0.6360612572867488,-3.1529626466455256,0.0016162248661214672,ex_covid,auto
TLT,171,ex_covid,m1_p1,car_raw,surprise_bps,HC1,0.3344328605320499,0.031496602786029504,-1.531109732141584,0.8858380704561809,-3.267320446370153,0.2051009820869854,-1.7284307179901481,0.08391103220510238,ex_covid,auto
XLK,201,ex_covid,m1_p1,car_adj,surprise_bps,HC1,0.23842806122623997,0.0373160427048812,-1.3549309928605213,0.9746771941123306,-3.2652631898732443,0.5554012041522018,-1.3901330625618054,0.16448847510137843,ex_covid,auto
QQQ,200,ex_covid,m1_p1,car_adj,surprise_bps,HC1,0.25500659964227557,0.03240754917672728,-1.3127554084468605,1.1606298261536827,-3.587548067091063,0.9620372501973417,-1.1310715775738083,0.25802496600735914,ex_covid,auto
IEF,171,ex_covid,m1_p1,car_raw,surprise_bps,HC1,0.19525263412297478,0.05665285531597197,-1.0553139395234437,0.3796077632002865,-1.7993314836478147,-0.31129639539907283,-2.7800114798143496,0.005435697683513535,ex_covid,auto
XLF,201,ex_covid,m1_p1,car_adj,surprise_bps,HC1,-0.10864026210508884,0.014503411164136448,-0.8948003363484031,0.5432103537740371,-1.959473065774777,0.1698723930779711,-1.6472446265643517,0.09950777447468197,ex_covid,auto
XLB,201,ex_covid,m1_p1,car_adj,surprise_bps,HC1,-0.0409534757402524,0.005551494193360873,-0.5734675644223631,0.7654072842277277,-2.073638275013322,0.9267031461685955,-0.7492319138313065,0.45371743697030653,ex_covid,auto
XLI,201,ex_covid,m1_p1,car_adj,surprise_bps,HC1,0.023291965265702125,0.014710069303552231,-0.4836586956982582,0.3604701705077801,-1.1901672473945195,0.22284985599800317,-1.341744020086176,0.1796790086712884,ex_covid,auto
XLE,201,ex_covid,m1_p1,car_adj,surprise_bps,HC1,-0.116264808984088,0.00010447812054903416,-0.10862738160923348,1.1733382412377535,-2.4083280761188,2.191073312900333,-0.09257976753117886,0.9262374178752635,ex_covid,auto
XLV,201,ex_covid,m1_p1,car_adj,surprise_bps,HC1,0.032005942720306296,0.02518735384298787,0.9690991450380503,0.49276347195099846,0.0033004871171801037,1.9348978029589206,1.9666618980524184,0.04922220229477157,ex_covid,auto
XLU,201,ex_covid,m1_p1,car_adj,surprise_bps,HC1,-0.2391006477591652,0.02673566774427716,1.194908917669109,0.7749470362444614,-0.3239593632960912,2.7137771986343093,1.5419233338317695,0.12309222495691845,ex_covid,auto
XLP,201,ex_covid,m1_p1,car_adj,surprise_bps,HC1,-0.22154824531169307,0.07912840995353587,1.9201214656766348,0.7435965268260722,0.4626990540684609,3.377543877284808,2.5822087602700066,0.009817018168543417,ex_covid,auto
XLY,201,ex_covid,m1_p1,car_raw,surprise_bps,HC1,0.37139948851988314,0.12925400139558219,-4.562606359164235,0.9313716207405388,-6.388061192038388,-2.7371515262900803,-4.898803289213903,9.642211616413691e-07,ex_covid,car_raw
XLK,201,ex_covid,m1_p1,car_raw,surprise_bps,HC1,0.505191442175494,0.09985407772798338,-4.236498262119887,1.494189616406485,-7.165056096350315,-1.3079404278894573,-2.835315019996347,0.0045780518489039945,ex_covid,car_raw
QQQ,200,ex_covid,m1_p1,car_raw,surprise_bps,HC1,0.527989063986592,0.09068298318396772,-4.189660461452684,1.689678142610597,-7.501368766433987,-0.8779521564713801,-2.479561258323167,0.013154413217203443,ex_covid,car_raw
XLF,201,ex_covid,m1_p1,car_raw,surprise_bps,HC1,0.15812311884416527,0.06495887949193335,-3.776367605607768,0.9396196876789706,-5.617988352623325,-1.9347468585922116,-4.019038399393349,5.843614754837369e-05,ex_covid,car_raw
XLB,201,ex_covid,m1_p1,car_raw,surprise_bps,HC1,0.22580990520900174,0.07677711617104155,-3.455034833681729,0.8839684641952243,-5.187581186973553,-1.722488480389905,-3.9085498789000748,9.285177869771737e-05,ex_covid,car_raw
XLI,201,ex_covid,m1_p1,car_raw,surprise_bps,HC1,0.29005534621495616,0.09641580583924458,-3.365225964957625,0.7118509140584064,-4.760428118874019,-1.9700238110412314,-4.727430840499719,2.273784714833084e-06,ex_covid,car_raw
XLE,201,ex_covid,m1_p1,car_raw,surprise_bps,HC1,0.15049857196516608,0.0401167164524886,-2.990194650868598,1.0436258652013244,-5.035663759997647,-0.9447255417395491,-2.8651979129434126,0.00416748688221917,ex_covid,car_raw
SPY,202,ex_covid,m1_p1,car_raw,surprise_bps,HC1,0.285294604939032,0.07287347360502794,-2.869103447818592,0.7646915714961898,-4.3678713872324595,-1.370335508404724,-3.7519747238810615,0.00017544715646541516,ex_covid,car_raw
XLRE,60,ex_covid,m1_p1,car_raw,surprise_bps,HC1,0.3217295231348551,0.04433251979129205,-2.666786268547895,2.3239065311213736,-7.221559372983196,1.887986835887407,-1.147544547439724,0.25115663296419566,ex_covid,car_raw
GLD,152,ex_covid,m1_p1,car_raw,surprise_bps,HC1,0.22623835660262478,0.030850664952384754,-2.323252610953608,1.2363070309688464,-4.746369865486192,0.09986464357897643,-1.8791874128006567,0.06021890772306061,ex_covid,car_raw
XLV,201,ex_covid,m1_p1,car_raw,surprise_bps,HC1,0.2987693236695603,0.039507564207603485,-1.9124681242213142,0.7174064104838022,-3.3185588510477246,-0.5063773973949038,-2.6658085239740057,0.007680342293066572,ex_covid,car_raw
XLU,201,ex_covid,m1_p1,car_raw,surprise_bps,HC1,0.02766273319008888,0.02619115624934054,-1.6866583515902565,0.780520514871833,-3.216450449933709,-0.1568662532468042,-2.1609404486533164,0.030699939852558793,ex_covid,car_raw
TLT,171,ex_covid,m1_p1,car_raw,surprise_bps,HC1,0.3344328605320499,0.031496602786029504,-1.531109732141584,0.8858380704561809,-3.267320446370153,0.2051009820869854,-1.7284307179901481,0.08391103220510238,ex_covid,car_raw
IEF,171,ex_covid,m1_p1,car_raw,surprise_bps,HC1,0.19525263412297478,0.05665285531597197,-1.0553139395234437,0.3796077632002865,-1.7993314836478147,-0.31129639539907283,-2.7800114798143496,0.005435697683513535,ex_covid,car_raw
XLP,201,ex_covid,m1_p1,car_raw,surprise_bps,HC1,0.045215135637561056,0.011033817666842083,-0.9614458035827299,0.725360065864887,-2.3831254085015097,0.46023380133604996,-1.3254738561273631,0.18501403506888203,ex_covid,car_raw
XLRE,60,ex_covid,m1_p1,car_adj,surprise_bps,HC1,0.20414205277626352,0.036598698879166336,-1.7350854686873862,1.3855157558442415,-4.45064645015489,0.9804755127801178,-1.2523029502686098,0.21045949426167254,ex_covid,car_adj
XLY,201,ex_covid,m1_p1,car_adj,surprise_bps,HC1,0.10463610757062894,0.08822010527822899,-1.6810390899048688,0.5331617523897234,-2.7260169225229887,-0.6360612572867488,-3.1529626466455256,0.0016162248661214672,ex_covid,car_adj
XLK,201,ex_covid,m1_p1,car_adj,surprise_bps,HC1,0.23842806122623997,0.0373160427048812,-1.3549309928605213,0.9746771941123306,-3.2652631898732443,0.5554012041522018,-1.3901330625618054,0.16448847510137843,ex_covid,car_adj
QQQ,200,ex_covid,m1_p1,car_adj,surprise_bps,HC1,0.25500659964227557,0.03240754917672728,-1.3127554084468605,1.1606298261536827,-3.587548067091063,0.9620372501973417,-1.1310715775738083,0.25802496600735914,ex_covid,car_adj
XLF,201,ex_covid,m1_p1,car_adj,surprise_bps,HC1,-0.10864026210508884,0.014503411164136448,-0.8948003363484031,0.5432103537740371,-1.959473065774777,0.1698723930779711,-1.6472446265643517,0.09950777447468197,ex_covid,car_adj
XLB,201,ex_covid,m1_p1,car_adj,surprise_bps,HC1,-0.0409534757402524,0.005551494193360873,-0.5734675644223631,0.7654072842277277,-2.073638275013322,0.9267031461685955,-0.7492319138313065,0.45371743697030653,ex_covid,car_adj
XLI,201,ex_covid,m1_p1,car_adj,surprise_bps,HC1,0.023291965265702125,0.014710069303552231,-0.4836586956982582,0.3604701705077801,-1.1901672473945195,0.22284985599800317,-1.341744020086176,0.1796790086712884,ex_covid,car_adj
XLE,201,ex_covid,m1_p1,car_adj,surprise_bps,HC1,-0.116264808984088,0.00010447812054903416,-0.10862738160923348,1.1733382412377535,-2.4083280761188,2.191073312900333,-0.09257976753117886,0.9262374178752635,ex_covid,car_adj
SPY,202,ex_covid,m1_p1,car_adj,surprise_bps,HC1,0.0,,0.0,0.0,0.0,0.0,,,ex_covid,car_adj
GLD,152,ex_covid,m1_p1,car_adj,surprise_bps,HC1,0.06303377001304704,0.002453110470617026,0.9653382248475297,1.9311591295326553,-2.819664117452196,4.750340567147256,0.49987502846600923,0.6171630764889611,ex_covid,car_adj
XLV,201,ex_covid,m1_p1,car_adj,surprise_bps,HC1,0.032005942720306296,0.02518735384298787,0.9690991450380503,0.49276347195099846,0.0033004871171801037,1.9348978029589206,1.9666618980524184,0.04922220229477157,ex_covid,car_adj
XLU,201,ex_covid,m1_p1,car_adj,surprise_bps,HC1,-0.2391006477591652,0.02673566774427716,1.194908917669109,0.7749470362444614,-0.3239593632960912,2.7137771986343093,1.5419233338317695,0.12309222495691845,ex_covid,car_adj
TLT,171,ex_covid,m1_p1,car_adj,surprise_bps,HC1,0.15691240850918645,0.007481428733021822,1.3914019333358731,1.4577955055228764,-1.4658247543133263,4.248628620985072,0.9544561826844229,0.33985277893877186,ex_covid,car_adj
IEF,171,ex_covid,m1_p1,car_adj,surprise_bps,HC1,0.01773218210011117,0.020021030997154465,1.8671977259540131,1.109707485178348,-0.30778897837006464,4.042184430278091,1.6826035247062647,0.09245186891386782,ex_covid,car_adj
XLP,201,ex_covid,m1_p1,car_adj,surprise_bps,HC1,-0.22154824531169307,0.07912840995353587,1.9201214656766348,0.7435965268260722,0.4626990540684609,3.377543877284808,2.5822087602700066,0.009817018168543417,ex_covid,car_adj
SPY,202,ex_covid,m1_p1,car_raw,surprise_orth_bps,HC1,0.3253996130450412,0.07659206982552103,-3.2560174960431376,1.1282056202382142,-5.467259878865711,-1.0447751132205645,-2.886014249207204,0.0039015449267148085,ex_covid,auto
XLY,201,ex_covid,m1_p1,car_adj,surprise_orth_bps,HC1,0.12087285252859148,0.05569318963042669,-1.4784368932723886,0.5206048935971656,-2.4988037348981402,-0.45807005164663717,-2.839844403030863,0.004513554354316895,ex_covid,auto
XLK,201,ex_covid,m1_p1,car_adj,surprise_orth_bps,HC1,0.2542706924745923,0.030178957546349583,-1.3487430589307454,1.060001880432669,-3.4263085681235097,0.7288224502620184,-1.2723968549755957,0.20323215095485625,ex_covid,auto
QQQ,200,ex_covid,m1_p1,car_adj,surprise_orth_bps,HC1,0.2716311849784958,0.02778230682605165,-1.3454910381466332,1.2209235007177701,-3.7384571274320253,1.0474750511387594,-1.1020273074894789,0.27044979996876295,ex_covid,auto
XLRE,60,ex_covid,m1_p1,car_adj,surprise_orth_bps,HC1,0.181515056435274,0.01681616004838793,-1.281846601843512,1.4444795331757714,-4.112974463273254,1.5492812595862302,-0.8874107056576277,0.3748578217773396,ex_covid,auto
TLT,171,ex_covid,m1_p1,car_raw,surprise_orth_bps,HC1,0.3380286151375512,0.01722173680497896,-1.2092956208272017,0.8627553953765309,-2.900265123232817,0.48167388157841357,-1.4016668308396156,0.161014759919195,ex_covid,auto
XLF,201,ex_covid,m1_p1,car_adj,surprise_orth_bps,HC1,-0.09466254194991802,0.01760165275464254,-1.0911275033796959,0.822036387833817,-2.702289217515377,0.5200342107559853,-1.3273469636240462,0.18439393518739733,ex_covid,auto
IEF,171,ex_covid,m1_p1,car_raw,surprise_orth_bps,HC1,0.20097870319661088,0.04160958366947731,-0.9660219716750191,0.46897098889425914,-1.8851882197019005,-0.04685572364813758,-2.0598757589519723,0.03941041967733273,ex_covid,auto
GLD,152,ex_covid,m1_p1,car_raw,surprise_orth_bps,HC1,0.19780056566491233,0.0013755857514168301,-0.5377972542384181,1.9442805245017452,-4.348517058104485,3.2729225496276486,-0.276604763284474,0.7820836067877404,ex_covid,auto
XLE,201,ex_covid,m1_p1,car_adj,surprise_orth_bps,HC1,-0.1118625897100123,0.0005940096882595114,-0.2867022617464398,1.2684282690575386,-2.772775986071697,2.199371462578817,-0.22602954281322027,0.8211784430039855,ex_covid,auto
XLI,201,ex_covid,m1_p1,car_adj,surprise_orth_bps,HC1,0.022677439678121355,0.0007890362208395896,-0.12399033411448632,0.37748640450498605,-0.8638500915977775,0.6158694233688048,-0.32846304564817397,0.7425615810079571,ex_covid,auto
XLB,201,ex_covid,m1_p1,car_adj,surprise_orth_bps,HC1,-0.04886751695604,0.0009504629373979778,0.2626511016310651,0.815798912383297,-1.3362853852671444,1.8615875885292745,0.3219556898693932,0.7474862629805794,ex_covid,auto
XLV,201,ex_covid,m1_p1,car_adj,surprise_orth_bps,HC1,0.0217463402088115,0.01787138983471559,0.9035742007043369,0.5618260034898956,-0.19758453171393342,2.004732933122607,1.6082812028841726,0.1077736055637679,ex_covid,auto
XLU,201,ex_covid,m1_p1,car_adj,surprise_orth_bps,HC1,-0.2549921162367595,0.025784912636915402,1.2989123200803863,0.8261508627056331,-0.3203136166193494,2.918138256780122,1.5722459162318922,0.11589353051928762,ex_covid,auto
XLP,201,ex_covid,m1_p1,car_adj,surprise_orth_bps,HC1,-0.24496078902009355,0.0677172097667692,1.9661639555039634,0.8024043083796539,0.3934804100400705,3.5388475009678566,2.45034072595443,0.014272108908570714,ex_covid,auto
XLY,201,ex_covid,m1_p1,car_raw,surprise_orth_bps,HC1,0.42815132406435763,0.11365511282440177,-4.735798450988002,1.2336672118510008,-7.1537417551239075,-2.3178551468520956,-3.838797372171694,0.00012363840926122799,ex_covid,car_raw
QQQ,200,ex_covid,m1_p1,car_raw,surprise_orth_bps,HC1,0.586690912894168,0.08965515248642808,-4.611471104154035,1.8495203262862476,-8.236464332349849,-0.9864778759582193,-2.4933335625533015,0.0126549898554134,ex_covid,car_raw
XLK,201,ex_covid,m1_p1,car_raw,surprise_orth_bps,HC1,0.5615491640103584,0.09633939093958444,-4.606104616646359,1.6836202730687584,-7.905939715502616,-1.3062695177901014,-2.7358334241549294,0.006222251457061964,ex_covid,car_raw
XLF,201,ex_covid,m1_p1,car_raw,surprise_orth_bps,HC1,0.21261592958584827,0.07029935220190542,-4.348489061095311,1.6967562963842724,-7.674070292550053,-1.0229078296405674,-2.5628247676827765,0.0103824434878186,ex_covid,car_raw
XLE,201,ex_covid,m1_p1,car_raw,surprise_orth_bps,HC1,0.19541588182575384,0.04599536687962347,-3.5440638194620537,1.5182243270361384,-6.519728820905446,-0.568398818018662,-2.3343479328781,0.019577510767233578,ex_covid,car_raw
XLI,201,ex_covid,m1_p1,car_raw,surprise_orth_bps,HC1,0.32995591121388745,0.07944838499135176,-3.381351891830099,0.9988623408422395,-5.33908610539426,-1.4236176782659378,-3.385203099136711,0.0007112560712028618,ex_covid,car_raw
SPY,202,ex_covid,m1_p1,car_raw,surprise_orth_bps,HC1,0.3253996130450412,0.07659206982552103,-3.2560174960431376,1.1282056202382142,-5.467259878865711,-1.0447751132205645,-2.886014249207204,0.0039015449267148085,ex_covid,car_raw
XLB,201,ex_covid,m1_p1,car_raw,surprise_orth_bps,HC1,0.2584109545797261,0.04707834359107721,-2.9947104560845483,1.1169905536349787,-5.183971712280562,-0.8054491998885347,-2.681052625144393,0.0073390973432397675,ex_covid,car_raw
XLRE,60,ex_covid,m1_p1,car_raw,surprise_orth_bps,HC1,0.3191710447352849,0.0373877804808731,-2.669171228018995,2.282136514720659,-7.14207660467525,1.8037341486372598,-1.1695931469488408,0.24216473650020154,ex_covid,car_raw
XLV,201,ex_covid,m1_p1,car_raw,surprise_orth_bps,HC1,0.32902481174457787,0.04884395886226167,-2.3537873570112775,0.9663849402604794,-4.24786703512371,-0.459707678898846,-2.4356622904086622,0.014864554944208175,ex_covid,car_raw
XLU,201,ex_covid,m1_p1,car_raw,surprise_orth_bps,HC1,0.05228635529900655,0.028821038736687954,-1.9584492376352278,1.1490927336042198,-4.210629610396177,0.2937311351257219,-1.7043439405385477,0.08831685043163572,ex_covid,car_raw
XLP,201,ex_covid,m1_p1,car_raw,surprise_orth_bps,HC1,0.06231768251567263,0.0162422492082247,-1.291197602211651,1.0052159603568624,-3.2613846811959437,0.6789894767726422,-1.28449771306184,0.1989678632592189,ex_covid,car_raw
TLT,171,ex_covid,m1_p1,car_raw,surprise_orth_bps,HC1,0.3380286151375512,0.01722173680497896,-1.2092956208272017,0.8627553953765309,-2.900265123232817,0.48167388157841357,-1.4016668308396156,0.161014759919195,ex_covid,car_raw
IEF,171,ex_covid,m1_p1,car_raw,surprise_orth_bps,HC1,0.20097870319661088,0.04160958366947731,-0.9660219716750191,0.46897098889425914,-1.8851882197019005,-0.04685572364813758,-2.0598757589519723,0.03941041967733273,ex_covid,car_raw
GLD,152,ex_covid,m1_p1,car_raw,surprise_orth_bps,HC1,0.19780056566491233,0.0013755857514168301,-0.5377972542384181,1.9442805245017452,-4.348517058104485,3.2729225496276486,-0.276604763284474,0.7820836067877404,ex_covid,car_raw
XLY,201,ex_covid,m1_p1,car_adj,surprise_orth_bps,HC1,0.12087285252859148,0.05569318963042669,-1.4784368932723886,0.5206048935971656,-2.4988037348981402,-0.45807005164663717,-2.839844403030863,0.004513554354316895,ex_covid,car_adj
XLK,201,ex_covid,m1_p1,car_adj,surprise_orth_bps,HC1,0.2542706924745923,0.030178957546349583,-1.3487430589307454,1.060001880432669,-3.4263085681235097,0.7288224502620184,-1.2723968549755957,0.20323215095485625,ex_covid,car_adj
QQQ,200,ex_covid,m1_p1,car_adj,surprise_orth_bps,HC1,0.2716311849784958,0.02778230682605165,-1.3454910381466332,1.2209235007177701,-3.7384571274320253,1.0474750511387594,-1.1020273074894789,0.27044979996876295,ex_covid,car_adj
XLRE,60,ex_covid,m1_p1,car_adj,surprise_orth_bps,HC1,0.181515056435274,0.01681616004838793,-1.281846601843512,1.4444795331757714,-4.112974463273254,1.5492812595862302,-0.8874107056576277,0.3748578217773396,ex_covid,car_adj
XLF,201,ex_covid,m1_p1,car_adj,surprise_orth_bps,HC1,-0.09466254194991802,0.01760165275464254,-1.0911275033796959,0.822036387833817,-2.702289217515377,0.5200342107559853,-1.3273469636240462,0.18439393518739733,ex_covid,car_adj
XLE,201,ex_covid,m1_p1,car_adj,surprise_orth_bps,HC1,-0.1118625897100123,0.0005940096882595114,-0.2867022617464398,1.2684282690575386,-2.772775986071697,2.199371462578817,-0.22602954281322027,0.8211784430039855,ex_covid,car_adj
XLI,201,ex_covid,m1_p1,car_adj,surprise_orth_bps,HC1,0.022677439678121355,0.0007890362208395896,-0.12399033411448632,0.37748640450498605,-0.8638500915977775,0.6158694233688048,-0.32846304564817397,0.7425615810079571,ex_covid,car_adj
SPY,202,ex_covid,m1_p1,car_adj,surprise_orth_bps,HC1,0.0,,0.0,0.0,0.0,0.0,,,ex_covid,car_adj
XLB,201,ex_covid,m1_p1,car_adj,surprise_orth_bps,HC1,-0.04886751695604,0.0009504629373979778,0.2626511016310651,0.815798912383297,-1.3362853852671444,1.8615875885292745,0.3219556898693932,0.7474862629805794,ex_covid,car_adj
XLV,201,ex_covid,m1_p1,car_adj,surprise_orth_bps,HC1,0.0217463402088115,0.01787138983471559,0.9035742007043369,0.5618260034898956,-0.19758453171393342,2.004732933122607,1.6082812028841726,0.1077736055637679,ex_covid,car_adj
XLU,201,ex_covid,m1_p1,car_adj,surprise_orth_bps,HC1,-0.2549921162367595,0.025784912636915402,1.2989123200803863,0.8261508627056331,-0.3203136166193494,2.918138256780122,1.5722459162318922,0.11589353051928762,ex_covid,car_adj
TLT,171,ex_covid,m1_p1,car_adj,surprise_orth_bps,HC1,0.13413345360307616,0.01216454988806348,1.8950815296139838,1.760727182289036,-1.5558803342732173,5.346043393501184,1.0763061697896208,0.28179035024024657,ex_covid,car_adj
XLP,201,ex_covid,m1_p1,car_adj,surprise_orth_bps,HC1,-0.24496078902009355,0.0677172097667692,1.9661639555039634,0.8024043083796539,0.3934804100400705,3.5388475009678566,2.45034072595443,0.014272108908570714,ex_covid,car_adj
IEF,171,ex_covid,m1_p1,car_adj,surprise_orth_bps,HC1,-0.0029164583378642906,0.023015817854120213,2.1383551787661657,1.527941655021291,-0.8563554355540882,5.133065793086419,1.399500544892448,0.16166293505887142,ex_covid,car_adj
GLD,152,ex_covid,m1_p1,car_adj,surprise_orth_bps,HC1,-0.007709374256034657,0.022280629271514085,3.1892991236112014,3.203159250310376,-3.0887776437434553,9.467375890965858,0.9956729823227393,0.3194090614912243,ex_covid,car_adj
SPY,202,ex_covid,d0_p1,car_raw,surprise_bps,HC1,0.2161898361611582,0.0876861975737655,-2.4163074313037676,0.5827643313903228,-3.558504532303365,-1.2741103303041699,-4.146285730183747,3.379121027403188e-05,ex_covid,auto
XLK,201,ex_covid,d0_p1,car_adj,surprise_bps,HC1,0.22133289661013922,0.057134838258823706,-1.6668354782907666,1.0483860267137812,-3.721634332544825,0.3879633759632916,-1.5899062328363402,0.1118559425221265,ex_covid,auto
QQQ,200,ex_covid,d0_p1,car_adj,surprise_bps,HC1,0.2618408267842392,0.049561517158620894,-1.6399054988107675,1.088797575451563,-3.773909533150363,0.4940985355288283,-1.5061619678300995,0.1320256000232147,ex_covid,auto
GLD,152,ex_covid,d0_p1,car_raw,surprise_bps,HC1,0.12429420278362803,0.02135753292906073,-1.6321642955362359,1.0035260920697375,-3.5990392935391484,0.334710702466676,-1.6264293558824705,0.10385835016356836,ex_covid,auto
TLT,171,ex_covid,d0_p1,car_raw,surprise_bps,HC1,0.21173492534782337,0.031240676938516954,-1.3679935732711856,0.7802949851366531,-2.8973436414562426,0.161356494913871,-1.7531748881246612,0.0795719920785323,ex_covid,auto
XLY,201,ex_covid,d0_p1,car_adj,surprise_bps,HC1,0.1353089636843114,0.07341208029249147,-1.2689748210868657,0.4101965027513358,-2.072945193063769,-0.46500444910996236,-3.093577864695077,0.001977586509251861,ex_covid,auto
XLRE,60,ex_covid,d0_p1,car_adj,surprise_bps,HC1,0.12435706345310092,0.02441531022825505,-1.14534426245681,1.1088603927856817,-3.318670696199684,1.027982171286064,-1.0329021307898585,0.3016497015253232,ex_covid,auto
IEF,171,ex_covid,d0_p1,car_raw,surprise_bps,HC1,0.13166202853747352,0.08210651417341941,-1.1157613182210055,0.33638152307018715,-1.775056988503302,-0.4564656479387095,-3.3169518588219193,0.0009100529597678126,ex_covid,auto
XLB,201,ex_covid,d0_p1,car_adj,surprise_bps,HC1,-0.051062683645694204,0.010374807376450246,-0.6598086569802369,0.5621304369048243,-1.761564067927458,0.441946753966984,-1.1737643323731834,0.24048943415600388,ex_covid,auto
XLF,201,ex_covid,d0_p1,car_adj,surprise_bps,HC1,-0.03609813699873884,0.010397749923983013,-0.6302988427928975,0.6510961835911468,-1.9064239131030243,0.6458262275172293,-0.9680579592963657,0.3330154243502641,ex_covid,auto
XLI,201,ex_covid,d0_p1,car_adj,surprise_bps,HC1,0.049843674169304776,0.013469015945472451,-0.39876379009493607,0.2635400690581322,-0.915292833932074,0.11776525374220179,-1.513104976863977,0.1302529956458475,ex_covid,auto
XLE,201,ex_covid,d0_p1,car_adj,surprise_bps,HC1,-0.18153167239488432,0.005701269626648631,0.6566969108801252,0.9849038591314604,-1.2736791812520483,2.5870730030122986,0.6667624507626915,0.5049238809708962,ex_covid,auto
XLV,201,ex_covid,d0_p1,car_adj,surprise_bps,HC1,0.011288275042415682,0.019524402530217144,0.7168174257153795,0.470644742739861,-0.20562931956786729,1.6392641709986264,1.52305414385896,0.12774516002008568,ex_covid,auto
XLU,201,ex_covid,d0_p1,car_adj,surprise_bps,HC1,-0.17657024496731938,0.03473336564388152,1.251878603608152,0.8028704336851348,-0.32171853066676626,2.82547573788307,1.5592535869855018,0.11893637219228381,ex_covid,auto
XLP,201,ex_covid,d0_p1,car_adj,surprise_bps,HC1,-0.22764932322202455,0.08863019848877252,1.8719606517941694,0.7757824047770179,0.3514550785913402,3.3924662249969986,2.412997046938986,0.01582194776210714,ex_covid,auto
XLK,201,ex_covid,d0_p1,car_raw,surprise_bps,HC1,0.42562146439587967,0.11954491026798819,-4.091147522999007,1.3970748140664764,-6.829363842277293,-1.3529312037207208,-2.9283668145808686,0.003407477821001387,ex_covid,car_raw
QQQ,200,ex_covid,d0_p1,car_raw,surprise_bps,HC1,0.46906728373666673,0.10444452266543258,-4.06201511693073,1.4690737693361111,-6.941346795462011,-1.1826834383994491,-2.7650177967348735,0.005691969031385733,ex_covid,car_raw
XLY,201,ex_covid,d0_p1,car_raw,surprise_bps,HC1,0.3395975314700516,0.13959462681070534,-3.69328686579511,0.7647952452484388,-5.1922580020295275,-2.194315729560692,-4.829118497716823,1.3713878464083333e-06,ex_covid,car_raw
XLB,201,ex_covid,d0_p1,car_raw,surprise_bps,HC1,0.153225884140046,0.10096584815099396,-3.0841207016884824,0.7567330963301255,-4.567290316405008,-1.6009510869719572,-4.075572638021678,4.590125087321439e-05,ex_covid,car_raw
XLF,201,ex_covid,d0_p1,car_raw,surprise_bps,HC1,0.16819043078700127,0.07222434958804935,-3.0546108875011413,0.9603419472959566,-4.936846517044279,-1.1723752579580038,-3.180753372381615,0.0014689262417622215,ex_covid,car_raw
XLI,201,ex_covid,d0_p1,car_raw,surprise_bps,HC1,0.2541322419550449,0.10460625578852001,-2.82307583480318,0.6037141763910898,-4.006333877485978,-1.6398177921203825,-4.676179465718516,2.9226885265274615e-06,ex_covid,car_raw
SPY,202,ex_covid,d0_p1,car_raw,surprise_bps,HC1,0.2161898361611582,0.0876861975737655,-2.4163074313037676,0.5827643313903228,-3.558504532303365,-1.2741103303041699,-4.146285730183747,3.379121027403188e-05,ex_covid,car_raw
XLRE,60,ex_covid,d0_p1,car_raw,surprise_bps,HC1,0.10439268544438939,0.040408901838385414,-2.1279997266657134,1.9355181908841648,-5.921545672220798,1.6655462188893708,-1.09944703009669,0.27157312656517507,ex_covid,car_raw
XLE,201,ex_covid,d0_p1,car_raw,surprise_bps,HC1,0.02275689539085579,0.0249327166986123,-1.7676151338281185,0.8925809032053046,-3.517041557398748,-0.018188710257489513,-1.9803416446403015,0.047665152326579315,ex_covid,car_raw
XLV,201,ex_covid,d0_p1,car_raw,surprise_bps,HC1,0.21557684282815587,0.04361507021664757,-1.7074946189928644,0.6857357882500257,-3.0515120668730993,-0.36347717111262917,-2.4900182377097924,0.01277365404015511,ex_covid,car_raw
GLD,152,ex_covid,d0_p1,car_raw,surprise_bps,HC1,0.12429420278362803,0.02135753292906073,-1.6321642955362359,1.0035260920697375,-3.5990392935391484,0.334710702466676,-1.6264293558824705,0.10385835016356836,ex_covid,car_raw
TLT,171,ex_covid,d0_p1,car_raw,surprise_bps,HC1,0.21173492534782337,0.031240676938516954,-1.3679935732711856,0.7802949851366531,-2.8973436414562426,0.161356494913871,-1.7531748881246612,0.0795719920785323,ex_covid,car_raw
XLU,201,ex_covid,d0_p1,car_raw,surprise_bps,HC1,0.027718322818420665,0.02391821589702059,-1.1724334411000927,0.6320419873959471,-2.4112129731132677,0.06634609091308238,-1.854992966417615,0.06359723098573201,ex_covid,car_raw
IEF,171,ex_covid,d0_p1,car_raw,surprise_bps,HC1,0.13166202853747352,0.08210651417341941,-1.1157613182210055,0.33638152307018715,-1.775056988503302,-0.4564656479387095,-3.3169518588219193,0.0009100529597678126,ex_covid,car_raw
XLP,201,ex_covid,d0_p1,car_raw,surprise_bps,HC1,-0.02336075543628442,0.006054512047510063,-0.5523513929140753,0.6370925759330384,-1.8010298965606801,0.6963271107325295,-0.8669876463481662,0.385948778477478,ex_covid,car_raw
XLK,201,ex_covid,d0_p1,car_adj,surprise_bps,HC1,0.22133289661013922,0.057134838258823706,-1.6668354782907666,1.0483860267137812,-3.721634332544825,0.3879633759632916,-1.5899062328363402,0.1118559425221265,ex_covid,car_adj
QQQ,200,ex_covid,d0_p1,car_adj,surprise_bps,HC1,0.2618408267842392,0.049561517158620894,-1.6399054988107675,1.088797575451563,-3.773909533150363,0.4940985355288283,-1.5061619678300995,0.1320256000232147,ex_covid,car_adj
XLY,201,ex_covid,d0_p1,car_adj,surprise_bps,HC1,0.1353089636843114,0.07341208029249147,-1.2689748210868657,0.4101965027513358,-2.072945193063769,-0.46500444910996236,-3.093577864695077,0.001977586509251861,ex_covid,car_adj
XLRE,60,ex_covid,d0_p1,car_adj,surprise_bps,HC1,0.12435706345310092,0.02441531022825505,-1.14534426245681,1.1088603927856817,-3.318670696199684,1.027982171286064,-1.0329021307898585,0.3016497015253232,ex_covid,car_adj
XLB,201,ex_covid,d0_p1,car_adj,surprise_bps,HC1,-0.051062683645694204,0.010374807376450246,-0.6598086569802369,0.5621304369048243,-1.761564067927458,0.441946753966984,-1.1737643323731834,0.24048943415600388,ex_covid,car_adj
XLF,201,ex_covid,d0_p1,car_adj,surprise_bps,HC1,-0.03609813699873884,0.010397749923983013,-0.6302988427928975,0.6510961835911468,-1.9064239131030243,0.6458262275172293,-0.9680579592963657,0.3330154243502641,ex_covid,car_adj
XLI,201,ex_covid,d0_p1,car_adj,surprise_bps,HC1,0.049843674169304776,0.013469015945472451,-0.39876379009493607,0.2635400690581322,-0.915292833932074,0.11776525374220179,-1.513104976863977,0.1302529956458475,ex_covid,car_adj
SPY,202,ex_covid,d0_p1,car_adj,surprise_bps,HC1,0.0,,0.0,0.0,0.0,0.0,,,ex_covid,car_adj
XLE,201,ex_covid,d0_p1,car_adj,surprise_bps,HC1,-0.18153167239488432,0.005701269626648631,0.6566969108801252,0.9849038591314604,-1.2736791812520483,2.5870730030122986,0.6667624507626915,0.5049238809708962,ex_covid,car_adj
XLV,201,ex_covid,d0_p1,car_adj,surprise_bps,HC1,0.011288275042415682,0.019524402530217144,0.7168174257153795,0.470644742739861,-0.20562931956786729,1.6392641709986264,1.52305414385896,0.12774516002008568,ex_covid,car_adj
GLD,152,ex_covid,d0_p1,car_adj,surprise_bps,HC1,0.009576855702619909,0.005098326234598605,0.9757867534938206,1.202703799768724,-1.3814693781223508,3.3330428851099922,0.8113275718272955,0.4171775803594332,ex_covid,car_adj
TLT,171,ex_covid,d0_p1,car_adj,surprise_bps,HC1,0.07233504730874134,0.006724876615238795,1.006102839787692,1.0696881643985983,-1.0904474371223212,3.1026531166977054,0.9405571392419254,0.3469318550670274,ex_covid,car_adj
XLU,201,ex_covid,d0_p1,car_adj,surprise_bps,HC1,-0.17657024496731938,0.03473336564388152,1.251878603608152,0.8028704336851348,-0.32171853066676626,2.82547573788307,1.5592535869855018,0.11893637219228381,ex_covid,car_adj
IEF,171,ex_covid,d0_p1,car_adj,surprise_bps,HC1,-0.007737849501608732,0.018070452080079735,1.2583350948378722,0.8015503628348991,-0.31267474811354257,2.829344937789287,1.5698765207808412,0.11644384089156823,ex_covid,car_adj
XLP,201,ex_covid,d0_p1,car_adj,surprise_bps,HC1,-0.22764932322202455,0.08863019848877252,1.8719606517941694,0.7757824047770179,0.3514550785913402,3.3924662249969986,2.412997046938986,0.01582194776210714,ex_covid,car_adj
SPY,202,ex_covid,d0_p1,car_raw,surprise_orth_bps,HC1,0.2497740233886275,0.09142878493810769,-2.731249657583808,0.7803274594948976,-4.260663374341444,-1.2018359408261705,-3.500132699869018,0.00046502660209027244,ex_covid,auto
XLK,201,ex_covid,d0_p1,car_adj,surprise_orth_bps,HC1,0.24058498955530655,0.0454560816921864,-1.6456821266018329,1.1347701287795071,-3.8697907097415456,0.57842645653788,-1.4502339151029937,0.14699330045024556,ex_covid,auto
QQQ,200,ex_covid,d0_p1,car_adj,surprise_orth_bps,HC1,0.2796273279664458,0.03443725906485362,-1.5132014566953966,1.1907904314923867,-3.8471078155553853,0.8207049021645917,-1.2707537923351808,0.2038162520394029,ex_covid,auto
TLT,171,ex_covid,d0_p1,car_raw,surprise_orth_bps,HC1,0.21528242482833454,0.01751650749701994,-1.0941255124650358,0.7130354985953549,-2.4916494094104915,0.30339838448041995,-1.5344614884117407,0.12491616063832112,ex_covid,auto
IEF,171,ex_covid,d0_p1,car_raw,surprise_orth_bps,HC1,0.13894132914043628,0.06635261093265432,-1.0713491962230062,0.366291357306095,-1.7892670643912447,-0.3534313280547675,-2.9248552412000333,0.0034461649110011077,ex_covid,auto
XLY,201,ex_covid,d0_p1,car_adj,surprise_orth_bps,HC1,0.14584718809205172,0.03856482275134043,-1.0180582522931323,0.4036902268688505,-1.8092765578668828,-0.22683994671938157,-2.5218798586963946,0.01167295681831703,ex_covid,auto
GLD,152,ex_covid,d0_p1,car_raw,surprise_orth_bps,HC1,0.11356246071891914,0.00336293232918472,-0.7099993840853706,1.5469087536737383,-3.7418848286556403,2.321886060484899,-0.4589794856349478,0.646248897727792,ex_covid,auto
XLRE,60,ex_covid,d0_p1,car_adj,surprise_orth_bps,HC1,0.10199812266565467,0.007354486022678186,-0.6851184694101344,1.1431437183383029,-2.925638986506408,1.555402047686139,-0.5993283770181029,0.5489539282675316,ex_covid,auto
XLF,201,ex_covid,d0_p1,car_adj,surprise_orth_bps,HC1,-0.03105377438619982,0.005230669900387008,-0.4948381809137186,0.6159437002538346,-1.702065649915569,0.7123892880881317,-0.8033821609179418,0.4217538826379742,ex_covid,auto
XLI,201,ex_covid,d0_p1,car_adj,surprise_orth_bps,HC1,0.04999506489568271,0.0013500765092021583,-0.13974448944603668,0.29573013722499814,-0.7193649075501211,0.4398759286580477,-0.4725405762068677,0.636540986449974,ex_covid,auto
XLB,201,ex_covid,d0_p1,car_adj,surprise_orth_bps,HC1,-0.05640041686596694,0.00014850229842011675,0.08737803932458706,0.6610664676863374,-1.2082884287277456,1.3830445073769198,0.13217738850134228,0.8948439855477651,ex_covid,auto
XLE,201,ex_covid,d0_p1,car_adj,surprise_orth_bps,HC1,-0.1903778797582605,0.005597856873073126,0.7202740985829492,1.1031494004245044,-1.441858995816034,2.8824071929819324,0.6529252504744867,0.5138044694753469,ex_covid,auto
XLV,201,ex_covid,d0_p1,car_adj,surprise_orth_bps,HC1,0.002691073959015574,0.016339281062767164,0.7258449657532673,0.5010610052723651,-0.2562165586380024,1.7079064901445369,1.4486159531786251,0.14744486350189542,ex_covid,auto
XLU,201,ex_covid,d0_p1,car_adj,surprise_orth_bps,HC1,-0.18944922553020493,0.023751665334074468,1.1458915969050107,0.8882603144887405,-0.5950666283891425,2.886849822199164,1.2900402936098254,0.19703666834067568,ex_covid,auto
XLP,201,ex_covid,d0_p1,car_adj,surprise_orth_bps,HC1,-0.24884491839589237,0.06867371547430223,1.8239328550766403,0.8422756927196472,0.17310283229260634,3.4747628778606745,2.165482004101642,0.030350792081042386,ex_covid,auto
XLK,201,ex_covid,d0_p1,car_raw,surprise_orth_bps,HC1,0.4788128233719501,0.11172101159498482,-4.377788175647456,1.5098999414715664,-7.337137681190861,-1.4184386701040508,-2.899389592253916,0.003738899979817026,ex_covid,car_raw
QQQ,200,ex_covid,d0_p1,car_raw,surprise_orth_bps,HC1,0.5220493462109701,0.09330372380487828,-4.2499529783362044,1.5903353069435961,-7.366952903288104,-1.1329530533843037,-2.6723628405785846,0.007531915842293285,ex_covid,car_raw
XLY,201,ex_covid,d0_p1,car_raw,surprise_orth_bps,HC1,0.38407502190869514,0.11747021697270421,-3.7501643013387533,0.9163005546071835,-5.5460803873829105,-1.9542482152945968,-4.092722941706002,4.2633701155029866e-05,ex_covid,car_raw
XLF,201,ex_covid,d0_p1,car_raw,surprise_orth_bps,HC1,0.20717405943044348,0.06578688597982485,-3.22694422995934,1.1700609037184673,-5.520221460965924,-0.9336669989527563,-2.757928428942522,0.0058168932237938455,ex_covid,car_raw
XLI,201,ex_covid,d0_p1,car_raw,surprise_orth_bps,HC1,0.28822289871232615,0.08835289770224208,-2.8718505384916577,0.744676610625075,-4.331389875446162,-1.4123112015371535,-3.856506968952673,0.00011501882044205735,ex_covid,car_raw
SPY,202,ex_covid,d0_p1,car_raw,surprise_orth_bps,HC1,0.2497740233886275,0.09142878493810769,-2.731249657583808,0.7803274594948976,-4.260663374341444,-1.2018359408261705,-3.500132699869018,0.00046502660209027244,ex_covid,car_raw
XLB,201,ex_covid,d0_p1,car_raw,surprise_orth_bps,HC1,0.18182741695067636,0.06059800907009527,-2.644728009721034,0.8437067393601163,-4.298362832380585,-0.9910931870614835,-3.134653175494186,0.0017205740061534594,ex_covid,car_raw
XLRE,60,ex_covid,d0_p1,car_raw,surprise_orth_bps,HC1,0.09978980625204872,0.032323773377604725,-2.074333882326884,1.9049337053221804,-5.807935337694794,1.659267573041026,-1.0889270721240418,0.276186046821867,ex_covid,car_raw
XLE,201,ex_covid,d0_p1,car_raw,surprise_orth_bps,HC1,0.04784995405838273,0.026361015912707564,-2.0118319504626725,1.1597771916305741,-4.284953476149607,0.2612895752242612,-1.734671077324915,0.08279908201634369,ex_covid,car_raw
XLV,201,ex_covid,d0_p1,car_raw,surprise_orth_bps,HC1,0.24091890777565877,0.04914477462973221,-2.0062610832923538,0.8474530102124617,-3.6672384618988336,-0.34528370468587427,-2.3674009757654546,0.017913513061848605,ex_covid,car_raw
XLU,201,ex_covid,d0_p1,car_raw,surprise_orth_bps,HC1,0.04877860828643831,0.0357322820567213,-1.5862144521406094,0.8509436789983194,-3.254033415849328,0.08160451156810945,-1.8640651447200445,0.06231255655774483,ex_covid,car_raw
TLT,171,ex_covid,d0_p1,car_raw,surprise_orth_bps,HC1,0.21528242482833454,0.01751650749701994,-1.0941255124650358,0.7130354985953549,-2.4916494094104915,0.30339838448041995,-1.5344614884117407,0.12491616063832112,ex_covid,car_raw
IEF,171,ex_covid,d0_p1,car_raw,surprise_orth_bps,HC1,0.13894132914043628,0.06635261093265432,-1.0713491962230062,0.366291357306095,-1.7892670643912447,-0.3534313280547675,-2.9248552412000333,0.0034461649110011077,ex_covid,car_raw
XLP,201,ex_covid,d0_p1,car_raw,surprise_orth_bps,HC1,-0.010617084579248946,0.013358883418414513,-0.9081731939689811,0.8162656243913586,-2.5080244195941437,0.6916780316561812,-1.1125951734720576,0.26588233429606345,ex_covid,car_raw
GLD,152,ex_covid,d0_p1,car_raw,surprise_orth_bps,HC1,0.11356246071891914,0.00336293232918472,-0.7099993840853706,1.5469087536737383,-3.7418848286556403,2.321886060484899,-0.4589794856349478,0.646248897727792,ex_covid,car_raw
XLK,201,ex_covid,d0_p1,car_adj,surprise_orth_bps,HC1,0.24058498955530655,0.0454560816921864,-1.6456821266018329,1.1347701287795071,-3.8697907097415456,0.57842645653788,-1.4502339151029937,0.14699330045024556,ex_covid,car_adj
QQQ,200,ex_covid,d0_p1,car_adj,surprise_orth_bps,HC1,0.2796273279664458,0.03443725906485362,-1.5132014566953966,1.1907904314923867,-3.8471078155553853,0.8207049021645917,-1.2707537923351808,0.2038162520394029,ex_covid,car_adj
XLY,201,ex_covid,d0_p1,car_adj,surprise_orth_bps,HC1,0.14584718809205172,0.03856482275134043,-1.0180582522931323,0.4036902268688505,-1.8092765578668828,-0.22683994671938157,-2.5218798586963946,0.01167295681831703,ex_covid,car_adj
XLRE,60,ex_covid,d0_p1,car_adj,surprise_orth_bps,HC1,0.10199812266565467,0.007354486022678186,-0.6851184694101344,1.1431437183383029,-2.925638986506408,1.555402047686139,-0.5993283770181029,0.5489539282675316,ex_covid,car_adj
XLF,201,ex_covid,d0_p1,car_adj,surprise_orth_bps,HC1,-0.03105377438619982,0.005230669900387008,-0.4948381809137186,0.6159437002538346,-1.702065649915569,0.7123892880881317,-0.8033821609179418,0.4217538826379742,ex_covid,car_adj
XLI,201,ex_covid,d0_p1,car_adj,surprise_orth_bps,HC1,0.04999506489568271,0.0013500765092021583,-0.13974448944603668,0.29573013722499814,-0.7193649075501211,0.4398759286580477,-0.4725405762068677,0.636540986449974,ex_covid,car_adj
SPY,202,ex_covid,d0_p1,car_adj,surprise_orth_bps,HC1,0.0,,0.0,0.0,0.0,0.0,,,ex_covid,car_adj
XLB,201,ex_covid,d0_p1,car_adj,surprise_orth_bps,HC1,-0.05640041686596694,0.00014850229842011675,0.08737803932458706,0.6610664676863374,-1.2082884287277456,1.3830445073769198,0.13217738850134228,0.8948439855477651,ex_covid,car_adj
XLE,201,ex_covid,d0_p1,car_adj,surprise_orth_bps,HC1,-0.1903778797582605,0.005597856873073126,0.7202740985829492,1.1031494004245044,-1.441858995816034,2.8824071929819324,0.6529252504744867,0.5138044694753469,ex_covid,car_adj
XLV,201,ex_covid,d0_p1,car_adj,surprise_orth_bps,HC1,0.002691073959015574,0.016339281062767164,0.7258449657532673,0.5010610052723651,-0.2562165586380024,1.7079064901445369,1.4486159531786251,0.14744486350189542,ex_covid,car_adj
XLU,201,ex_covid,d0_p1,car_adj,surprise_orth_bps,HC1,-0.18944922553020493,0.023751665334074468,1.1458915969050107,0.8882603144887405,-0.5950666283891425,2.886849822199164,1.2900402936098254,0.19703666834067568,ex_covid,car_adj
TLT,171,ex_covid,d0_p1,car_adj,surprise_orth_bps,HC1,0.05181543332827618,0.013729642622378968,1.5354984310810285,1.1556722528791783,-0.729577562494427,3.800574424656484,1.3286625401410928,0.18395932884713317,ex_covid,car_adj
IEF,171,ex_covid,d0_p1,car_adj,surprise_orth_bps,HC1,-0.024525662359622197,0.024289880194768965,1.5582747473230576,0.958050652926355,-0.3194700277776815,3.4360195224237966,1.6265055950469056,0.10384214409584393,ex_covid,car_adj
XLP,201,ex_covid,d0_p1,car_adj,surprise_orth_bps,HC1,-0.24884491839589237,0.06867371547430223,1.8239328550766403,0.8422756927196472,0.17310283229260634,3.4747628778606745,2.165482004101642,0.030350792081042386,ex_covid,car_adj
GLD,152,ex_covid,d0_p1,car_adj,surprise_orth_bps,HC1,-0.03867052665624646,0.02541155304691467,2.3881812715839765,2.0271719215458748,-1.5850026851167944,6.361365228284748,1.1780852162567466,0.23876263517995744,ex_covid,car_adj
TLT,171,ex_covid,d0_p5,car_raw,surprise_bps,HC1,0.20726830302801802,0.06290175681431232,-2.7314399850275355,0.9559418356022285,-4.605051554123012,-0.8578284159320583,-2.8573286399865223,0.004272232463852909,ex_covid,auto
XLRE,60,ex_covid,d0_p5,car_adj,surprise_bps,HC1,-0.2309972092157831,0.04090592464641307,-2.472838761131417,1.5603092295201617,-5.530988655736375,0.5853111334735407,-1.5848388988200008,0.1130029418890908,ex_covid,auto
XLK,201,ex_covid,d0_p5,car_adj,surprise_bps,HC1,0.21556387139552308,0.05476697461513891,-2.154286835290536,0.8151243279370409,-3.751901160969552,-0.5566725096115197,-2.6428935580204276,0.008220087234877441,ex_covid,auto
SPY,202,ex_covid,d0_p5,car_raw,surprise_bps,HC1,0.24881311512104753,0.038613863768158785,-2.143522904614434,0.7541813019027815,-3.621691094157415,-0.6653547150714527,-2.842185160526224,0.004480546100742093,ex_covid,auto
QQQ,200,ex_covid,d0_p5,car_adj,surprise_bps,HC1,0.2009751679340031,0.043574649652500685,-2.127794075454769,0.8865833959415206,-3.8654656007913637,-0.390122550118174,-2.3999931480728063,0.01639537874309786,ex_covid,auto
GLD,152,ex_covid,d0_p5,car_raw,surprise_bps,HC1,-0.023519501111158497,0.01645436461172045,-2.049732984124885,1.4582472223325016,-4.90784502045216,0.808379052202391,-1.4056141871789665,0.15983872091983564,ex_covid,auto
IEF,171,ex_covid,d0_p5,car_raw,surprise_bps,HC1,0.15921895122073737,0.09711702993590965,-1.6456571970610692,0.4050446138787225,-2.439530052395298,-0.8517843417268406,-4.062903543642252,4.8466060279331575e-05,ex_covid,auto
XLI,201,ex_covid,d0_p5,car_adj,surprise_bps,HC1,0.05857038766054181,0.007189311967721768,-0.47515525915982565,0.4150772859806153,-1.288691790482464,0.3383812721628126,-1.1447392454570884,0.25231718910119383,ex_covid,auto
XLY,201,ex_covid,d0_p5,car_adj,surprise_bps,HC1,-0.03544917874782523,0.00045420121168726624,-0.1424132977006048,0.5168902762007357,-1.155499623013008,0.8706730276117982,-0.2755193979414274,0.7829172248985933,ex_covid,auto
XLB,201,ex_covid,d0_p5,car_adj,surprise_bps,HC1,-0.05825876307043268,2.4558162513566018e-06,-0.015370885283803329,0.7237656981613274,-1.4339255869254925,1.4031838163578858,-0.021237377403836508,0.9830562981426827,ex_covid,auto
XLV,201,ex_covid,d0_p5,car_adj,surprise_bps,HC1,-0.06140043803113682,0.000315764140643382,0.13878470083132133,0.7986637504529218,-1.4265674858140909,1.7041368874767333,0.17377112802805508,0.8620453356401498,ex_covid,auto
XLE,201,ex_covid,d0_p5,car_adj,surprise_bps,HC1,-0.021401803948479542,0.00037922655841571284,0.2681631063036809,1.1465983232029378,-1.9791283119080936,2.515454524515455,0.2338771136125396,0.8150803812097519,ex_covid,auto
XLU,201,ex_covid,d0_p5,car_adj,surprise_bps,HC1,-0.19615585153214238,0.0023660107693684873,0.49390280702598033,0.7718278340993441,-1.0188519500742899,2.0066575641262503,0.6399131842690305,0.5222290419898057,ex_covid,auto
XLF,201,ex_covid,d0_p5,car_adj,surprise_bps,HC1,-0.0848468837039009,0.0032680611145071703,0.5393003887500686,0.6840811289174639,-0.8014739864316623,1.8800747639317994,0.7883573540516955,0.43048770826404226,ex_covid,auto
XLP,201,ex_covid,d0_p5,car_adj,surprise_bps,HC1,-0.17761401586125616,0.031064815909003007,1.5815581335826496,0.7954461533688179,0.022512321338842567,3.1406039458264567,1.9882654870911696,0.04678233567498459,ex_covid,auto
XLK,201,ex_covid,d0_p5,car_raw,surprise_bps,HC1,0.45231667135597947,0.07067805447118525,-4.305921325775609,1.3543378644514514,-6.960374762999343,-1.6514678885518743,-3.179355343151127,0.0014760302229790568,ex_covid,car_raw
QQQ,200,ex_covid,d0_p5,car_raw,surprise_bps,HC1,0.4536993445191354,0.058661092315439034,-4.267455417010821,1.4397524411568856,-7.0893183483319415,-1.4455924856897024,-2.9640202683607115,0.003036482862638525,ex_covid,car_raw
XLRE,60,ex_covid,d0_p5,car_raw,surprise_bps,HC1,-0.18198410784012686,0.036155533184715094,-2.845793755074139,2.563825626472675,-7.870799645601423,2.1792121354531466,-1.1099794485592207,0.26700788253781016,ex_covid,car_raw
TLT,171,ex_covid,d0_p5,car_raw,surprise_bps,HC1,0.20726830302801802,0.06290175681431232,-2.7314399850275355,0.9559418356022285,-4.605051554123012,-0.8578284159320583,-2.8573286399865223,0.004272232463852909,ex_covid,car_raw
XLI,201,ex_covid,d0_p5,car_raw,surprise_bps,HC1,0.29532318762099796,0.04753857881233092,-2.6267897496448938,0.7579125121666682,-4.112270976923839,-1.141308522365949,-3.4658218560551375,0.0005286134033772339,ex_covid,car_raw
XLY,201,ex_covid,d0_p5,car_raw,surprise_bps,HC1,0.20130362121263087,0.025854637907521072,-2.2940477881856745,1.0235903491495173,-4.300248007441508,-0.2878475689298412,-2.2411776254941804,0.025014571563922422,ex_covid,car_raw
XLB,201,ex_covid,d0_p5,car_raw,surprise_bps,HC1,0.17849403689002336,0.022070292694149285,-2.1670053757688725,1.1154626541326076,-4.353272003968242,0.01926125243049727,-1.9426964835985052,0.052052841361396,ex_covid,car_raw
SPY,202,ex_covid,d0_p5,car_raw,surprise_bps,HC1,0.24881311512104753,0.038613863768158785,-2.143522904614434,0.7541813019027815,-3.621691094157415,-0.6653547150714527,-2.842185160526224,0.004480546100742093,ex_covid,car_raw
GLD,152,ex_covid,d0_p5,car_raw,surprise_bps,HC1,-0.023519501111158497,0.01645436461172045,-2.049732984124885,1.4582472223325016,-4.90784502045216,0.808379052202391,-1.4056141871789665,0.15983872091983564,ex_covid,car_raw
XLV,201,ex_covid,d0_p5,car_raw,surprise_bps,HC1,0.17535236192931933,0.03787334356745797,-2.0128497896537487,0.7341950902160754,-3.4518457241033924,-0.5738538552041048,-2.7415734815951462,0.006114568237331124,ex_covid,car_raw
XLE,201,ex_covid,d0_p5,car_raw,surprise_bps,HC1,0.21535099601197671,0.012311010906842501,-1.8834713841813886,1.4203919519847992,-4.66738845400214,0.9004456856393634,-1.326022286700161,0.18483231537112788,ex_covid,car_raw
XLU,201,ex_covid,d0_p5,car_raw,surprise_bps,HC1,0.04059694842831385,0.02430709963168365,-1.6577316834590892,0.7427569088217494,-3.113508474018019,-0.20195489290015955,-2.2318630278226332,0.025624017120199554,ex_covid,car_raw
IEF,171,ex_covid,d0_p5,car_raw,surprise_bps,HC1,0.15921895122073737,0.09711702993590965,-1.6456571970610692,0.4050446138787225,-2.439530052395298,-0.8517843417268406,-4.062903543642252,4.8466060279331575e-05,ex_covid,car_raw
XLF,201,ex_covid,d0_p5,car_raw,surprise_bps,HC1,0.15190591625655506,0.011174396526494212,-1.612334101735001,1.0480792976942022,-3.6665317781576707,0.44186357468766896,-1.5383703363687957,0.12395809091535481,ex_covid,car_raw
XLP,201,ex_covid,d0_p5,car_raw,surprise_bps,HC1,0.0591387840992,0.004724274364692915,-0.5700763569024199,0.6411600251435281,-1.8267269145105305,0.6865742007056906,-0.8891327196744749,0.3739317561274462,ex_covid,car_raw
XLRE,60,ex_covid,d0_p5,car_adj,surprise_bps,HC1,-0.2309972092157831,0.04090592464641307,-2.472838761131417,1.5603092295201617,-5.530988655736375,0.5853111334735407,-1.5848388988200008,0.1130029418890908,ex_covid,car_adj
XLK,201,ex_covid,d0_p5,car_adj,surprise_bps,HC1,0.21556387139552308,0.05476697461513891,-2.154286835290536,0.8151243279370409,-3.751901160969552,-0.5566725096115197,-2.6428935580204276,0.008220087234877441,ex_covid,car_adj
QQQ,200,ex_covid,d0_p5,car_adj,surprise_bps,HC1,0.2009751679340031,0.043574649652500685,-2.127794075454769,0.8865833959415206,-3.8654656007913637,-0.390122550118174,-2.3999931480728063,0.01639537874309786,ex_covid,car_adj
TLT,171,ex_covid,d0_p5,car_adj,surprise_bps,HC1,-0.05796444351164798,0.009923397491973907,-1.6287004507772724,1.460447928928987,-4.491125792774199,1.2337248912196546,-1.1152061080135,0.2647621092309397,ex_covid,car_adj
GLD,152,ex_covid,d0_p5,car_adj,surprise_bps,HC1,-0.2583642020812971,0.0028127322913751307,-1.0401236538956267,1.6495607305423932,-4.273203276070298,2.1929559682790445,-0.6305458384388327,0.5283375221386126,ex_covid,car_adj
IEF,171,ex_covid,d0_p5,car_adj,surprise_bps,HC1,-0.10601379531892874,0.0017907733254661773,-0.5429176628108067,1.0723090733186114,-2.6446048268108053,1.558769501189192,-0.5063070679151956,0.6126411020393686,ex_covid,car_adj
XLI,201,ex_covid,d0_p5,car_adj,surprise_bps,HC1,0.05857038766054181,0.007189311967721768,-0.47515525915982565,0.4150772859806153,-1.288691790482464,0.3383812721628126,-1.1447392454570884,0.25231718910119383,ex_covid,car_adj
XLY,201,ex_covid,d0_p5,car_adj,surprise_bps,HC1,-0.03544917874782523,0.00045420121168726624,-0.1424132977006048,0.5168902762007357,-1.155499623013008,0.8706730276117982,-0.2755193979414274,0.7829172248985933,ex_covid,car_adj
XLB,201,ex_covid,d0_p5,car_adj,surprise_bps,HC1,-0.05825876307043268,2.4558162513566018e-06,-0.015370885283803329,0.7237656981613274,-1.4339255869254925,1.4031838163578858,-0.021237377403836508,0.9830562981426827,ex_covid,car_adj
SPY,202,ex_covid,d0_p5,car_adj,surprise_bps,HC1,0.0,,0.0,0.0,0.0,0.0,,,ex_covid,car_adj
XLV,201,ex_covid,d0_p5,car_adj,surprise_bps,HC1,-0.06140043803113682,0.000315764140643382,0.13878470083132133,0.7986637504529218,-1.4265674858140909,1.7041368874767333,0.17377112802805508,0.8620453356401498,ex_covid,car_adj
XLE,201,ex_covid,d0_p5,car_adj,surprise_bps,HC1,-0.021401803948479542,0.00037922655841571284,0.2681631063036809,1.1465983232029378,-1.9791283119080936,2.515454524515455,0.2338771136125396,0.8150803812097519,ex_covid,car_adj
XLU,201,ex_covid,d0_p5,car_adj,surprise_bps,HC1,-0.19615585153214238,0.0023660107693684873,0.49390280702598033,0.7718278340993441,-1.0188519500742899,2.0066575641262503,0.6399131842690305,0.5222290419898057,ex_covid,car_adj
XLF,201,ex_covid,d0_p5,car_adj,surprise_bps,HC1,-0.0848468837039009,0.0032680611145071703,0.5393003887500686,0.6840811289174639,-0.8014739864316623,1.8800747639317994,0.7883573540516955,0.43048770826404226,ex_covid,car_adj
XLP,201,ex_covid,d0_p5,car_adj,surprise_bps,HC1,-0.17761401586125616,0.031064815909003007,1.5815581335826496,0.7954461533688179,0.022512321338842567,3.1406039458264567,1.9882654870911696,0.04678233567498459,ex_covid,car_adj
TLT,171,ex_covid,d0_p5,car_raw,surprise_orth_bps,HC1,0.23390750201471028,0.06573865961834635,-2.982567240989955,0.9543111767793143,-4.852982777521447,-1.1121517044584621,-3.1253613219283056,0.001775867814618392,ex_covid,auto
XLK,201,ex_covid,d0_p5,car_adj,surprise_orth_bps,HC1,0.24535177721856272,0.05578507685218659,-2.4066386625343976,0.8734991625527297,-4.118665561663646,-0.694611763405149,-2.7551699712008806,0.00586616522566987,ex_covid,auto
XLRE,60,ex_covid,d0_p5,car_adj,surprise_orth_bps,HC1,-0.23890961842347264,0.031228739030701225,-2.354856826951169,1.5939746645618813,-5.4789897617617696,0.7692761078594321,-1.4773489687795152,0.13958211787855718,ex_covid,auto
SPY,202,ex_covid,d0_p5,car_raw,surprise_orth_bps,HC1,0.27594246686589263,0.03537778756788523,-2.2711990010615017,0.9151327853553813,-4.064826301429873,-0.4775717006931305,-2.4818245367304894,0.013071162163549838,ex_covid,auto
QQQ,200,ex_covid,d0_p5,car_adj,surprise_orth_bps,HC1,0.22917876646421081,0.0398167295472891,-2.251548839160554,0.9077393634705616,-4.030685298912168,-0.4724123794089399,-2.480391321306375,0.01312382639780702,ex_covid,auto
IEF,171,ex_covid,d0_p5,car_raw,surprise_orth_bps,HC1,0.17603250310057938,0.10504814324652023,-1.8281230042975063,0.47864080198059267,-2.7662417377108355,-0.890004270884177,-3.819404857949471,0.00013377404437116158,ex_covid,auto
GLD,152,ex_covid,d0_p5,car_raw,surprise_orth_bps,HC1,-0.011967039580355054,0.010451114148486207,-1.790806260812048,2.1939972764894686,-6.090961904910373,2.509349383286277,-0.8162299379320329,0.4143686371086909,ex_covid,auto
XLI,201,ex_covid,d0_p5,car_adj,surprise_orth_bps,HC1,0.059640401840518054,0.0012264891048993087,-0.2172358224177197,0.4974958478750795,-1.1923097667110931,0.7578381218756538,-0.4366585637761288,0.6623589839680419,ex_covid,auto
XLY,201,ex_covid,d0_p5,car_adj,surprise_orth_bps,HC1,-0.03386619274597198,0.00034344720148882235,-0.1370768478601238,0.6278619712629427,-1.367663698797814,1.0935100030775664,-0.21832322092130232,0.8271772831384956,ex_covid,auto
XLV,201,ex_covid,d0_p5,car_adj,surprise_orth_bps,HC1,-0.06174270583916977,5.678605995940167e-05,0.06514615331824043,0.7570688575851329,-1.4186815413655032,1.5489738480019843,0.08605049945660287,0.9314262733050797,ex_covid,auto
XLU,201,ex_covid,d0_p5,car_adj,surprise_orth_bps,HC1,-0.2001355078715084,0.0011996703289895994,0.38928871485659455,0.8460160532277387,-1.2688722798124947,2.047449709525684,0.46014341379383034,0.6454132842600433,ex_covid,auto
XLE,201,ex_covid,d0_p5,car_adj,surprise_orth_bps,HC1,-0.029575910386176935,0.001321987313317119,0.5542057384916641,1.2755439248495943,-1.9458144149124061,3.054225891895734,0.4344858124403777,0.6639356952072628,ex_covid,auto
XLB,201,ex_covid,d0_p5,car_adj,surprise_orth_bps,HC1,-0.07025065307928482,0.0039072209288081305,0.678644994893754,0.7726685691921064,-0.8357575727088692,2.1930475624963774,0.8783131888014257,0.37977378043132426,ex_covid,auto
XLF,201,ex_covid,d0_p5,car_adj,surprise_orth_bps,HC1,-0.10551909860770482,0.016860816188949967,1.355915623397632,0.9414991472119888,-0.48938879661304063,3.2012200434083047,1.4401665975086992,0.14982027096654946,ex_covid,auto
XLP,201,ex_covid,d0_p5,car_adj,surprise_orth_bps,HC1,-0.19398242431360757,0.021406923854925375,1.4532342314749662,0.8804844412114993,-0.2724835622474468,3.178952025197379,1.6504939365826772,0.09884195245284773,ex_covid,auto
XLK,201,ex_covid,d0_p5,car_raw,surprise_orth_bps,HC1,0.5095474868078662,0.06810657218146143,-4.678708931348165,1.3300315220857373,-7.285522812939199,-2.071895049757131,-3.5177428907933534,0.00043523383538982945,ex_covid,car_raw
QQQ,200,ex_covid,d0_p5,car_raw,surprise_orth_bps,HC1,0.5107477665024465,0.05424994813318207,-4.542861739302659,1.4416056926964136,-7.368356976895547,-1.7173665017097721,-3.1512512487416604,0.001625725765220916,ex_covid,car_raw
TLT,171,ex_covid,d0_p5,car_raw,surprise_orth_bps,HC1,0.23390750201471028,0.06573865961834635,-2.982567240989955,0.9543111767793143,-4.852982777521447,-1.1121517044584621,-3.1253613219283056,0.001775867814618392,ex_covid,car_raw
XLI,201,ex_covid,d0_p5,car_raw,surprise_orth_bps,HC1,0.3238361114298216,0.03484470028669773,-2.4893060912314904,1.0047515803626934,-4.458583002152071,-0.5200291803109096,-2.47753388985256,0.013229384444272997,ex_covid,car_raw
XLY,201,ex_covid,d0_p5,car_raw,surprise_orth_bps,HC1,0.23032951684333158,0.023272591300869228,-2.4091471166738945,1.2660400074200857,-4.890539934204085,0.07224570085629621,-1.9028996734338695,0.057053637609753016,ex_covid,car_raw
XLRE,60,ex_covid,d0_p5,car_raw,surprise_orth_bps,HC1,-0.20936313667846063,0.020117019731098584,-2.31356895772348,2.8857663777970126,-7.969567126002233,3.342429210555272,-0.8017173446624093,0.42271648036221654,ex_covid,car_raw
SPY,202,ex_covid,d0_p5,car_raw,surprise_orth_bps,HC1,0.27594246686589263,0.03537778756788523,-2.2711990010615017,0.9151327853553813,-4.064826301429873,-0.4775717006931305,-2.4818245367304894,0.013071162163549838,ex_covid,car_raw
XLV,201,ex_covid,d0_p5,car_raw,surprise_orth_bps,HC1,0.2024530037501337,0.03715953548473194,-2.206924115495531,0.9601776689764746,-4.088837765449043,-0.32501046554201873,-2.298453907856508,0.02153596835397846,ex_covid,car_raw
XLU,201,ex_covid,d0_p5,car_raw,surprise_orth_bps,HC1,0.06406020171779511,0.025591108372576388,-1.8827815539571766,0.9574570991758655,-3.759362985084068,-0.006200122830285482,-1.966439598784935,0.04924785303053654,ex_covid,car_raw
IEF,171,ex_covid,d0_p5,car_raw,surprise_orth_bps,HC1,0.17603250310057938,0.10504814324652023,-1.8281230042975063,0.47864080198059267,-2.7662417377108355,-0.890004270884177,-3.819404857949471,0.00013377404437116158,ex_covid,car_raw
GLD,152,ex_covid,d0_p5,car_raw,surprise_orth_bps,HC1,-0.011967039580355054,0.010451114148486207,-1.790806260812048,2.1939972764894686,-6.090961904910373,2.509349383286277,-0.8162299379320329,0.4143686371086909,ex_covid,car_raw
XLE,201,ex_covid,d0_p5,car_raw,surprise_orth_bps,HC1,0.23461979920312664,0.008358686754336597,-1.7178645303221072,1.6243252041976728,-4.901483429730215,1.4657543690860004,-1.0575865755716312,0.2902439654126612,ex_covid,car_raw
XLB,201,ex_covid,d0_p5,car_raw,surprise_orth_bps,HC1,0.19394505651001887,0.009739486938914355,-1.593425273920017,1.1891953890457057,-3.924205407030698,0.7373548591906639,-1.3399188128358739,0.18027174113257804,ex_covid,car_raw
XLF,201,ex_covid,d0_p5,car_raw,surprise_orth_bps,HC1,0.15867661098159866,0.0029446666417655143,-0.9161546454161387,1.3190289279209308,-3.501403838707642,1.6690945478753647,-0.694567515558732,0.48732637580737037,ex_covid,car_raw
XLP,201,ex_covid,d0_p5,car_raw,surprise_orth_bps,HC1,0.07021328527569601,0.00795513418181848,-0.818836037338806,0.8345433220168742,-2.454510892030292,0.81683881735268,-0.9811785868226616,0.32650468181225445,ex_covid,car_raw
XLK,201,ex_covid,d0_p5,car_adj,surprise_orth_bps,HC1,0.24535177721856272,0.05578507685218659,-2.4066386625343976,0.8734991625527297,-4.118665561663646,-0.694611763405149,-2.7551699712008806,0.00586616522566987,ex_covid,car_adj
XLRE,60,ex_covid,d0_p5,car_adj,surprise_orth_bps,HC1,-0.23890961842347264,0.031228739030701225,-2.354856826951169,1.5939746645618813,-5.4789897617617696,0.7692761078594321,-1.4773489687795152,0.13958211787855718,ex_covid,car_adj
QQQ,200,ex_covid,d0_p5,car_adj,surprise_orth_bps,HC1,0.22917876646421081,0.0398167295472891,-2.251548839160554,0.9077393634705616,-4.030685298912168,-0.4724123794089399,-2.480391321306375,0.01312382639780702,ex_covid,car_adj
TLT,171,ex_covid,d0_p5,car_adj,surprise_orth_bps,HC1,-0.04451871062556581,0.009242880256566721,-1.6789363504007795,1.4595254985166517,-4.539553762011285,1.181681061209726,-1.1503302628882606,0.25000787089122856,ex_covid,car_adj
IEF,171,ex_covid,d0_p5,car_adj,surprise_orth_bps,HC1,-0.10239370953969655,0.001464911903367283,-0.5244921137083313,1.1684130412834919,-2.8145395936908866,1.765555366274224,-0.44889272472702046,0.6535090445394456,ex_covid,car_adj
GLD,152,ex_covid,d0_p5,car_adj,surprise_orth_bps,HC1,-0.27040936185250597,0.0001524224931827023,-0.265433589980148,2.485954366566934,-5.137814615661422,4.606947435701127,-0.10677331553221864,0.9149688175509919,ex_covid,car_adj
XLI,201,ex_covid,d0_p5,car_adj,surprise_orth_bps,HC1,0.059640401840518054,0.0012264891048993087,-0.2172358224177197,0.4974958478750795,-1.1923097667110931,0.7578381218756538,-0.4366585637761288,0.6623589839680419,ex_covid,car_adj
XLY,201,ex_covid,d0_p5,car_adj,surprise_orth_bps,HC1,-0.03386619274597198,0.00034344720148882235,-0.1370768478601238,0.6278619712629427,-1.367663698797814,1.0935100030775664,-0.21832322092130232,0.8271772831384956,ex_covid,car_adj
SPY,202,ex_covid,d0_p5,car_adj,surprise_orth_bps,HC1,0.0,,0.0,0.0,0.0,0.0,,,ex_covid,car_adj
XLV,201,ex_covid,d0_p5,car_adj,surprise_orth_bps,HC1,-0.06174270583916977,5.678605995940167e-05,0.06514615331824043,0.7570688575851329,-1.4186815413655032,1.5489738480019843,0.08605049945660287,0.9314262733050797,ex_covid,car_adj
XLU,201,ex_covid,d0_p5,car_adj,surprise_orth_bps,HC1,-0.2001355078715084,0.0011996703289895994,0.38928871485659455,0.8460160532277387,-1.2688722798124947,2.047449709525684,0.46014341379383034,0.6454132842600433,ex_covid,car_adj
XLE,201,ex_covid,d0_p5,car_adj,surprise_orth_bps,HC1,-0.029575910386176935,0.001321987313317119,0.5542057384916641,1.2755439248495943,-1.9458144149124061,3.054225891895734,0.4344858124403777,0.6639356952072628,ex_covid,car_adj
XLB,201,ex_covid,d0_p5,car_adj,surprise_orth_bps,HC1,-0.07025065307928482,0.0039072209288081305,0.678644994893754,0.7726685691921064,-0.8357575727088692,2.1930475624963774,0.8783131888014257,0.37977378043132426,ex_covid,car_adj
XLF,201,ex_covid,d0_p5,car_adj,surprise_orth_bps,HC1,-0.10551909860770482,0.016860816188949967,1.355915623397632,0.9414991472119888,-0.48938879661304063,3.2012200434083047,1.4401665975086992,0.14982027096654946,ex_covid,car_adj
XLP,201,ex_covid,d0_p5,car_adj,surprise_orth_bps,HC1,-0.19398242431360757,0.021406923854925375,1.4532342314749662,0.8804844412114993,-0.2724835622474468,3.178952025197379,1.6504939365826772,0.09884195245284773,ex_covid,car_adj
TLT,183,ex_largest_surprise,m5_p5,car_raw,surprise_bps,HC1,0.2585264190616967,0.1048504152985057,-4.3730222496251345,1.168228588672771,-6.662708209133822,-2.0833362901164465,-3.7432933006658757,0.00018162401630272487,ex_largest_surprise,auto
GLD,164,ex_largest_surprise,m5_p5,car_raw,surprise_bps,HC1,0.05628871128082463,0.02588435696206448,-3.039129553569277,1.9736804792878144,-6.907472209963146,0.8292131028245917,-1.5398285515120058,0.12360215037990473,ex_largest_surprise,auto
IEF,183,ex_largest_surprise,m5_p5,car_raw,surprise_bps,HC1,0.2125616264532601,0.1282467019373007,-2.3148098363271545,0.5492213406922954,-3.3912638836248563,-1.2383557890294528,-4.214712111166927,2.5009700633406243e-05,ex_largest_surprise,auto
QQQ,211,ex_largest_surprise,m5_p5,car_adj,surprise_bps,HC1,0.01800341580126244,0.02535445360212929,-2.140671564077053,1.0518988873555184,-4.202355498671624,-0.07898762948248123,-2.0350544998281315,0.041845389509720034,ex_largest_surprise,auto
XLK,212,ex_largest_surprise,m5_p5,car_adj,surprise_bps,HC1,0.16049530079831167,0.02159796088523458,-1.731740068202276,0.8729264751029869,-3.4426445205556306,-0.02083561584892181,-1.9838326796056533,0.047274495732395116,ex_largest_surprise,auto
XLY,212,ex_largest_surprise,m5_p5,car_adj,surprise_bps,HC1,-0.010734649993656475,0.008142732291235855,-0.9193809949011502,0.7791739901263657,-2.4465339532391948,0.6077719634368941,-1.1799431276601595,0.23802283529121537,ex_largest_surprise,auto
SPY,213,ex_largest_surprise,m5_p5,car_raw,surprise_bps,HC1,0.10525515960286141,0.000192484042700225,-0.27857295887428074,2.6983523692432865,-5.567246420189448,5.010100502440887,-0.10323816935458376,0.9177739469779317,ex_largest_surprise,auto
XLV,212,ex_largest_surprise,m5_p5,car_adj,surprise_bps,HC1,0.12304122512485281,1.3666234540354871e-05,0.03623524650802779,1.04742848774347,-2.016686865850427,2.089157358866483,0.034594482517934254,0.972403101180981,ex_largest_surprise,auto
XLB,212,ex_largest_surprise,m5_p5,car_adj,surprise_bps,HC1,-0.14927205531784615,0.0010514851692545735,0.41841837682985983,0.9734142259984405,-1.4894384481660163,2.326275201825736,0.4298461699598483,0.6673075450469792,ex_largest_surprise,auto
XLI,212,ex_largest_surprise,m5_p5,car_adj,surprise_bps,HC1,-0.01637734293797475,0.007410998848143446,0.7410946629276811,1.0166870527403407,-1.2515753439915611,2.7337646698469236,0.7289309536598917,0.4660438992530914,ex_largest_surprise,auto
XLRE,72,ex_largest_surprise,m5_p5,car_adj,surprise_bps,HC1,-0.8435045112457047,0.00410535720104066,1.0328434685206465,3.431982607931898,-5.693718838593722,7.759405775635014,0.30094659166790905,0.7634552211846217,ex_largest_surprise,auto
XLP,212,ex_largest_surprise,m5_p5,car_adj,surprise_bps,HC1,0.06853191327336822,0.00802971469901026,1.1092957838779756,1.0691574514565203,-0.9862143147794356,3.2048058825353865,1.0375420218666338,0.2994833222676526,ex_largest_surprise,auto
XLF,212,ex_largest_surprise,m5_p5,car_adj,surprise_bps,HC1,-0.1398098865561511,0.012226509193378643,1.4287917323561186,1.380973004873094,-1.2778656208172023,4.13544908552944,1.0346268372475673,0.3008432157198946,ex_largest_surprise,auto
XLU,212,ex_largest_surprise,m5_p5,car_adj,surprise_bps,HC1,-0.06546326777944635,0.011903128323507595,1.4900560028212935,1.212872774754004,-0.887130953525716,3.867242959168303,1.228534462836391,0.21924640051657374,ex_largest_surprise,auto
XLE,212,ex_largest_surprise,m5_p5,car_adj,surprise_bps,HC1,-0.3458987549290955,0.019371408177396132,3.1801946014846214,2.7912503590622055,-2.290555574111796,8.650944777081037,1.1393440904215741,0.2545596654450646,ex_largest_surprise,auto
TLT,183,ex_largest_surprise,m5_p5,car_raw,surprise_bps,HC1,0.2585264190616967,0.1048504152985057,-4.3730222496251345,1.168228588672771,-6.662708209133822,-2.0833362901164465,-3.7432933006658757,0.00018162401630272487,ex_largest_surprise,car_raw
GLD,164,ex_largest_surprise,m5_p5,car_raw,surprise_bps,HC1,0.05628871128082463,0.02588435696206448,-3.039129553569277,1.9736804792878144,-6.907472209963146,0.8292131028245917,-1.5398285515120058,0.12360215037990473,ex_largest_surprise,car_raw
QQQ,211,ex_largest_surprise,m5_p5,car_raw,surprise_bps,HC1,0.09868688156122832,0.009138661579570218,-2.436801237755398,2.5611184109036893,-7.456501083269085,2.5828986077582887,-0.9514598104410072,0.34137101085701205,ex_largest_surprise,car_raw
IEF,183,ex_largest_surprise,m5_p5,car_raw,surprise_bps,HC1,0.2125616264532601,0.1282467019373007,-2.3148098363271545,0.5492213406922954,-3.3912638836248563,-1.2383557890294528,-4.214712111166927,2.5009700633406243e-05,ex_largest_surprise,car_raw
XLK,212,ex_largest_surprise,m5_p5,car_raw,surprise_bps,HC1,0.22666244840389754,0.006704170935265319,-2.040148079432327,2.7004305992695343,-7.332894796750529,3.2525986378858756,-0.7554899133435187,0.4499550821837489,ex_largest_surprise,car_raw
XLY,212,ex_largest_surprise,m5_p5,car_raw,surprise_bps,HC1,0.055432497611928866,0.0026633071064657843,-1.2277890061312007,2.848591954965351,-6.810926644513833,4.355348632251431,-0.43101610393550904,0.6664566611276901,ex_largest_surprise,car_raw
SPY,213,ex_largest_surprise,m5_p5,car_raw,surprise_bps,HC1,0.10525515960286141,0.000192484042700225,-0.27857295887428074,2.6983523692432865,-5.567246420189448,5.010100502440887,-0.10323816935458376,0.9177739469779317,ex_largest_surprise,car_raw
XLV,212,ex_largest_surprise,m5_p5,car_raw,surprise_bps,HC1,0.18920837273043836,0.00022432073749900638,-0.27217276472202356,2.4097814953927346,-4.995257706302858,4.45091217685881,-0.11294499739598432,0.910074161782592,ex_largest_surprise,car_raw
XLB,212,ex_largest_surprise,m5_p5,car_raw,surprise_bps,HC1,-0.08310490771226042,1.9706630298266248e-05,0.11001036559980908,3.214965907201421,-6.191207024039118,6.411227755238737,0.0342182059702062,0.9727031487770155,ex_largest_surprise,car_raw
XLI,212,ex_largest_surprise,m5_p5,car_raw,surprise_bps,HC1,0.049789804667611015,0.0003321547417853843,0.4326866516976319,3.5054199643217627,-6.437810229060704,7.303183532455969,0.12343361311954791,0.9017637411615902,ex_largest_surprise,car_raw
XLP,212,ex_largest_surprise,m5_p5,car_raw,surprise_bps,HC1,0.13469906087895395,0.002714298005546567,0.8008877726479248,2.007804329533813,-3.134336401241939,4.736111946537789,0.3988873621135586,0.6899762016202924,ex_largest_surprise,car_raw
XLF,212,ex_largest_surprise,m5_p5,car_raw,surprise_bps,HC1,-0.07364273895056542,0.001725797827366815,1.1203837211260665,3.697182667724367,-6.12596115187941,8.366728594131544,0.3030371560774594,0.7618615456302464,ex_largest_surprise,car_raw
XLU,212,ex_largest_surprise,m5_p5,car_raw,surprise_bps,HC1,0.000703879826139453,0.0032363764622098667,1.181647991591243,3.3112792895502166,-5.30834015868056,7.671636141863046,0.3568554290543552,0.7212000380855088,ex_largest_surprise,car_raw
XLE,212,ex_largest_surprise,m5_p5,car_raw,surprise_bps,HC1,-0.27973160732351,0.007144497905958169,2.8717865902545716,5.085800514696129,-7.09619925110511,12.839772431614255,0.5646675645173546,0.5722999000124693,ex_largest_surprise,car_raw
XLRE,72,ex_largest_surprise,m5_p5,car_raw,surprise_bps,HC1,-0.9878150767467728,0.08573772713367,9.598814537976134,9.456347290870042,-8.935285577432058,28.13291465338433,1.0150657799173306,0.31007447239191055,ex_largest_surprise,car_raw
GLD,164,ex_largest_surprise,m5_p5,car_adj,surprise_bps,HC1,-0.0036937804371299093,0.043456321023315536,-5.827663871741321,3.135366187179428,-11.972868676957669,0.3175409334750273,-1.8586868403348704,0.06307153984568388,ex_largest_surprise,car_adj
TLT,183,ex_largest_surprise,m5_p5,car_adj,surprise_bps,HC1,0.1850084566939963,0.042574782263659516,-5.543220006127211,3.2826156094785737,-11.977028375794214,0.8905883635397918,-1.6886594915716382,0.09128470276561787,ex_largest_surprise,car_adj
IEF,183,ex_largest_surprise,m5_p5,car_adj,surprise_bps,HC1,0.13904366408555952,0.02342510865486347,-3.485007592829233,3.1990784246225,-9.755086088808467,2.785070903150001,-1.089378605415237,0.27598696203460493,ex_largest_surprise,car_adj
QQQ,211,ex_largest_surprise,m5_p5,car_adj,surprise_bps,HC1,0.01800341580126244,0.02535445360212929,-2.140671564077053,1.0518988873555184,-4.202355498671624,-0.07898762948248123,-2.0350544998281315,0.041845389509720034,ex_largest_surprise,car_adj
XLK,212,ex_largest_surprise,m5_p5,car_adj,surprise_bps,HC1,0.16049530079831167,0.02159796088523458,-1.731740068202276,0.8729264751029869,-3.4426445205556306,-0.02083561584892181,-1.9838326796056533,0.047274495732395116,ex_largest_surprise,car_adj
XLY,212,ex_largest_surprise,m5_p5,car_adj,surprise_bps,HC1,-0.010734649993656475,0.008142732291235855,-0.9193809949011502,0.7791739901263657,-2.4465339532391948,0.6077719634368941,-1.1799431276601595,0.23802283529121537,ex_largest_surprise,car_adj
SPY,213,ex_largest_surprise,m5_p5,car_adj,surprise_bps,HC1,0.0,,0.0,0.0,0.0,0.0,,,ex_largest_surprise,car_adj
XLV,212,ex_largest_surprise,m5_p5,car_adj,surprise_bps,HC1,0.12304122512485281,1.3666234540354871e-05,0.03623524650802779,1.04742848774347,-2.016686865850427,2.089157358866483,0.034594482517934254,0.972403101180981,ex_largest_surprise,car_adj
XLB,212,ex_largest_surprise,m5_p5,car_adj,surprise_bps,HC1,-0.14927205531784615,0.0010514851692545735,0.41841837682985983,0.9734142259984405,-1.4894384481660163,2.326275201825736,0.4298461699598483,0.6673075450469792,ex_largest_surprise,car_adj
XLI,212,ex_largest_surprise,m5_p5,car_adj,surprise_bps,HC1,-0.01637734293797475,0.007410998848143446,0.7410946629276811,1.0166870527403407,-1.2515753439915611,2.7337646698469236,0.7289309536598917,0.4660438992530914,ex_largest_surprise,car_adj
XLRE,72,ex_largest_surprise,m5_p5,car_adj,surprise_bps,HC1,-0.8435045112457047,0.00410535720104066,1.0328434685206465,3.431982607931898,-5.693718838593722,7.759405775635014,0.30094659166790905,0.7634552211846217,ex_largest_surprise,car_adj
XLP,212,ex_largest_surprise,m5_p5,car_adj,surprise_bps,HC1,0.06853191327336822,0.00802971469901026,1.1092957838779756,1.0691574514565203,-0.9862143147794356,3.2048058825353865,1.0375420218666338,0.2994833222676526,ex_largest_surprise,car_adj
XLF,212,ex_largest_surprise,m5_p5,car_adj,surprise_bps,HC1,-0.1398098865561511,0.012226509193378643,1.4287917323561186,1.380973004873094,-1.2778656208172023,4.13544908552944,1.0346268372475673,0.3008432157198946,ex_largest_surprise,car_adj
XLU,212,ex_largest_surprise,m5_p5,car_adj,surprise_bps,HC1,-0.06546326777944635,0.011903128323507595,1.4900560028212935,1.212872774754004,-0.887130953525716,3.867242959168303,1.228534462836391,0.21924640051657374,ex_largest_surprise,car_adj
XLE,212,ex_largest_surprise,m5_p5,car_adj,surprise_bps,HC1,-0.3458987549290955,0.019371408177396132,3.1801946014846214,2.7912503590622055,-2.290555574111796,8.650944777081037,1.1393440904215741,0.2545596654450646,ex_largest_surprise,car_adj
SPY,201,ex_largest_surprise,m5_p5,car_raw,surprise_orth_bps,HC1,0.30128549812243444,0.07848776171377325,-5.389586157860054,1.7579599036550022,-8.835124255289362,-1.9440480604307468,-3.06581859270765,0.002170749749714463,ex_largest_surprise,auto
TLT,171,ex_largest_surprise,m5_p5,car_raw,surprise_orth_bps,HC1,0.234705067259824,0.06354230452822185,-3.690016694975072,1.1134509437062203,-5.8723404431913995,-1.507692946758745,-3.314036164622147,0.000919596124218415,ex_largest_surprise,auto
GLD,152,ex_largest_surprise,m5_p5,car_raw,surprise_orth_bps,HC1,0.06659527730800974,0.02736797877081354,-3.5438656704284908,2.3750062096167404,-8.198792304336289,1.1110609634793065,-1.4921500651572492,0.13565980956803225,ex_largest_surprise,auto
XLRE,60,ex_largest_surprise,m5_p5,car_adj,surprise_orth_bps,HC1,-0.35377920643321725,0.03323398902899921,-3.293386530066831,2.491732745180896,-8.177092969720507,1.5903199095868445,-1.3217254283937006,0.18625959797617364,ex_largest_surprise,auto
IEF,171,ex_largest_surprise,m5_p5,car_raw,surprise_orth_bps,HC1,0.20857284283556593,0.07609639621712938,-1.9684946103190963,0.543315948058327,-3.0333743007396516,-0.903614919898541,-3.623112145619866,0.0002910795432772307,ex_largest_surprise,auto
QQQ,199,ex_largest_surprise,m5_p5,car_adj,surprise_orth_bps,HC1,-0.05677772966305388,0.008525634358810041,-1.3894268983420621,1.040620662382943,-3.4290059181808457,0.6501521214967214,-1.3351905728648314,0.18181398149229122,ex_largest_surprise,auto
XLK,200,ex_largest_surprise,m5_p5,car_adj,surprise_orth_bps,HC1,0.06854569692256599,0.010400355395980831,-1.3485109462424063,1.0046700230907617,-3.3176280078473246,0.6206061153625115,-1.342242642110346,0.17951733435030603,ex_largest_surprise,auto
XLE,200,ex_largest_surprise,m5_p5,car_adj,surprise_orth_bps,HC1,-0.02351058385513205,0.0023960597079139,-1.0353256630597583,1.5842834909284367,-4.140464246580883,2.069812920461367,-0.6534977287764496,0.5134354531634868,ex_largest_surprise,auto
XLY,200,ex_largest_surprise,m5_p5,car_adj,surprise_orth_bps,HC1,0.011222492701381898,0.0064694216808885985,-0.9367580024288249,0.9606869714527958,-2.8196698668931637,0.9461538620355141,-0.9750918147793922,0.3295147184301701,ex_largest_surprise,auto
XLI,200,ex_largest_surprise,m5_p5,car_adj,surprise_orth_bps,HC1,0.057610072953723786,0.0027356207464203086,-0.4583109068924231,0.6642022668469687,-1.7601234283623441,0.8435016145774978,-0.6900170772798903,0.4901834481370646,ex_largest_surprise,auto
XLF,200,ex_largest_surprise,m5_p5,car_adj,surprise_orth_bps,HC1,-0.021542465911303384,1.350970209035296e-07,-0.00514990166757736,1.1197630493219295,-2.1998451495573077,2.1895453462221526,-0.004599099488678318,0.9963304624605611,ex_largest_surprise,auto
XLB,200,ex_largest_surprise,m5_p5,car_adj,surprise_orth_bps,HC1,-0.14174095869559208,0.00013389318123147032,0.17026890186650226,1.1937494212302404,-2.1694369703103034,2.5099747740433074,0.14263370422498592,0.8865794775012333,ex_largest_surprise,auto
XLV,200,ex_largest_surprise,m5_p5,car_adj,surprise_orth_bps,HC1,0.10214248587402457,0.007816713705740441,0.9644806088421304,1.020850180566184,-1.0363489786788014,2.965310196363062,0.944781738988585,0.34477031653688783,ex_largest_surprise,auto
XLU,200,ex_largest_surprise,m5_p5,car_adj,surprise_orth_bps,HC1,0.04538936477779085,0.006439724999175889,1.17681416307553,0.9665809718895805,-0.7176497299697703,3.0712780561208306,1.217501893064336,0.2234133166098855,ex_largest_surprise,auto
XLP,200,ex_largest_surprise,m5_p5,car_adj,surprise_orth_bps,HC1,0.017044637735841077,0.03496515564249547,2.5760122764617033,1.0690810384196705,0.4806519446044676,4.671372608318939,2.4095575395010265,0.015971877306769328,ex_largest_surprise,auto
QQQ,199,ex_largest_surprise,m5_p5,car_raw,surprise_orth_bps,HC1,0.2212860678284688,0.05982986762558051,-6.8012684639270375,2.2006483124759924,-11.11445989901883,-2.4880770288352463,-3.090574911660827,0.00199769405383661,ex_largest_surprise,car_raw
XLK,200,ex_largest_surprise,m5_p5,car_raw,surprise_orth_bps,HC1,0.32872571052243205,0.06496367980407369,-6.736556980953047,2.1141028983189676,-10.880122521269966,-2.5929914406361267,-3.186484908709804,0.0014401300073370875,ex_largest_surprise,car_raw
XLE,200,ex_largest_surprise,m5_p5,car_raw,surprise_orth_bps,HC1,0.23666942974473398,0.054434087558285604,-6.423371697770398,2.5328723459143068,-11.387710273199916,-1.4590331223408797,-2.536002932848838,0.011212579504766104,ex_largest_surprise,car_raw
XLY,200,ex_largest_surprise,m5_p5,car_raw,surprise_orth_bps,HC1,0.2714025063012479,0.06480313398685233,-6.324804037139467,2.313309567627049,-10.858807474780408,-1.7908005994985265,-2.7340932340617674,0.006255232960234205,ex_largest_surprise,car_raw
XLI,200,ex_largest_surprise,m5_p5,car_raw,surprise_orth_bps,HC1,0.31779008655358965,0.07553155807067435,-5.846356941603066,1.8937578864149947,-9.55805419441515,-2.1346596887909826,-3.0871723273298657,0.002020704151954959,ex_largest_surprise,car_raw
XLRE,60,ex_largest_surprise,m5_p5,car_raw,surprise_orth_bps,HC1,0.011230825760406127,0.05955802236610597,-5.744323837204299,4.0245619392524805,-13.63232029168984,2.14367261728124,-1.4273165437407198,0.15348867412246506,ex_largest_surprise,car_raw
XLF,200,ex_largest_surprise,m5_p5,car_raw,surprise_orth_bps,HC1,0.23863754768856293,0.04272285079513549,-5.393195936378219,2.3031327297738815,-9.907253138350447,-0.8791387344059903,-2.3416783004545794,0.019197253926650962,ex_largest_surprise,car_raw
SPY,201,ex_largest_surprise,m5_p5,car_raw,surprise_orth_bps,HC1,0.30128549812243444,0.07848776171377325,-5.389586157860054,1.7579599036550022,-8.835124255289362,-1.9440480604307468,-3.06581859270765,0.002170749749714463,ex_largest_surprise,car_raw
XLB,200,ex_largest_surprise,m5_p5,car_raw,surprise_orth_bps,HC1,0.11843905490427396,0.04615036059424871,-5.217777132844141,2.21618225651592,-9.561414538792052,-0.8741397268962309,-2.3543989297374197,0.018552688253335482,ex_largest_surprise,car_raw
XLV,200,ex_largest_surprise,m5_p5,car_raw,surprise_orth_bps,HC1,0.36232249947389056,0.06660107334935383,-4.423565425868513,1.4994859778350291,-7.362503937747995,-1.48462691398903,-2.95005454619542,0.0031771783168715283,ex_largest_surprise,car_raw
XLU,200,ex_largest_surprise,m5_p5,car_raw,surprise_orth_bps,HC1,0.30556937837765685,0.05782768885651113,-4.211231871635112,1.6556842550438624,-7.456313381291113,-0.966150361979113,-2.5434993772550847,0.01097482526062299,ex_largest_surprise,car_raw
TLT,171,ex_largest_surprise,m5_p5,car_raw,surprise_orth_bps,HC1,0.234705067259824,0.06354230452822185,-3.690016694975072,1.1134509437062203,-5.8723404431913995,-1.507692946758745,-3.314036164622147,0.000919596124218415,ex_largest_surprise,car_raw
GLD,152,ex_largest_surprise,m5_p5,car_raw,surprise_orth_bps,HC1,0.06659527730800974,0.02736797877081354,-3.5438656704284908,2.3750062096167404,-8.198792304336289,1.1110609634793065,-1.4921500651572492,0.13565980956803225,ex_largest_surprise,car_raw
XLP,200,ex_largest_surprise,m5_p5,car_raw,surprise_orth_bps,HC1,0.2772246513357074,0.038806291176871066,-2.812033758248939,1.232154074865007,-5.227011368388623,-0.39705614810925594,-2.2822095187706304,0.022476973388216342,ex_largest_surprise,car_raw
IEF,171,ex_largest_surprise,m5_p5,car_raw,surprise_orth_bps,HC1,0.20857284283556593,0.07609639621712938,-1.9684946103190963,0.543315948058327,-3.0333743007396516,-0.903614919898541,-3.623112145619866,0.0002910795432772307,ex_largest_surprise,car_raw
XLRE,60,ex_largest_surprise,m5_p5,car_adj,surprise_orth_bps,HC1,-0.35377920643321725,0.03323398902899921,-3.293386530066831,2.491732745180896,-8.177092969720507,1.5903199095868445,-1.3217254283937006,0.18625959797617364,ex_largest_surprise,car_adj
QQQ,199,ex_largest_surprise,m5_p5,car_adj,surprise_orth_bps,HC1,-0.05677772966305388,0.008525634358810041,-1.3894268983420621,1.040620662382943,-3.4290059181808457,0.6501521214967214,-1.3351905728648314,0.18181398149229122,ex_largest_surprise,car_adj
XLK,200,ex_largest_surprise,m5_p5,car_adj,surprise_orth_bps,HC1,0.06854569692256599,0.010400355395980831,-1.3485109462424063,1.0046700230907617,-3.3176280078473246,0.6206061153625115,-1.342242642110346,0.17951733435030603,ex_largest_surprise,car_adj
XLE,200,ex_largest_surprise,m5_p5,car_adj,surprise_orth_bps,HC1,-0.02351058385513205,0.0023960597079139,-1.0353256630597583,1.5842834909284367,-4.140464246580883,2.069812920461367,-0.6534977287764496,0.5134354531634868,ex_largest_surprise,car_adj
XLY,200,ex_largest_surprise,m5_p5,car_adj,surprise_orth_bps,HC1,0.011222492701381898,0.0064694216808885985,-0.9367580024288249,0.9606869714527958,-2.8196698668931637,0.9461538620355141,-0.9750918147793922,0.3295147184301701,ex_largest_surprise,car_adj
XLI,200,ex_largest_surprise,m5_p5,car_adj,surprise_orth_bps,HC1,0.057610072953723786,0.0027356207464203086,-0.4583109068924231,0.6642022668469687,-1.7601234283623441,0.8435016145774978,-0.6900170772798903,0.4901834481370646,ex_largest_surprise,car_adj
XLF,200,ex_largest_surprise,m5_p5,car_adj,surprise_orth_bps,HC1,-0.021542465911303384,1.350970209035296e-07,-0.00514990166757736,1.1197630493219295,-2.1998451495573077,2.1895453462221526,-0.004599099488678318,0.9963304624605611,ex_largest_surprise,car_adj
SPY,201,ex_largest_surprise,m5_p5,car_adj,surprise_orth_bps,HC1,0.0,,0.0,0.0,0.0,0.0,,,ex_largest_surprise,car_adj
XLB,200,ex_largest_surprise,m5_p5,car_adj,surprise_orth_bps,HC1,-0.14174095869559208,0.00013389318123147032,0.17026890186650226,1.1937494212302404,-2.1694369703103034,2.5099747740433074,0.14263370422498592,0.8865794775012333,ex_largest_surprise,car_adj
XLV,200,ex_largest_surprise,m5_p5,car_adj,surprise_orth_bps,HC1,0.10214248587402457,0.007816713705740441,0.9644806088421304,1.020850180566184,-1.0363489786788014,2.965310196363062,0.944781738988585,0.34477031653688783,ex_largest_surprise,car_adj
XLU,200,ex_largest_surprise,m5_p5,car_adj,surprise_orth_bps,HC1,0.04538936477779085,0.006439724999175889,1.17681416307553,0.9665809718895805,-0.7176497299697703,3.0712780561208306,1.217501893064336,0.2234133166098855,ex_largest_surprise,car_adj
TLT,171,ex_largest_surprise,m5_p5,car_adj,surprise_orth_bps,HC1,-0.05888098201511255,0.002460945256495317,1.2876501343403302,2.6078936372284893,-3.823727470138674,6.399027738819335,0.4937510165133752,0.6214820307783445,ex_largest_surprise,car_adj
GLD,152,ex_largest_surprise,m5_p5,car_adj,surprise_orth_bps,HC1,-0.2563612638941967,0.0023715250356806106,1.488499525725331,3.8988180894164026,-6.153043511804082,9.130042563254746,0.38178224569285774,0.7026228889393997,ex_largest_surprise,car_adj
XLP,200,ex_largest_surprise,m5_p5,car_adj,surprise_orth_bps,HC1,0.017044637735841077,0.03496515564249547,2.5760122764617033,1.0690810384196705,0.4806519446044676,4.671372608318939,2.4095575395010265,0.015971877306769328,ex_largest_surprise,car_adj
IEF,171,ex_largest_surprise,m5_p5,car_adj,surprise_orth_bps,HC1,-0.08501320643937105,0.020110438052451718,3.0091722189963037,2.216418049539922,-1.3349273327864568,7.353271770779064,1.3576735758946465,0.1745672850292267,ex_largest_surprise,car_adj
SPY,213,ex_largest_surprise,m1_p1,car_raw,surprise_bps,HC1,0.22427994426337775,0.04884006555448739,-2.5319898535168686,0.7421738427997172,-3.986623855672006,-1.077355851361731,-3.411585948603891,0.0006458613635977058,ex_largest_surprise,auto
GLD,164,ex_largest_surprise,m1_p1,car_raw,surprise_bps,HC1,0.27375510753346044,0.02224626986601741,-1.944261039126519,1.2466654903080734,-4.38768050089931,0.49915842264627275,-1.559569150058094,0.11886173153815464,ex_largest_surprise,auto
XLY,212,ex_largest_surprise,m1_p1,car_adj,surprise_bps,HC1,0.0878043279289568,0.03485275680173694,-1.1713731769583953,0.7797197169417345,-2.6995957401999604,0.35684938628316976,-1.5023003157504193,0.1330195671542909,ex_largest_surprise,auto
TLT,183,ex_largest_surprise,m1_p1,car_raw,surprise_bps,HC1,0.3681023162571105,0.016079330377520074,-1.1380190523129208,0.9158315834450194,-2.9330159717694473,0.6569778671436063,-1.2426073449357515,0.21401256198384078,ex_largest_surprise,auto
XLB,212,ex_largest_surprise,m1_p1,car_adj,surprise_bps,HC1,-0.026774037980799612,0.020125729159509942,-1.117833947977459,0.5643840258630008,-2.224006312118663,-0.011661583836254999,-1.9806264825943234,0.04763317680912905,ex_largest_surprise,auto
XLF,212,ex_largest_surprise,m1_p1,car_adj,surprise_bps,HC1,-0.17763083597461957,0.01766591663963757,-1.063204595603099,0.510709897893149,-2.0641776020217995,-0.06223158918439876,-2.0818170941843457,0.03735917974005404,ex_largest_surprise,auto
IEF,183,ex_largest_surprise,m1_p1,car_raw,surprise_bps,HC1,0.21435455515670587,0.04787193220477648,-0.9437337533866448,0.3732200791847253,-1.6752316668958933,-0.21223583987739614,-2.528625350083439,0.011451018809917913,ex_largest_surprise,auto
XLK,212,ex_largest_surprise,m1_p1,car_adj,surprise_bps,HC1,0.2483939515344767,0.005718886808224188,-0.5077877764263207,0.5597274532740427,-1.6048334260017707,0.5892578731491291,-0.907205414806959,0.364298180834165,ex_largest_surprise,auto
XLE,212,ex_largest_surprise,m1_p1,car_adj,surprise_bps,HC1,-0.14006140398979383,0.0013267993848171677,-0.4329828011420129,0.9883211956149008,-2.3700567497047844,1.5040911474207583,-0.43809927689815986,0.6613143185792014,ex_largest_surprise,auto
XLI,212,ex_largest_surprise,m1_p1,car_adj,surprise_bps,HC1,-0.03775862558566696,0.006564954711910209,-0.3739640672678887,0.38989582828139907,-1.1381458484218443,0.3902177138860669,-0.9591384163207514,0.33748901957413446,ex_largest_surprise,auto
QQQ,211,ex_largest_surprise,m1_p1,car_adj,surprise_bps,HC1,0.24877427094304705,0.0010516505227475825,-0.21797238459382284,0.47416047654389437,-1.1473098415122052,0.7113650723245593,-0.45970171571996155,0.6457303378509349,ex_largest_surprise,auto
XLU,212,ex_largest_surprise,m1_p1,car_adj,surprise_bps,HC1,-0.2819468729767092,0.00042624632192433953,0.17251854467041924,0.7776808445855178,-1.351707902183887,1.6967449915247252,0.22183720464706422,0.824440615838446,ex_largest_surprise,auto
XLRE,72,ex_largest_surprise,m1_p1,car_adj,surprise_bps,HC1,-0.1789315695215536,0.0005996915550856574,0.23635106058779287,1.7425703444319465,-3.179024055026379,3.651726176201965,0.1356335836558954,0.8921109548568457,ex_largest_surprise,auto
XLP,212,ex_largest_surprise,m1_p1,car_adj,surprise_bps,HC1,-0.1764470533486447,0.007093769883627088,0.6423339772258803,0.9602030453797122,-1.2396294095640348,2.524297364015795,0.668956404915243,0.5035232877256508,ex_largest_surprise,auto
XLV,212,ex_largest_surprise,m1_p1,car_adj,surprise_bps,HC1,0.03443650575358666,0.013545442303886657,0.7495345644838527,0.5235737068813786,-0.27665104425578046,1.7757201732234855,1.4315741119782166,0.15226574289348477,ex_largest_surprise,auto
XLY,212,ex_largest_surprise,m1_p1,car_raw,surprise_bps,HC1,0.29427485528365005,0.07765626063616293,-3.7169565815091037,1.1059586055335042,-5.884595616746912,-1.549317546271295,-3.3608460234513737,0.0007770413094686361,ex_largest_surprise,car_raw
XLB,212,ex_largest_surprise,m1_p1,car_raw,surprise_bps,HC1,0.1796964893738938,0.07318401838851207,-3.6634173525281684,0.942700202918268,-5.511075798466575,-1.8157589065897626,-3.8860894918527844,0.00010187196479993606,ex_largest_surprise,car_raw
XLF,212,ex_largest_surprise,m1_p1,car_raw,surprise_bps,HC1,0.02883969138007375,0.05012089161957067,-3.6087880001538073,0.9773729758493993,-5.524403832281366,-1.6931721680262481,-3.6923345430310683,0.00022220490201571995,ex_largest_surprise,car_raw
XLK,212,ex_largest_surprise,m1_p1,car_raw,surprise_bps,HC1,0.4548644788891699,0.05148745983287495,-3.0533711809770296,1.0098599944964493,-5.032660399617887,-1.0740819623361721,-3.023558906796328,0.002498203876796959,ex_largest_surprise,car_raw
XLE,212,ex_largest_surprise,m1_p1,car_raw,surprise_bps,HC1,0.06640912336489944,0.03112584650252026,-2.9785662056927213,1.1015276738924487,-5.137520774496102,-0.8196116368893405,-2.704032114933087,0.006850366804895082,ex_largest_surprise,car_raw
XLI,212,ex_largest_surprise,m1_p1,car_raw,surprise_bps,HC1,0.16871190176902637,0.05596061578971845,-2.9195474718185976,0.783056484175478,-4.454309978663094,-1.3847849649741022,-3.728399586516093,0.00019269966186424639,ex_largest_surprise,car_raw
QQQ,211,ex_largest_surprise,m1_p1,car_raw,surprise_bps,HC1,0.46093478232331153,0.04162895701877145,-2.7587430298906495,0.9890813257753716,-4.697306806191507,-0.8201792535897929,-2.7891973672923056,0.005283885349867542,ex_largest_surprise,car_raw
SPY,213,ex_largest_surprise,m1_p1,car_raw,surprise_bps,HC1,0.22427994426337775,0.04884006555448739,-2.5319898535168686,0.7421738427997172,-3.986623855672006,-1.077355851361731,-3.411585948603891,0.0006458613635977058,ex_largest_surprise,car_raw
XLU,212,ex_largest_surprise,m1_p1,car_raw,surprise_bps,HC1,-0.07547634562201601,0.03386439212489667,-2.3730648598802895,1.0034625053557207,-4.339815230213833,-0.4063144895467462,-2.3648764624633927,0.01803608611701532,ex_largest_surprise,car_raw
GLD,164,ex_largest_surprise,m1_p1,car_raw,surprise_bps,HC1,0.27375510753346044,0.02224626986601741,-1.944261039126519,1.2466654903080734,-4.38768050089931,0.49915842264627275,-1.559569150058094,0.11886173153815464,ex_largest_surprise,car_raw
XLP,212,ex_largest_surprise,m1_p1,car_raw,surprise_bps,HC1,0.030023474006048483,0.030006856499853685,-1.903249427324828,1.07000694228554,-4.0004244974123155,0.19392564276265906,-1.7787262419620173,0.07528465471088515,ex_largest_surprise,car_raw
XLV,212,ex_largest_surprise,m1_p1,car_raw,surprise_bps,HC1,0.24090703310827993,0.028418508818738752,-1.7960488400668564,0.7443360919295087,-3.254920772641988,-0.33717690749172463,-2.412954120511664,0.01582381128872133,ex_largest_surprise,car_raw
XLRE,72,ex_largest_surprise,m1_p1,car_raw,surprise_bps,HC1,-0.11356021836736968,0.007928559254256062,-1.4003131925086372,2.497036280103574,-6.294414369601513,3.493787984584239,-0.560790086898759,0.5749406453379378,ex_largest_surprise,car_raw
TLT,183,ex_largest_surprise,m1_p1,car_raw,surprise_bps,HC1,0.3681023162571105,0.016079330377520074,-1.1380190523129208,0.9158315834450194,-2.9330159717694473,0.6569778671436063,-1.2426073449357515,0.21401256198384078,ex_largest_surprise,car_raw
IEF,183,ex_largest_surprise,m1_p1,car_raw,surprise_bps,HC1,0.21435455515670587,0.04787193220477648,-0.9437337533866448,0.3732200791847253,-1.6752316668958933,-0.21223583987739614,-2.528625350083439,0.011451018809917913,ex_largest_surprise,car_raw
XLY,212,ex_largest_surprise,m1_p1,car_adj,surprise_bps,HC1,0.0878043279289568,0.03485275680173694,-1.1713731769583953,0.7797197169417345,-2.6995957401999604,0.35684938628316976,-1.5023003157504193,0.1330195671542909,ex_largest_surprise,car_adj
XLB,212,ex_largest_surprise,m1_p1,car_adj,surprise_bps,HC1,-0.026774037980799612,0.020125729159509942,-1.117833947977459,0.5643840258630008,-2.224006312118663,-0.011661583836254999,-1.9806264825943234,0.04763317680912905,ex_largest_surprise,car_adj
XLF,212,ex_largest_surprise,m1_p1,car_adj,surprise_bps,HC1,-0.17763083597461957,0.01766591663963757,-1.063204595603099,0.510709897893149,-2.0641776020217995,-0.06223158918439876,-2.0818170941843457,0.03735917974005404,ex_largest_surprise,car_adj
XLK,212,ex_largest_surprise,m1_p1,car_adj,surprise_bps,HC1,0.2483939515344767,0.005718886808224188,-0.5077877764263207,0.5597274532740427,-1.6048334260017707,0.5892578731491291,-0.907205414806959,0.364298180834165,ex_largest_surprise,car_adj
XLE,212,ex_largest_surprise,m1_p1,car_adj,surprise_bps,HC1,-0.14006140398979383,0.0013267993848171677,-0.4329828011420129,0.9883211956149008,-2.3700567497047844,1.5040911474207583,-0.43809927689815986,0.6613143185792014,ex_largest_surprise,car_adj
XLI,212,ex_largest_surprise,m1_p1,car_adj,surprise_bps,HC1,-0.03775862558566696,0.006564954711910209,-0.3739640672678887,0.38989582828139907,-1.1381458484218443,0.3902177138860669,-0.9591384163207514,0.33748901957413446,ex_largest_surprise,car_adj
QQQ,211,ex_largest_surprise,m1_p1,car_adj,surprise_bps,HC1,0.24877427094304705,0.0010516505227475825,-0.21797238459382284,0.47416047654389437,-1.1473098415122052,0.7113650723245593,-0.45970171571996155,0.6457303378509349,ex_largest_surprise,car_adj
SPY,213,ex_largest_surprise,m1_p1,car_adj,surprise_bps,HC1,0.0,,0.0,0.0,0.0,0.0,,,ex_largest_surprise,car_adj
XLU,212,ex_largest_surprise,m1_p1,car_adj,surprise_bps,HC1,-0.2819468729767092,0.00042624632192433953,0.17251854467041924,0.7776808445855178,-1.351707902183887,1.6967449915247252,0.22183720464706422,0.824440615838446,ex_largest_surprise,car_adj
XLRE,72,ex_largest_surprise,m1_p1,car_adj,surprise_bps,HC1,-0.1789315695215536,0.0005996915550856574,0.23635106058779287,1.7425703444319465,-3.179024055026379,3.651726176201965,0.1356335836558954,0.8921109548568457,ex_largest_surprise,car_adj
XLP,212,ex_largest_surprise,m1_p1,car_adj,surprise_bps,HC1,-0.1764470533486447,0.007093769883627088,0.6423339772258803,0.9602030453797122,-1.2396294095640348,2.524297364015795,0.668956404915243,0.5035232877256508,ex_largest_surprise,car_adj
XLV,212,ex_largest_surprise,m1_p1,car_adj,surprise_bps,HC1,0.03443650575358666,0.013545442303886657,0.7495345644838527,0.5235737068813786,-0.27665104425578046,1.7757201732234855,1.4315741119782166,0.15226574289348477,ex_largest_surprise,car_adj
GLD,164,ex_largest_surprise,m1_p1,car_adj,surprise_bps,HC1,0.16460962959376274,0.004721116236186429,1.2913608625206596,1.7280139399393217,-2.0954842245435708,4.67820594958489,0.7473092853440784,0.4548768888640299,ex_largest_surprise,car_adj
TLT,183,ex_largest_surprise,m1_p1,car_adj,surprise_bps,HC1,0.23654839158146285,0.01136863773101826,1.7859248099798626,1.3975741653488285,-0.9532702198274678,4.525119839787193,1.2778748021104864,0.2012935740304863,ex_largest_surprise,car_adj
IEF,183,ex_largest_surprise,m1_p1,car_adj,surprise_bps,HC1,0.08280063048105825,0.021586945561555604,1.9802101089061386,1.0194406380379426,-0.017856826024762254,3.978277043837039,1.9424476865247715,0.05208292715541828,ex_largest_surprise,car_adj
SPY,201,ex_largest_surprise,m1_p1,car_raw,surprise_orth_bps,HC1,0.30034795227669875,0.054987426746858414,-2.862481962027262,1.1902411665488057,-5.1953117813798615,-0.5296521426746627,-2.404959635472234,0.016174252172838764,ex_largest_surprise,auto
XLY,200,ex_largest_surprise,m1_p1,car_adj,surprise_orth_bps,HC1,0.12467119456376236,0.05424422927550754,-1.5379049491846477,0.5787685937937931,-2.6722705484033744,-0.40353934996592117,-2.6572017999521607,0.007879226265257954,ex_largest_surprise,auto
XLF,200,ex_largest_surprise,m1_p1,car_adj,surprise_orth_bps,HC1,-0.07889359440802005,0.023809850947623556,-1.3380111819468121,0.869098715242666,-3.0414133628324698,0.36539099893884536,-1.5395387871137496,0.12367281633555208,ex_largest_surprise,auto
XLE,200,ex_largest_surprise,m1_p1,car_adj,surprise_orth_bps,HC1,-0.046424072382149906,0.011821628786460314,-1.3112285869786828,0.9813141740773712,-3.234569025688999,0.6121118517316341,-1.3361965225983778,0.18148504738910154,ex_largest_surprise,auto
XLRE,60,ex_largest_surprise,m1_p1,car_adj,surprise_orth_bps,HC1,0.181515056435274,0.01681616004838793,-1.281846601843512,1.4444795331757714,-4.112974463273254,1.5492812595862302,-0.8874107056576277,0.3748578217773396,ex_largest_surprise,auto
TLT,171,ex_largest_surprise,m1_p1,car_raw,surprise_orth_bps,HC1,0.3380286151375512,0.01722173680497896,-1.2092956208272017,0.8627553953765309,-2.900265123232817,0.48167388157841357,-1.4016668308396156,0.161014759919195,ex_largest_surprise,auto
IEF,171,ex_largest_surprise,m1_p1,car_raw,surprise_orth_bps,HC1,0.20097870319661088,0.04160958366947731,-0.9660219716750191,0.46897098889425914,-1.8851882197019005,-0.04685572364813758,-2.0598757589519723,0.03941041967733273,ex_largest_surprise,auto
GLD,152,ex_largest_surprise,m1_p1,car_raw,surprise_orth_bps,HC1,0.19780056566491233,0.0013755857514168301,-0.5377972542384181,1.9442805245017452,-4.348517058104485,3.2729225496276486,-0.276604763284474,0.7820836067877404,ex_largest_surprise,auto
XLK,200,ex_largest_surprise,m1_p1,car_adj,surprise_orth_bps,HC1,0.19494658438244644,0.003103737348849722,-0.4199458773441123,0.7193843789348177,-1.8299133510970698,0.990021596408845,-0.5837572925421599,0.5593836151985632,ex_largest_surprise,auto
XLI,200,ex_largest_surprise,m1_p1,car_adj,surprise_orth_bps,HC1,0.030038940769009134,0.0026489809551928367,-0.23924434610642928,0.4040894523788778,-1.031245119301543,0.5527564270886843,-0.5920578839610783,0.5538118279654158,ex_largest_surprise,auto
XLB,200,ex_largest_surprise,m1_p1,car_adj,surprise_orth_bps,HC1,-0.01802681877582521,0.0006175817316861343,-0.2202007181292035,0.7655709711496343,-1.7206922491918397,1.2802908129334327,-0.287629398746056,0.7736304384818873,ex_largest_surprise,auto
QQQ,199,ex_largest_surprise,m1_p1,car_adj,surprise_orth_bps,HC1,0.19357080228746987,0.00031019613183969064,-0.13197542655399866,0.578358426871453,-1.2655371133772892,1.0015862602692918,-0.22818968380542287,0.8194987810278944,ex_largest_surprise,auto
XLU,200,ex_largest_surprise,m1_p1,car_adj,surprise_orth_bps,HC1,-0.2182560285162803,0.0076730439924922456,0.7237603989709672,0.7215966566299541,-0.6905430593882588,2.1380638573301933,1.0029985481794197,0.31586156173793856,ex_largest_surprise,auto
XLV,200,ex_largest_surprise,m1_p1,car_adj,surprise_orth_bps,HC1,0.022301657618594803,0.01577466417090445,0.8948799739948239,0.626072219848447,-0.3321990286291751,2.121958976618823,1.4293558244948914,0.15290198847448933,ex_largest_surprise,auto
XLP,200,ex_largest_surprise,m1_p1,car_adj,surprise_orth_bps,HC1,-0.21627431170399905,0.03861924058592636,1.5170393055479539,0.7830752057195295,-0.01775989484861778,3.0518385059445254,1.937284304837644,0.05271059975085097,ex_largest_surprise,auto
XLY,200,ex_largest_surprise,m1_p1,car_raw,surprise_orth_bps,HC1,0.4066840491574182,0.09086896899800678,-4.399699939419303,1.329810991950773,-7.006081589888302,-1.7933182889503043,-3.3085152446853674,0.00093792078409528,ex_largest_surprise,car_raw
XLF,200,ex_largest_surprise,m1_p1,car_raw,surprise_orth_bps,HC1,0.20311926018563614,0.05960794807612113,-4.19980617218147,1.871124832860507,-7.867143455166592,-0.5324688891963476,-2.244535532009887,0.024797965415021526,ex_largest_surprise,car_raw
XLE,200,ex_largest_surprise,m1_p1,car_raw,surprise_orth_bps,HC1,0.23558878221150623,0.05734879448870023,-4.173023577213339,1.5502363920953326,-7.211431073243505,-1.1346160811831734,-2.6918627368649184,0.0071054182616044955,ex_largest_surprise,car_raw
XLK,200,ex_largest_surprise,m1_p1,car_raw,surprise_orth_bps,HC1,0.47695943897610243,0.050047073265634956,-3.2817408675787676,1.3377551943099275,-5.903692868557607,-0.6597888665999276,-2.45316996827034,0.014160341232117792,ex_largest_surprise,car_raw
XLI,200,ex_largest_surprise,m1_p1,car_raw,surprise_orth_bps,HC1,0.3120517953626652,0.06149606649299655,-3.101039336341085,1.0744553531174752,-5.206933131447602,-0.9951455412345677,-2.8861500176285446,0.0038998621852921866,ex_largest_surprise,car_raw
XLB,200,ex_largest_surprise,m1_p1,car_raw,surprise_orth_bps,HC1,0.26398603581783087,0.04489492206119705,-3.081995708363859,1.2283931734511864,-5.489602087183049,-0.6743893295446699,-2.5089651871842893,0.012108541709539095,ex_largest_surprise,car_raw
QQQ,199,ex_largest_surprise,m1_p1,car_raw,surprise_orth_bps,HC1,0.4832906325561692,0.040250519436069054,-3.0040250462750238,1.289691411217485,-5.531773763431931,-0.47627632911811657,-2.3292587824859483,0.019845360510796887,ex_largest_surprise,car_raw
SPY,201,ex_largest_surprise,m1_p1,car_raw,surprise_orth_bps,HC1,0.30034795227669875,0.054987426746858414,-2.862481962027262,1.1902411665488057,-5.1953117813798615,-0.5296521426746627,-2.404959635472234,0.016174252172838764,ex_largest_surprise,car_raw
XLRE,60,ex_largest_surprise,m1_p1,car_raw,surprise_orth_bps,HC1,0.3191710447352849,0.0373877804808731,-2.669171228018995,2.282136514720659,-7.14207660467525,1.8037341486372598,-1.1695931469488408,0.24216473650020154,ex_largest_surprise,car_raw
XLU,200,ex_largest_surprise,m1_p1,car_raw,surprise_orth_bps,HC1,0.0637568260773757,0.030848154599717126,-2.138034591263689,1.256201889605759,-4.600145052202137,0.3240758696747593,-1.7019832631637584,0.08875850578810476,ex_largest_surprise,car_raw
XLV,200,ex_largest_surprise,m1_p1,car_raw,surprise_orth_bps,HC1,0.30431451221225087,0.03156947081990369,-1.9669150162398321,1.0058679983705348,-3.9383800662474737,0.004550033767809769,-1.9554404946038193,0.05053110041968653,ex_largest_surprise,car_raw
XLP,200,ex_largest_surprise,m1_p1,car_raw,surprise_orth_bps,HC1,0.06573854288965691,0.015830875767994135,-1.3447556846867017,1.1145279926265546,-3.5291904099964717,0.8396790406230679,-1.2065696811415034,0.22759790883433062,ex_largest_surprise,car_raw
TLT,171,ex_largest_surprise,m1_p1,car_raw,surprise_orth_bps,HC1,0.3380286151375512,0.01722173680497896,-1.2092956208272017,0.8627553953765309,-2.900265123232817,0.48167388157841357,-1.4016668308396156,0.161014759919195,ex_largest_surprise,car_raw
IEF,171,ex_largest_surprise,m1_p1,car_raw,surprise_orth_bps,HC1,0.20097870319661088,0.04160958366947731,-0.9660219716750191,0.46897098889425914,-1.8851882197019005,-0.04685572364813758,-2.0598757589519723,0.03941041967733273,ex_largest_surprise,car_raw
GLD,152,ex_largest_surprise,m1_p1,car_raw,surprise_orth_bps,HC1,0.19780056566491233,0.0013755857514168301,-0.5377972542384181,1.9442805245017452,-4.348517058104485,3.2729225496276486,-0.276604763284474,0.7820836067877404,ex_largest_surprise,car_raw
XLY,200,ex_largest_surprise,m1_p1,car_adj,surprise_orth_bps,HC1,0.12467119456376236,0.05424422927550754,-1.5379049491846477,0.5787685937937931,-2.6722705484033744,-0.40353934996592117,-2.6572017999521607,0.007879226265257954,ex_largest_surprise,car_adj
XLF,200,ex_largest_surprise,m1_p1,car_adj,surprise_orth_bps,HC1,-0.07889359440802005,0.023809850947623556,-1.3380111819468121,0.869098715242666,-3.0414133628324698,0.36539099893884536,-1.5395387871137496,0.12367281633555208,ex_largest_surprise,car_adj
XLE,200,ex_largest_surprise,m1_p1,car_adj,surprise_orth_bps,HC1,-0.046424072382149906,0.011821628786460314,-1.3112285869786828,0.9813141740773712,-3.234569025688999,0.6121118517316341,-1.3361965225983778,0.18148504738910154,ex_largest_surprise,car_adj
XLRE,60,ex_largest_surprise,m1_p1,car_adj,surprise_orth_bps,HC1,0.181515056435274,0.01681616004838793,-1.281846601843512,1.4444795331757714,-4.112974463273254,1.5492812595862302,-0.8874107056576277,0.3748578217773396,ex_largest_surprise,car_adj
XLK,200,ex_largest_surprise,m1_p1,car_adj,surprise_orth_bps,HC1,0.19494658438244644,0.003103737348849722,-0.4199458773441123,0.7193843789348177,-1.8299133510970698,0.990021596408845,-0.5837572925421599,0.5593836151985632,ex_largest_surprise,car_adj
XLI,200,ex_largest_surprise,m1_p1,car_adj,surprise_orth_bps,HC1,0.030038940769009134,0.0026489809551928367,-0.23924434610642928,0.4040894523788778,-1.031245119301543,0.5527564270886843,-0.5920578839610783,0.5538118279654158,ex_largest_surprise,car_adj
XLB,200,ex_largest_surprise,m1_p1,car_adj,surprise_orth_bps,HC1,-0.01802681877582521,0.0006175817316861343,-0.2202007181292035,0.7655709711496343,-1.7206922491918397,1.2802908129334327,-0.287629398746056,0.7736304384818873,ex_largest_surprise,car_adj
QQQ,199,ex_largest_surprise,m1_p1,car_adj,surprise_orth_bps,HC1,0.19357080228746987,0.00031019613183969064,-0.13197542655399866,0.578358426871453,-1.2655371133772892,1.0015862602692918,-0.22818968380542287,0.8194987810278944,ex_largest_surprise,car_adj
SPY,201,ex_largest_surprise,m1_p1,car_adj,surprise_orth_bps,HC1,0.0,,0.0,0.0,0.0,0.0,,,ex_largest_surprise,car_adj
XLU,200,ex_largest_surprise,m1_p1,car_adj,surprise_orth_bps,HC1,-0.2182560285162803,0.0076730439924922456,0.7237603989709672,0.7215966566299541,-0.6905430593882588,2.1380638573301933,1.0029985481794197,0.31586156173793856,ex_largest_surprise,car_adj
XLV,200,ex_largest_surprise,m1_p1,car_adj,surprise_orth_bps,HC1,0.022301657618594803,0.01577466417090445,0.8948799739948239,0.626072219848447,-0.3321990286291751,2.121958976618823,1.4293558244948914,0.15290198847448933,ex_largest_surprise,car_adj
XLP,200,ex_largest_surprise,m1_p1,car_adj,surprise_orth_bps,HC1,-0.21627431170399905,0.03861924058592636,1.5170393055479539,0.7830752057195295,-0.01775989484861778,3.0518385059445254,1.937284304837644,0.05271059975085097,ex_largest_surprise,car_adj
TLT,171,ex_largest_surprise,m1_p1,car_adj,surprise_orth_bps,HC1,0.13413345360307616,0.01216454988806348,1.8950815296139838,1.760727182289036,-1.5558803342732173,5.346043393501184,1.0763061697896208,0.28179035024024657,ex_largest_surprise,car_adj
IEF,171,ex_largest_surprise,m1_p1,car_adj,surprise_orth_bps,HC1,-0.0029164583378642906,0.023015817854120213,2.1383551787661657,1.527941655021291,-0.8563554355540882,5.133065793086419,1.399500544892448,0.16166293505887142,ex_largest_surprise,car_adj
GLD,152,ex_largest_surprise,m1_p1,car_adj,surprise_orth_bps,HC1,-0.007709374256034657,0.022280629271514085,3.1892991236112014,3.203159250310376,-3.0887776437434553,9.467375890965858,0.9956729823227393,0.3194090614912243,ex_largest_surprise,car_adj
GLD,164,ex_largest_surprise,d0_p1,car_raw,surprise_bps,HC1,0.1836615128315886,0.025446725934639036,-1.7456693270436825,0.8939704945450424,-3.4978192995934263,0.006480645506061478,-1.9527147010954593,0.05085341072129748,ex_largest_surprise,auto
SPY,213,ex_largest_surprise,d0_p1,car_raw,surprise_bps,HC1,0.12026427299375878,0.024915895910762598,-1.4399712253090362,0.8530234676211331,-3.1118664998139263,0.23192404919585366,-1.6880792615527356,0.09139601483658084,ex_largest_surprise,auto
TLT,183,ex_largest_surprise,d0_p1,car_raw,surprise_bps,HC1,0.2478779312588609,0.026160835510220082,-1.3141444542826946,0.7237930752790396,-2.7327528140891,0.10446390552371118,-1.8156355720536015,0.06942629315398582,ex_largest_surprise,auto
XLB,212,ex_largest_surprise,d0_p1,car_adj,surprise_bps,HC1,-0.018552021349860382,0.02960220380195666,-1.1638578754934636,0.4223216043524652,-1.9915930099174695,-0.3361227410694577,-2.7558568245116817,0.0058538614955018446,ex_largest_surprise,auto
IEF,183,ex_largest_surprise,d0_p1,car_raw,surprise_bps,HC1,0.14235371919900625,0.08022998049781827,-1.0721059748213513,0.3119664759144807,-1.6835490319976154,-0.46066291764508677,-3.436606358675691,0.0005890510265268884,ex_largest_surprise,auto
XLY,212,ex_largest_surprise,d0_p1,car_adj,surprise_bps,HC1,0.13180590688446903,0.035808681079461224,-0.9717963400543244,0.5552406511605839,-2.060048019081637,0.11645533897298774,-1.7502254887552648,0.08007941227336954,ex_largest_surprise,auto
QQQ,211,ex_largest_surprise,d0_p1,car_adj,surprise_bps,HC1,0.22718797506122584,0.007804387764464016,-0.604280742485115,0.6068115357556988,-1.793609497969724,0.585048012999494,-0.9958293586699335,0.31933306295845165,ex_largest_surprise,auto
XLK,212,ex_largest_surprise,d0_p1,car_adj,surprise_bps,HC1,0.18390108640749242,0.005092705663315766,-0.4706923765425414,0.7047112010571508,-1.851900950116522,0.9105161970314392,-0.6679223713720552,0.5041831462860714,ex_largest_surprise,auto
XLI,212,ex_largest_surprise,d0_p1,car_adj,surprise_bps,HC1,0.03687261834548841,0.011158350363632552,-0.40008193742132525,0.2702318659176049,-0.9297266620948877,0.12956278725223727,-1.4805135436666539,0.13873624903093548,ex_largest_surprise,auto
XLF,212,ex_largest_surprise,d0_p1,car_adj,surprise_bps,HC1,-0.08813074068992625,0.0032051237261596643,-0.3810152234168167,0.7326685910832089,-1.8170192745436102,1.054988827709977,-0.5200376105293489,0.6030373613745185,ex_largest_surprise,auto
XLU,212,ex_largest_surprise,d0_p1,car_adj,surprise_bps,HC1,-0.18218810648035494,1.5404507452521088e-05,-0.030383264925532526,0.8413430602711273,-1.6793853616996541,1.6186188318485888,-0.03611281338166783,0.9711924053917894,ex_largest_surprise,auto
XLV,212,ex_largest_surprise,d0_p1,car_adj,surprise_bps,HC1,0.008822276574010975,0.005077926582198078,0.3907510062430308,0.5276372691361666,-0.643399038164923,1.4249010506509847,0.7405674866044958,0.4589557279297929,ex_largest_surprise,auto
XLE,212,ex_largest_surprise,d0_p1,car_adj,surprise_bps,HC1,-0.13878624749743132,0.0015601793663186925,0.40437524803229286,0.9359375074579429,-1.4300285583654635,2.238779054430049,0.43205368393729404,0.6657023961106069,ex_largest_surprise,auto
XLP,212,ex_largest_surprise,d0_p1,car_adj,surprise_bps,HC1,-0.17404234931459428,0.006909959474746374,0.5827316310735198,0.9475207997665868,-1.2743750110715786,2.439838273218618,0.6150066903196959,0.5385503021224232,ex_largest_surprise,auto
XLRE,72,ex_largest_surprise,d0_p1,car_adj,surprise_bps,HC1,-0.18762944805616416,0.006325626706474963,0.6068581161493922,1.5811860452243913,-2.492209585347736,3.70592581764652,0.3837993119040404,0.701127198103793,ex_largest_surprise,auto
XLB,212,ex_largest_surprise,d0_p1,car_raw,surprise_bps,HC1,0.09015677146702633,0.058686691556761095,-2.6126491542781545,1.0226070528717495,-4.616922148243431,-0.6083761603128783,-2.554890607238771,0.010622117493329397,ex_largest_surprise,car_raw
XLY,212,ex_largest_surprise,d0_p1,car_raw,surprise_bps,HC1,0.24051469970135575,0.04780375906696388,-2.4205876188390163,1.2689487236766115,-4.9076814154732435,0.06650617779521105,-1.9075535312614391,0.05644894598770394,ex_largest_surprise,car_raw
QQQ,211,ex_largest_surprise,d0_p1,car_raw,surprise_bps,HC1,0.33844451678256093,0.02708546420891278,-2.050917058784615,1.1390792062345925,-4.283471278542889,0.18163716097365848,-1.8005043438236819,0.07178103831640857,ex_largest_surprise,car_raw
XLK,212,ex_largest_surprise,d0_p1,car_raw,surprise_bps,HC1,0.292609879224379,0.024835050426066818,-1.9194836553272339,1.2773001944625442,-4.422946033919828,0.58397872326536,-1.502766275029735,0.13289932546992414,ex_largest_surprise,car_raw
XLI,212,ex_largest_surprise,d0_p1,car_raw,surprise_bps,HC1,0.1455814111623752,0.03334643602325671,-1.8488732162060169,1.0001663125424727,-3.809163167339495,0.1114167349274612,-1.8485657765317938,0.06452053826980898,ex_largest_surprise,car_raw
XLF,212,ex_largest_surprise,d0_p1,car_raw,surprise_bps,HC1,0.020578052126960417,0.020358512340195256,-1.8298065022015075,1.3949869284307859,-4.563930640830002,0.9043176364269868,-1.3117015399275807,0.18962085699018338,ex_largest_surprise,car_raw
GLD,164,ex_largest_surprise,d0_p1,car_raw,surprise_bps,HC1,0.1836615128315886,0.025446725934639036,-1.7456693270436825,0.8939704945450424,-3.4978192995934263,0.006480645506061478,-1.9527147010954593,0.05085341072129748,ex_largest_surprise,car_raw
XLU,212,ex_largest_surprise,d0_p1,car_raw,surprise_bps,HC1,-0.07347931366346816,0.023153848551831002,-1.479174543710223,0.6147576690592853,-2.684077434286216,-0.27427165313423046,-2.4061099489392075,0.01612341133850307,ex_largest_surprise,car_raw
SPY,213,ex_largest_surprise,d0_p1,car_raw,surprise_bps,HC1,0.12026427299375878,0.024915895910762598,-1.4399712253090362,0.8530234676211331,-3.1118664998139263,0.23192404919585366,-1.6880792615527356,0.09139601483658084,ex_largest_surprise,car_raw
TLT,183,ex_largest_surprise,d0_p1,car_raw,surprise_bps,HC1,0.2478779312588609,0.026160835510220082,-1.3141444542826946,0.7237930752790396,-2.7327528140891,0.10446390552371118,-1.8156355720536015,0.06942629315398582,ex_largest_surprise,car_raw
IEF,183,ex_largest_surprise,d0_p1,car_raw,surprise_bps,HC1,0.14235371919900625,0.08022998049781827,-1.0721059748213513,0.3119664759144807,-1.6835490319976154,-0.46066291764508677,-3.436606358675691,0.0005890510265268884,ex_largest_surprise,car_raw
XLV,212,ex_largest_surprise,d0_p1,car_raw,surprise_bps,HC1,0.11753106939089777,0.014224635846796674,-1.0580402725416613,0.8281899386889061,-2.681262724730353,0.5651821796470302,-1.2775333569212728,0.20141401165247386,ex_largest_surprise,car_raw
XLE,212,ex_largest_surprise,d0_p1,car_raw,surprise_bps,HC1,-0.03007745468054443,0.005930056284471852,-1.0444160307523989,1.444519060876465,-3.875621365051892,1.786789303547094,-0.7230199026371429,0.4696676566819249,ex_largest_surprise,car_raw
XLP,212,ex_largest_surprise,d0_p1,car_raw,surprise_bps,HC1,-0.0653335564977074,0.01137506370550112,-0.8660596477111717,0.6442400300432801,-2.1287469039950033,0.3966276085726597,-1.3443120689861352,0.17884749444250692,ex_largest_surprise,car_raw
XLRE,72,ex_largest_surprise,d0_p1,car_raw,surprise_bps,HC1,-0.41379730709431023,0.012420106183265833,1.5169506067838692,3.1819703550515657,-4.719596688991328,7.753497902559067,0.4767331048121239,0.6335521862007838,ex_largest_surprise,car_raw
XLB,212,ex_largest_surprise,d0_p1,car_adj,surprise_bps,HC1,-0.018552021349860382,0.02960220380195666,-1.1638578754934636,0.4223216043524652,-1.9915930099174695,-0.3361227410694577,-2.7558568245116817,0.0058538614955018446,ex_largest_surprise,car_adj
XLY,212,ex_largest_surprise,d0_p1,car_adj,surprise_bps,HC1,0.13180590688446903,0.035808681079461224,-0.9717963400543244,0.5552406511605839,-2.060048019081637,0.11645533897298774,-1.7502254887552648,0.08007941227336954,ex_largest_surprise,car_adj
QQQ,211,ex_largest_surprise,d0_p1,car_adj,surprise_bps,HC1,0.22718797506122584,0.007804387764464016,-0.604280742485115,0.6068115357556988,-1.793609497969724,0.585048012999494,-0.9958293586699335,0.31933306295845165,ex_largest_surprise,car_adj
XLK,212,ex_largest_surprise,d0_p1,car_adj,surprise_bps,HC1,0.18390108640749242,0.005092705663315766,-0.4706923765425414,0.7047112010571508,-1.851900950116522,0.9105161970314392,-0.6679223713720552,0.5041831462860714,ex_largest_surprise,car_adj
XLI,212,ex_largest_surprise,d0_p1,car_adj,surprise_bps,HC1,0.03687261834548841,0.011158350363632552,-0.40008193742132525,0.2702318659176049,-0.9297266620948877,0.12956278725223727,-1.4805135436666539,0.13873624903093548,ex_largest_surprise,car_adj
XLF,212,ex_largest_surprise,d0_p1,car_adj,surprise_bps,HC1,-0.08813074068992625,0.0032051237261596643,-0.3810152234168167,0.7326685910832089,-1.8170192745436102,1.054988827709977,-0.5200376105293489,0.6030373613745185,ex_largest_surprise,car_adj
GLD,164,ex_largest_surprise,d0_p1,car_adj,surprise_bps,HC1,0.1782770488848252,0.0003998354294185713,-0.26607322074131534,1.3141290525393396,-2.8417188347561657,2.3095723932735353,-0.20247115017141756,0.839548410155824,ex_largest_surprise,car_adj
XLU,212,ex_largest_surprise,d0_p1,car_adj,surprise_bps,HC1,-0.18218810648035494,1.5404507452521088e-05,-0.030383264925532526,0.8413430602711273,-1.6793853616996541,1.6186188318485888,-0.03611281338166783,0.9711924053917894,ex_largest_surprise,car_adj
SPY,213,ex_largest_surprise,d0_p1,car_adj,surprise_bps,HC1,0.0,,0.0,0.0,0.0,0.0,,,ex_largest_surprise,car_adj
TLT,183,ex_largest_surprise,d0_p1,car_adj,surprise_bps,HC1,0.20488661863122334,0.00012852917039141154,0.1518726710329609,1.1105779658190211,-2.0248201439960756,2.3285654860619975,0.1367510212765287,0.8912275991759367,ex_largest_surprise,car_adj
XLV,212,ex_largest_surprise,d0_p1,car_adj,surprise_bps,HC1,0.008822276574010975,0.005077926582198078,0.3907510062430308,0.5276372691361666,-0.643399038164923,1.4249010506509847,0.7405674866044958,0.4589557279297929,ex_largest_surprise,car_adj
IEF,183,ex_largest_surprise,d0_p1,car_adj,surprise_bps,HC1,0.09936240657136877,0.001494876141149848,0.3939111504943033,1.000389644940816,-1.5668165240965086,2.3546388250851154,0.393757724788932,0.6937599187863224,ex_largest_surprise,car_adj
XLE,212,ex_largest_surprise,d0_p1,car_adj,surprise_bps,HC1,-0.13878624749743132,0.0015601793663186925,0.40437524803229286,0.9359375074579429,-1.4300285583654635,2.238779054430049,0.43205368393729404,0.6657023961106069,ex_largest_surprise,car_adj
XLP,212,ex_largest_surprise,d0_p1,car_adj,surprise_bps,HC1,-0.17404234931459428,0.006909959474746374,0.5827316310735198,0.9475207997665868,-1.2743750110715786,2.439838273218618,0.6150066903196959,0.5385503021224232,ex_largest_surprise,car_adj
XLRE,72,ex_largest_surprise,d0_p1,car_adj,surprise_bps,HC1,-0.18762944805616416,0.006325626706474963,0.6068581161493922,1.5811860452243913,-2.492209585347736,3.70592581764652,0.3837993119040404,0.701127198103793,ex_largest_surprise,car_adj
SPY,201,ex_largest_surprise,d0_p1,car_raw,surprise_orth_bps,HC1,0.23114210129981863,0.06783712090228922,-2.438561540944954,0.8187932417280608,-4.043366805516752,-0.8337562763731567,-2.978238481546791,0.002899103147030194,ex_largest_surprise,auto
TLT,171,ex_largest_surprise,d0_p1,car_raw,surprise_orth_bps,HC1,0.21528242482833454,0.01751650749701994,-1.0941255124650358,0.7130354985953549,-2.4916494094104915,0.30339838448041995,-1.5344614884117407,0.12491616063832112,ex_largest_surprise,auto
IEF,171,ex_largest_surprise,d0_p1,car_raw,surprise_orth_bps,HC1,0.13894132914043628,0.06635261093265432,-1.0713491962230062,0.366291357306095,-1.7892670643912447,-0.3534313280547675,-2.9248552412000333,0.0034461649110011077,ex_largest_surprise,auto
XLY,200,ex_largest_surprise,d0_p1,car_adj,surprise_orth_bps,HC1,0.14630835494777628,0.03524532814303738,-1.025278427861095,0.45185249696536295,-1.9108930482377002,-0.13966380748448945,-2.2690555762043036,0.023264946394667432,ex_largest_surprise,auto
GLD,152,ex_largest_surprise,d0_p1,car_raw,surprise_orth_bps,HC1,0.11356246071891914,0.00336293232918472,-0.7099993840853706,1.5469087536737383,-3.7418848286556403,2.321886060484899,-0.4589794856349478,0.646248897727792,ex_largest_surprise,auto
XLK,200,ex_largest_surprise,d0_p1,car_adj,surprise_orth_bps,HC1,0.18047151549932908,0.00900067599052512,-0.7045263793995415,0.8371641390676343,-2.3453379411205857,0.9362851823215027,-0.8415630179574893,0.400032597109515,ex_largest_surprise,auto
XLRE,60,ex_largest_surprise,d0_p1,car_adj,surprise_orth_bps,HC1,0.10199812266565467,0.007354486022678186,-0.6851184694101344,1.1431437183383029,-2.925638986506408,1.555402047686139,-0.5993283770181029,0.5489539282675316,ex_largest_surprise,auto
XLF,200,ex_largest_surprise,d0_p1,car_adj,surprise_orth_bps,HC1,-0.023438930130591,0.007237839789517753,-0.6140586143982805,0.673276114056254,-1.9336555495996202,0.7055383208030589,-0.912045744054087,0.3617446376564659,ex_largest_surprise,auto
QQQ,199,ex_largest_surprise,d0_p1,car_adj,surprise_orth_bps,HC1,0.21097389531879493,0.0032843270107374423,-0.445924953105753,0.7769902066222493,-1.9687977744256964,1.0769478682141904,-0.5739132222068651,0.5660265251445769,ex_largest_surprise,auto
XLI,200,ex_largest_surprise,d0_p1,car_adj,surprise_orth_bps,HC1,0.0565230500915985,0.0036490102095453336,-0.24194871040100094,0.31098182482911496,-0.8514618869126103,0.36756446611060833,-0.7780155979660618,0.43655981783497577,ex_largest_surprise,auto
XLB,200,ex_largest_surprise,d0_p1,car_adj,surprise_orth_bps,HC1,-0.03620611654803471,0.0009294584343196854,-0.2287903755511301,0.6607644850067655,-1.523864968427547,1.0662842173252869,-0.3462510179383923,0.7291540764015638,ex_largest_surprise,auto
XLE,200,ex_largest_surprise,d0_p1,car_adj,surprise_orth_bps,HC1,-0.13944076712185807,6.184547325149836e-05,-0.07721360374147884,0.9477229350813201,-1.9347164238234582,1.7802892163405002,-0.08147276053296469,0.9350659867929476,ex_largest_surprise,auto
XLU,200,ex_largest_surprise,d0_p1,car_adj,surprise_orth_bps,HC1,-0.14429827596564557,0.003478862965682894,0.43899391145839045,0.6938070915558261,-0.9208430002095123,1.7988308231262935,0.6327319463886851,0.5269087042467394,ex_largest_surprise,auto
XLV,200,ex_largest_surprise,d0_p1,car_adj,surprise_orth_bps,HC1,0.00671362261753237,0.012300495214873308,0.6628666593449781,0.5581578770322254,-0.43110267732552005,1.756835996015476,1.18759706997149,0.23499219276038807,ex_largest_surprise,auto
XLP,200,ex_largest_surprise,d0_p1,car_adj,surprise_orth_bps,HC1,-0.2131658648821148,0.03281948327420092,1.2653301990737498,0.7582377553600829,-0.22078849315050503,2.7514488912980046,1.6687776230199083,0.09516145900099426,ex_largest_surprise,auto
XLY,200,ex_largest_surprise,d0_p1,car_raw,surprise_orth_bps,HC1,0.3657589427057109,0.09309338576547199,-3.463401916053072,0.9833642448306467,-5.3907604196055665,-1.5360434125005762,-3.521992928113359,0.0004283155690293278,ex_largest_surprise,car_raw
XLK,200,ex_largest_surprise,d0_p1,car_raw,surprise_orth_bps,HC1,0.39992210325726363,0.05999688770946887,-3.1426498675915204,1.149633961548723,-5.395891027631122,-0.8894087075519179,-2.7336091075092432,0.00626443646112493,ex_largest_surprise,car_raw
XLF,200,ex_largest_surprise,d0_p1,car_raw,surprise_orth_bps,HC1,0.1960116576273438,0.053634909191417446,-3.052182102590258,1.2908338631632499,-5.582169984414932,-0.5221942207655834,-2.364504209016286,0.018054222198634836,ex_largest_surprise,car_raw
QQQ,199,ex_largest_surprise,d0_p1,car_raw,surprise_orth_bps,HC1,0.43453854237801004,0.044960485756854296,-2.889522463222596,1.140888772685709,-5.1256233680526915,-0.6534215583925019,-2.5326942752013557,0.011318962690873995,ex_largest_surprise,car_raw
XLI,200,ex_largest_surprise,d0_p1,car_raw,surprise_orth_bps,HC1,0.2759736378495333,0.07070338786173991,-2.68007219859298,0.8086192955681033,-4.264936895110612,-1.0952075020753484,-3.314380714486994,0.0009184635889365231,ex_largest_surprise,car_raw
XLB,200,ex_largest_surprise,d0_p1,car_raw,surprise_orth_bps,HC1,0.18324447120990006,0.055627646649425766,-2.666913863743109,0.9361286778387955,-4.501692357202247,-0.832135370283971,-2.8488752955417533,0.004387407372990073,ex_largest_surprise,car_raw
XLE,200,ex_largest_surprise,d0_p1,car_raw,surprise_orth_bps,HC1,0.08000982063607665,0.03714768288372061,-2.5153370919334574,1.1846761132838242,-4.837259607314646,-0.1934145765522692,-2.1232276600573563,0.03373477919510965,ex_largest_surprise,car_raw
SPY,201,ex_largest_surprise,d0_p1,car_raw,surprise_orth_bps,HC1,0.23114210129981863,0.06783712090228922,-2.438561540944954,0.8187932417280608,-4.043366805516752,-0.8337562763731567,-2.978238481546791,0.002899103147030194,ex_largest_surprise,car_raw
XLRE,60,ex_largest_surprise,d0_p1,car_raw,surprise_orth_bps,HC1,0.09978980625204872,0.032323773377604725,-2.074333882326884,1.9049337053221804,-5.807935337694794,1.659267573041026,-1.0889270721240418,0.276186046821867,ex_largest_surprise,car_raw
XLU,200,ex_largest_surprise,d0_p1,car_raw,surprise_orth_bps,HC1,0.07515231179228922,0.051278353585882064,-1.9991295767335882,0.844061951916384,-3.65346060321028,-0.34479855025689665,-2.3684630875668584,0.017862162684687263,ex_largest_surprise,car_raw
XLV,200,ex_largest_surprise,d0_p1,car_raw,surprise_orth_bps,HC1,0.22616421037546725,0.035270416670595606,-1.7752568288470005,0.9176439378540444,-3.5738058976724387,0.02329223997843792,-1.9345813290049365,0.05304169303250378,ex_largest_surprise,car_raw
XLP,200,ex_largest_surprise,d0_p1,car_raw,surprise_orth_bps,HC1,0.006284722875819965,0.02007218061626692,-1.1727932891182284,0.8657119634577668,-2.8695575584809068,0.5239709802444499,-1.3547153540929926,0.17550826406818099,ex_largest_surprise,car_raw
TLT,171,ex_largest_surprise,d0_p1,car_raw,surprise_orth_bps,HC1,0.21528242482833454,0.01751650749701994,-1.0941255124650358,0.7130354985953549,-2.4916494094104915,0.30339838448041995,-1.5344614884117407,0.12491616063832112,ex_largest_surprise,car_raw
IEF,171,ex_largest_surprise,d0_p1,car_raw,surprise_orth_bps,HC1,0.13894132914043628,0.06635261093265432,-1.0713491962230062,0.366291357306095,-1.7892670643912447,-0.3534313280547675,-2.9248552412000333,0.0034461649110011077,ex_largest_surprise,car_raw
GLD,152,ex_largest_surprise,d0_p1,car_raw,surprise_orth_bps,HC1,0.11356246071891914,0.00336293232918472,-0.7099993840853706,1.5469087536737383,-3.7418848286556403,2.321886060484899,-0.4589794856349478,0.646248897727792,ex_largest_surprise,car_raw
XLY,200,ex_largest_surprise,d0_p1,car_adj,surprise_orth_bps,HC1,0.14630835494777628,0.03524532814303738,-1.025278427861095,0.45185249696536295,-1.9108930482377002,-0.13966380748448945,-2.2690555762043036,0.023264946394667432,ex_largest_surprise,car_adj
XLK,200,ex_largest_surprise,d0_p1,car_adj,surprise_orth_bps,HC1,0.18047151549932908,0.00900067599052512,-0.7045263793995415,0.8371641390676343,-2.3453379411205857,0.9362851823215027,-0.8415630179574893,0.400032597109515,ex_largest_surprise,car_adj
XLRE,60,ex_largest_surprise,d0_p1,car_adj,surprise_orth_bps,HC1,0.10199812266565467,0.007354486022678186,-0.6851184694101344,1.1431437183383029,-2.925638986506408,1.555402047686139,-0.5993283770181029,0.5489539282675316,ex_largest_surprise,car_adj
XLF,200,ex_largest_surprise,d0_p1,car_adj,surprise_orth_bps,HC1,-0.023438930130591,0.007237839789517753,-0.6140586143982805,0.673276114056254,-1.9336555495996202,0.7055383208030589,-0.912045744054087,0.3617446376564659,ex_largest_surprise,car_adj
QQQ,199,ex_largest_surprise,d0_p1,car_adj,surprise_orth_bps,HC1,0.21097389531879493,0.0032843270107374423,-0.445924953105753,0.7769902066222493,-1.9687977744256964,1.0769478682141904,-0.5739132222068651,0.5660265251445769,ex_largest_surprise,car_adj
XLI,200,ex_largest_surprise,d0_p1,car_adj,surprise_orth_bps,HC1,0.0565230500915985,0.0036490102095453336,-0.24194871040100094,0.31098182482911496,-0.8514618869126103,0.36756446611060833,-0.7780155979660618,0.43655981783497577,ex_largest_surprise,car_adj
XLB,200,ex_largest_surprise,d0_p1,car_adj,surprise_orth_bps,HC1,-0.03620611654803471,0.0009294584343196854,-0.2287903755511301,0.6607644850067655,-1.523864968427547,1.0662842173252869,-0.3462510179383923,0.7291540764015638,ex_largest_surprise,car_adj
XLE,200,ex_largest_surprise,d0_p1,car_adj,surprise_orth_bps,HC1,-0.13944076712185807,6.184547325149836e-05,-0.07721360374147884,0.9477229350813201,-1.9347164238234582,1.7802892163405002,-0.08147276053296469,0.9350659867929476,ex_largest_surprise,car_adj
SPY,201,ex_largest_surprise,d0_p1,car_adj,surprise_orth_bps,HC1,0.0,,0.0,0.0,0.0,0.0,,,ex_largest_surprise,car_adj
XLU,200,ex_largest_surprise,d0_p1,car_adj,surprise_orth_bps,HC1,-0.14429827596564557,0.003478862965682894,0.43899391145839045,0.6938070915558261,-0.9208430002095123,1.7988308231262935,0.6327319463886851,0.5269087042467394,ex_largest_surprise,car_adj
XLV,200,ex_largest_surprise,d0_p1,car_adj,surprise_orth_bps,HC1,0.00671362261753237,0.012300495214873308,0.6628666593449781,0.5581578770322254,-0.43110267732552005,1.756835996015476,1.18759706997149,0.23499219276038807,ex_largest_surprise,car_adj
XLP,200,ex_largest_surprise,d0_p1,car_adj,surprise_orth_bps,HC1,-0.2131658648821148,0.03281948327420092,1.2653301990737498,0.7582377553600829,-0.22078849315050503,2.7514488912980046,1.6687776230199083,0.09516145900099426,ex_largest_surprise,car_adj
TLT,171,ex_largest_surprise,d0_p1,car_adj,surprise_orth_bps,HC1,0.05181543332827618,0.013729642622378968,1.5354984310810285,1.1556722528791783,-0.729577562494427,3.800574424656484,1.3286625401410928,0.18395932884713317,ex_largest_surprise,car_adj
IEF,171,ex_largest_surprise,d0_p1,car_adj,surprise_orth_bps,HC1,-0.024525662359622197,0.024289880194768965,1.5582747473230576,0.958050652926355,-0.3194700277776815,3.4360195224237966,1.6265055950469056,0.10384214409584393,ex_largest_surprise,car_adj
GLD,152,ex_largest_surprise,d0_p1,car_adj,surprise_orth_bps,HC1,-0.03867052665624646,0.02541155304691467,2.3881812715839765,2.0271719215458748,-1.5850026851167944,6.361365228284748,1.1780852162567466,0.23876263517995744,ex_largest_surprise,car_adj
TLT,183,ex_largest_surprise,d0_p5,car_raw,surprise_bps,HC1,0.32394917192418077,0.10377983613914332,-3.7315529158542553,0.9582563151194881,-5.6097007814465165,-1.853405050261994,-3.894107304045219,9.856101664696642e-05,ex_largest_surprise,auto
GLD,164,ex_largest_surprise,d0_p5,car_raw,surprise_bps,HC1,0.09710301874960361,0.02775024385054925,-2.608154005501375,1.2995092300174362,-5.155145293912927,-0.06116271708982331,-2.007029996598316,0.044746469097711454,ex_largest_surprise,auto
QQQ,211,ex_largest_surprise,d0_p5,car_adj,surprise_bps,HC1,0.218139640808069,0.04028853997513959,-2.107115172970915,0.9119669273010894,-3.894537505572708,-0.3196928403691221,-2.310517092112972,0.020859543376008004,ex_largest_surprise,auto
IEF,183,ex_largest_surprise,d0_p5,car_raw,surprise_bps,HC1,0.190962609920788,0.13014140050762857,-1.8835636864112957,0.3761615948776219,-2.6208268647385813,-1.1463005080840103,-5.007325872871426,5.519144195854621e-07,ex_largest_surprise,auto
XLK,212,ex_largest_surprise,d0_p5,car_adj,surprise_bps,HC1,0.2473008788355508,0.03541512558733706,-1.7743571213771463,0.7877073202856488,-3.318235099495575,-0.23047914325871732,-2.252558882826816,0.02428697610225392,ex_largest_surprise,auto
XLY,212,ex_largest_surprise,d0_p5,car_adj,surprise_bps,HC1,0.007520055243635984,0.007269575423514585,-0.6086808452336988,0.5839259110794415,-1.753154600589142,0.5357929101217447,-1.042393964173461,0.2972290637215632,ex_largest_surprise,auto
SPY,213,ex_largest_surprise,d0_p5,car_raw,surprise_bps,HC1,0.1891247515859434,0.00028831621171543365,-0.23181189912971548,1.7516278858258885,-3.6649394696644944,3.2013156714050632,-0.13234083620472661,0.8947147087930034,ex_largest_surprise,auto
XLB,212,ex_largest_surprise,d0_p5,car_adj,surprise_bps,HC1,-0.06942725935221386,0.00012009007157331997,-0.110559214325845,0.7249352902848074,-1.531406274406157,1.310287845754467,-0.15250908019998485,0.8787854292479924,ex_largest_surprise,auto
XLV,212,ex_largest_surprise,d0_p5,car_adj,surprise_bps,HC1,-0.07984855189593822,4.055628024524083e-07,0.005264001573375941,0.8593845732302665,-1.679098810827271,1.6896268139740231,0.006125315414482645,0.9951127359620304,ex_largest_surprise,auto
XLI,212,ex_largest_surprise,d0_p5,car_adj,surprise_bps,HC1,0.015980724451901036,0.0005609511869890671,0.15464164229715413,0.6930642693207061,-1.2037393645429981,1.5130226491373064,0.22312741998476307,0.823436338190646,ex_largest_surprise,auto
XLU,212,ex_largest_surprise,d0_p5,car_adj,surprise_bps,HC1,-0.26473652600004527,0.0009560842966052086,0.349761420970806,0.8630038655711683,-1.3416950740675302,2.0412179160091424,0.40528372458600836,0.6852689684822764,ex_largest_surprise,auto
XLP,212,ex_largest_surprise,d0_p5,car_adj,surprise_bps,HC1,-0.16758016968416858,0.004668273021629421,0.6897586806420374,0.9190632958374148,-1.1115722787119764,2.491089639996051,0.7505018248101792,0.45295252516598494,ex_largest_surprise,auto
XLRE,72,ex_largest_surprise,d0_p5,car_adj,surprise_bps,HC1,-0.6135443263934535,0.009054674902402193,1.2598399129017837,3.674571958292957,-5.94218878395323,8.461868609756797,0.3428535152396497,0.7317086638764829,ex_largest_surprise,auto
XLF,212,ex_largest_surprise,d0_p5,car_adj,surprise_bps,HC1,-0.166042842186055,0.01807604171242383,1.4226381346938077,0.9625845841744113,-0.4639929823615026,3.309269251749118,1.4779357139964742,0.13942498592784805,ex_largest_surprise,auto
XLE,212,ex_largest_surprise,d0_p5,car_adj,surprise_bps,HC1,-0.1043366186913686,0.013513283502548878,2.0096842922832003,1.7357946064598162,-1.3924106209369167,5.411779205503317,1.1577892250638955,0.24695006155527133,ex_largest_surprise,auto
TLT,183,ex_largest_surprise,d0_p5,car_raw,surprise_bps,HC1,0.32394917192418077,0.10377983613914332,-3.7315529158542553,0.9582563151194881,-5.6097007814465165,-1.853405050261994,-3.894107304045219,9.856101664696642e-05,ex_largest_surprise,car_raw
GLD,164,ex_largest_surprise,d0_p5,car_raw,surprise_bps,HC1,0.09710301874960361,0.02775024385054925,-2.608154005501375,1.2995092300174362,-5.155145293912927,-0.06116271708982331,-2.007029996598316,0.044746469097711454,ex_largest_surprise,car_raw
QQQ,211,ex_largest_surprise,d0_p5,car_raw,surprise_bps,HC1,0.4112045439531988,0.01543460611818559,-2.334657218493758,1.8700685467607072,-5.999924218765902,1.3306097817783857,-1.2484340333608634,0.21187215209070476,ex_largest_surprise,car_raw
XLK,212,ex_largest_surprise,d0_p5,car_raw,surprise_bps,HC1,0.42507321564543865,0.012200309678303434,-2.014834078459452,2.113725981434665,-6.157660875257974,2.1279927183390708,-0.9532144167012171,0.34048144334411967,ex_largest_surprise,car_raw
IEF,183,ex_largest_surprise,d0_p5,car_raw,surprise_bps,HC1,0.190962609920788,0.13014140050762857,-1.8835636864112957,0.3761615948776219,-2.6208268647385813,-1.1463005080840103,-5.007325872871426,5.519144195854621e-07,ex_largest_surprise,car_raw
XLY,212,ex_largest_surprise,d0_p5,car_raw,surprise_bps,HC1,0.1852923920535235,0.002627913789456593,-0.8491578023160067,1.7043478338439926,-4.189618173779089,2.491302569147075,-0.4982303409280094,0.6183216994429731,ex_largest_surprise,car_raw
XLB,212,ex_largest_surprise,d0_p5,car_raw,surprise_bps,HC1,0.1083450774576738,0.0004187103009735127,-0.3510361714081526,1.9602237619549587,-4.193004146479487,3.4909318036631825,-0.17907964295773013,0.8578751661784741,ex_largest_surprise,car_raw
XLV,212,ex_largest_surprise,d0_p5,car_raw,surprise_bps,HC1,0.09792378491394944,0.0003446639179354172,-0.23521295550893215,1.7792408007624605,-3.722460844827561,3.2520349338096963,-0.1321984946658912,0.8948272917546944,ex_largest_surprise,car_raw
SPY,213,ex_largest_surprise,d0_p5,car_raw,surprise_bps,HC1,0.1891247515859434,0.00028831621171543365,-0.23181189912971548,1.7516278858258885,-3.6649394696644944,3.2013156714050632,-0.13234083620472661,0.8947147087930034,ex_largest_surprise,car_raw
XLI,212,ex_largest_surprise,d0_p5,car_raw,surprise_bps,HC1,0.19375306126178873,2.78788904424232e-05,-0.0858353147851528,2.2581825961940853,-4.511791873840716,4.34012124427041,-0.038010794578710615,0.9696790754198089,ex_largest_surprise,car_raw
XLU,212,ex_largest_surprise,d0_p5,car_raw,surprise_bps,HC1,-0.08696418919015754,5.4354425460201305e-05,0.10928446388849805,2.065586999323792,-3.9391916617202947,4.1577605894972915,0.052907219073451923,0.9578058324655484,ex_largest_surprise,car_raw
XLP,212,ex_largest_surprise,d0_p5,car_raw,surprise_bps,HC1,0.010192167125719138,0.0019053357486592537,0.4492817235597293,1.3250087942945283,-2.1476877924563875,3.0462512395758456,0.3390782955511925,0.7345507485556426,ex_largest_surprise,car_raw
XLF,212,ex_largest_surprise,d0_p5,car_raw,surprise_bps,HC1,0.011729494623832631,0.0037613519271038065,1.1821611776115004,2.4472915297969045,-3.614442080460366,5.978764435683366,0.4830487758479699,0.6290611038912842,ex_largest_surprise,car_raw
XLE,212,ex_largest_surprise,d0_p5,car_raw,surprise_bps,HC1,0.07343571811851918,0.00551610732805885,1.7692073352008932,3.030247654949342,-4.169968932736774,7.708383603138561,0.5838490897967447,0.5593218476603512,ex_largest_surprise,car_raw
XLRE,72,ex_largest_surprise,d0_p5,car_raw,surprise_bps,HC1,-0.7414818620279462,0.06766614052655173,6.38160352161831,7.547100986198258,-8.410442599017,21.17364964225362,0.845570177646841,0.39779256805758445,ex_largest_surprise,car_raw
TLT,183,ex_largest_surprise,d0_p5,car_adj,surprise_bps,HC1,0.12585628871562918,0.06640773820299672,-4.826623043816938,2.6284171855262812,-9.978226063794583,0.3249799761607067,-1.8363230427785062,0.06630989376878905,ex_largest_surprise,car_adj
GLD,164,ex_largest_surprise,d0_p5,car_adj,surprise_bps,HC1,-0.06330134077349064,0.04394805235458643,-4.230802114753806,2.698174864031217,-9.519127672246249,1.0575234427386373,-1.568023693035507,0.11687560305953121,ex_largest_surprise,car_adj
IEF,183,ex_largest_surprise,d0_p5,car_adj,surprise_bps,HC1,-0.007130273287763694,0.0383578106600605,-2.978633814373981,2.184576775439656,-7.260325615698352,1.3030579869503895,-1.3634832375138282,0.1727302637826802,ex_largest_surprise,car_adj
QQQ,211,ex_largest_surprise,d0_p5,car_adj,surprise_bps,HC1,0.218139640808069,0.04028853997513959,-2.107115172970915,0.9119669273010894,-3.894537505572708,-0.3196928403691221,-2.310517092112972,0.020859543376008004,ex_largest_surprise,car_adj
XLK,212,ex_largest_surprise,d0_p5,car_adj,surprise_bps,HC1,0.2473008788355508,0.03541512558733706,-1.7743571213771463,0.7877073202856488,-3.318235099495575,-0.23047914325871732,-2.252558882826816,0.02428697610225392,ex_largest_surprise,car_adj
XLY,212,ex_largest_surprise,d0_p5,car_adj,surprise_bps,HC1,0.007520055243635984,0.007269575423514585,-0.6086808452336988,0.5839259110794415,-1.753154600589142,0.5357929101217447,-1.042393964173461,0.2972290637215632,ex_largest_surprise,car_adj
XLB,212,ex_largest_surprise,d0_p5,car_adj,surprise_bps,HC1,-0.06942725935221386,0.00012009007157331997,-0.110559214325845,0.7249352902848074,-1.531406274406157,1.310287845754467,-0.15250908019998485,0.8787854292479924,ex_largest_surprise,car_adj
SPY,213,ex_largest_surprise,d0_p5,car_adj,surprise_bps,HC1,0.0,,0.0,0.0,0.0,0.0,,,ex_largest_surprise,car_adj
XLV,212,ex_largest_surprise,d0_p5,car_adj,surprise_bps,HC1,-0.07984855189593822,4.055628024524083e-07,0.005264001573375941,0.8593845732302665,-1.679098810827271,1.6896268139740231,0.006125315414482645,0.9951127359620304,ex_largest_surprise,car_adj
XLI,212,ex_largest_surprise,d0_p5,car_adj,surprise_bps,HC1,0.015980724451901036,0.0005609511869890671,0.15464164229715413,0.6930642693207061,-1.2037393645429981,1.5130226491373064,0.22312741998476307,0.823436338190646,ex_largest_surprise,car_adj
XLU,212,ex_largest_surprise,d0_p5,car_adj,surprise_bps,HC1,-0.26473652600004527,0.0009560842966052086,0.349761420970806,0.8630038655711683,-1.3416950740675302,2.0412179160091424,0.40528372458600836,0.6852689684822764,ex_largest_surprise,car_adj
XLP,212,ex_largest_surprise,d0_p5,car_adj,surprise_bps,HC1,-0.16758016968416858,0.004668273021629421,0.6897586806420374,0.9190632958374148,-1.1115722787119764,2.491089639996051,0.7505018248101792,0.45295252516598494,ex_largest_surprise,car_adj
XLRE,72,ex_largest_surprise,d0_p5,car_adj,surprise_bps,HC1,-0.6135443263934535,0.009054674902402193,1.2598399129017837,3.674571958292957,-5.94218878395323,8.461868609756797,0.3428535152396497,0.7317086638764829,ex_largest_surprise,car_adj
XLF,212,ex_largest_surprise,d0_p5,car_adj,surprise_bps,HC1,-0.166042842186055,0.01807604171242383,1.4226381346938077,0.9625845841744113,-0.4639929823615026,3.309269251749118,1.4779357139964742,0.13942498592784805,ex_largest_surprise,car_adj
XLE,212,ex_largest_surprise,d0_p5,car_adj,surprise_bps,HC1,-0.1043366186913686,0.013513283502548878,2.0096842922832003,1.7357946064598162,-1.3924106209369167,5.411779205503317,1.1577892250638955,0.24695006155527133,ex_largest_surprise,car_adj
TLT,171,ex_largest_surprise,d0_p5,car_raw,surprise_orth_bps,HC1,0.23390750201471028,0.06573865961834635,-2.982567240989955,0.9543111767793143,-4.852982777521447,-1.1121517044584621,-3.1253613219283056,0.001775867814618392,ex_largest_surprise,auto
XLRE,60,ex_largest_surprise,d0_p5,car_adj,surprise_orth_bps,HC1,-0.23890961842347264,0.031228739030701225,-2.354856826951169,1.5939746645618813,-5.4789897617617696,0.7692761078594321,-1.4773489687795152,0.13958211787855718,ex_largest_surprise,auto
SPY,201,ex_largest_surprise,d0_p5,car_raw,surprise_orth_bps,HC1,0.26949512844263157,0.029202763369298168,-2.1699180204174766,1.0105986031748058,-4.150654885466581,-0.18918115536837138,-2.147161111840702,0.0317804574670634,ex_largest_surprise,auto
XLK,200,ex_largest_surprise,d0_p5,car_adj,surprise_orth_bps,HC1,0.22663665396703364,0.03960593695633452,-2.1136287161890257,0.9293582853732338,-3.935137484254462,-0.29211994812358977,-2.2742883443925876,0.02294865549653756,ex_largest_surprise,auto
QQQ,199,ex_largest_surprise,d0_p5,car_adj,surprise_orth_bps,HC1,0.20304095618948714,0.024683301812057246,-1.845214156601152,0.9268265340156728,-3.661760783187958,-0.028667530014345882,-1.9908948318585244,0.04649245051331319,ex_largest_surprise,auto
IEF,171,ex_largest_surprise,d0_p5,car_raw,surprise_orth_bps,HC1,0.17603250310057938,0.10504814324652023,-1.8281230042975063,0.47864080198059267,-2.7662417377108355,-0.890004270884177,-3.819404857949471,0.00013377404437116158,ex_largest_surprise,auto
GLD,152,ex_largest_surprise,d0_p5,car_raw,surprise_orth_bps,HC1,-0.011967039580355054,0.010451114148486207,-1.790806260812048,2.1939972764894686,-6.090961904910373,2.509349383286277,-0.8162299379320329,0.4143686371086909,ex_largest_surprise,auto
XLY,200,ex_largest_surprise,d0_p5,car_adj,surprise_orth_bps,HC1,-0.030144222137550497,0.0006265225793489204,-0.19534920832579775,0.6962158575057658,-1.559907214502769,1.1692087978511734,-0.28058712857481843,0.7790270895073357,ex_largest_surprise,auto
XLI,200,ex_largest_surprise,d0_p5,car_adj,surprise_orth_bps,HC1,0.05541124177064709,0.0005332003609670455,-0.15102274177142366,0.550549051287069,-1.2300790540167739,0.9280335704739264,-0.27431296342871536,0.7838441230986223,ex_largest_surprise,auto
XLU,200,ex_largest_surprise,d0_p5,car_adj,surprise_orth_bps,HC1,-0.17449705814336886,1.0564905161825067e-06,-0.012115041787483412,0.8543321425842262,-1.6865752720875051,1.662345188512538,-0.014180716355628658,0.9886858045603725,ex_largest_surprise,auto
XLV,200,ex_largest_surprise,d0_p5,car_adj,surprise_orth_bps,HC1,-0.06401478852254272,0.00012189539096052471,0.10071860540417331,0.8433963512416707,-1.5523078677219946,1.7537450785303412,0.11942025271498113,0.9049424167633849,ex_largest_surprise,auto
XLB,200,ex_largest_surprise,d0_p5,car_adj,surprise_orth_bps,HC1,-0.0629830149701365,0.0024366591698246065,0.5648605317192906,0.8516538153592039,-1.1043502736808744,2.234071337119455,0.6632513370248311,0.5071695973447301,ex_largest_surprise,auto
XLE,200,ex_largest_surprise,d0_p5,car_adj,surprise_orth_bps,HC1,-0.03205574577173985,0.001359301038799554,0.5930308332294065,1.4106674745700614,-2.1718266110899864,3.357888277548799,0.4203902364801801,0.6742003994250627,ex_largest_surprise,auto
XLP,200,ex_largest_surprise,d0_p5,car_adj,surprise_orth_bps,HC1,-0.1717882945447297,0.01136863678190747,1.105755848064916,0.9131381048535614,-0.6839619503592239,2.8954736464890556,1.2109404286027952,0.22591823662432564,ex_largest_surprise,auto
XLF,200,ex_largest_surprise,d0_p5,car_adj,surprise_orth_bps,HC1,-0.10831301814560207,0.01614758676966299,1.3996581199278446,1.0396356218846114,-0.6379902560108954,3.437306495866585,1.346296808674753,0.1782068146368282,ex_largest_surprise,auto
XLK,200,ex_largest_surprise,d0_p5,car_raw,surprise_orth_bps,HC1,0.484279333517886,0.0523600794130733,-4.28310265399496,1.4330420537851358,-7.091813467745137,-1.474391840244783,-2.988818536540415,0.002800584068424347,ex_largest_surprise,car_raw
QQQ,199,ex_largest_surprise,d0_p5,car_raw,surprise_orth_bps,HC1,0.4782785042678386,0.03933936587819353,-4.0380992047074775,1.5259723758233403,-7.028950102724245,-1.047248306690711,-2.6462465957345502,0.008139046007621165,ex_largest_surprise,car_raw
TLT,171,ex_largest_surprise,d0_p5,car_raw,surprise_orth_bps,HC1,0.23390750201471028,0.06573865961834635,-2.982567240989955,0.9543111767793143,-4.852982777521447,-1.1121517044584621,-3.1253613219283056,0.001775867814618392,ex_largest_surprise,car_raw
XLY,200,ex_largest_surprise,d0_p5,car_raw,surprise_orth_bps,HC1,0.2274984574133013,0.020201194028856118,-2.364823146131733,1.4064599548150973,-5.121434003267156,0.3917877110036893,-1.6814009798399334,0.09268505534830224,ex_largest_surprise,car_raw
XLI,200,ex_largest_surprise,d0_p5,car_raw,surprise_orth_bps,HC1,0.313053921321499,0.027438740594211475,-2.3204966795773596,1.1053767749120995,-4.486995347752113,-0.1539980114026066,-2.099281197365385,0.035792119916721724,ex_largest_surprise,car_raw
XLRE,60,ex_largest_surprise,d0_p5,car_raw,surprise_orth_bps,HC1,-0.20936313667846063,0.020117019731098584,-2.31356895772348,2.8857663777970126,-7.969567126002233,3.342429210555272,-0.8017173446624093,0.42271648036221654,ex_largest_surprise,car_raw
XLU,200,ex_largest_surprise,d0_p5,car_raw,surprise_orth_bps,HC1,0.08314562140748333,0.030866047425010312,-2.1815889795934185,1.0188372516178033,-4.178473298872086,-0.18470466031475125,-2.1412536458882823,0.03225358902378098,ex_largest_surprise,car_raw
SPY,201,ex_largest_surprise,d0_p5,car_raw,surprise_orth_bps,HC1,0.26949512844263157,0.029202763369298168,-2.1699180204174766,1.0105986031748058,-4.150654885466581,-0.18918115536837138,-2.147161111840702,0.0317804574670634,ex_largest_surprise,car_raw
XLV,200,ex_largest_surprise,d0_p5,car_raw,surprise_orth_bps,HC1,0.19362789102830924,0.02959103147832376,-2.0687553324017625,1.059243616337371,-4.144834671276972,0.007324006473447692,-1.9530496105844455,0.05081371693669143,ex_largest_surprise,car_raw
IEF,171,ex_largest_surprise,d0_p5,car_raw,surprise_orth_bps,HC1,0.17603250310057938,0.10504814324652023,-1.8281230042975063,0.47864080198059267,-2.7662417377108355,-0.890004270884177,-3.819404857949471,0.00013377404437116158,ex_largest_surprise,car_raw
GLD,152,ex_largest_surprise,d0_p5,car_raw,surprise_orth_bps,HC1,-0.011967039580355054,0.010451114148486207,-1.790806260812048,2.1939972764894686,-6.090961904910373,2.509349383286277,-0.8162299379320329,0.4143686371086909,ex_largest_surprise,car_raw
XLB,200,ex_largest_surprise,d0_p5,car_raw,surprise_orth_bps,HC1,0.1946596645807157,0.008876888119656146,-1.6046134060866444,1.3199168234173835,-4.19160284257323,0.9823760303999414,-1.215692820652256,0.22410196006945482,ex_largest_surprise,car_raw
XLE,200,ex_largest_surprise,d0_p5,car_raw,surprise_orth_bps,HC1,0.2255869337791121,0.006337047859635958,-1.5764431045765277,1.7916823350480935,-5.088075953007417,1.9351897438543617,-0.8798675265915438,0.37893107828355455,ex_largest_surprise,car_raw
XLP,200,ex_largest_surprise,d0_p5,car_raw,surprise_orth_bps,HC1,0.08585438500612229,0.012081313211529165,-1.063718089741019,0.8887323716108653,-2.8056015299931825,0.6781653505111445,-1.1968936023034524,0.2313480281282846,ex_largest_surprise,car_raw
XLF,200,ex_largest_surprise,d0_p5,car_raw,surprise_orth_bps,HC1,0.14932966140524997,0.0018702314565485212,-0.76981581787809,1.4526910250854437,-3.6170379077101313,2.0774062719539517,-0.5299239856133973,0.5961646353197498,ex_largest_surprise,car_raw
XLRE,60,ex_largest_surprise,d0_p5,car_adj,surprise_orth_bps,HC1,-0.23890961842347264,0.031228739030701225,-2.354856826951169,1.5939746645618813,-5.4789897617617696,0.7692761078594321,-1.4773489687795152,0.13958211787855718,ex_largest_surprise,car_adj
XLK,200,ex_largest_surprise,d0_p5,car_adj,surprise_orth_bps,HC1,0.22663665396703364,0.03960593695633452,-2.1136287161890257,0.9293582853732338,-3.935137484254462,-0.29211994812358977,-2.2742883443925876,0.02294865549653756,ex_largest_surprise,car_adj
QQQ,199,ex_largest_surprise,d0_p5,car_adj,surprise_orth_bps,HC1,0.20304095618948714,0.024683301812057246,-1.845214156601152,0.9268265340156728,-3.661760783187958,-0.028667530014345882,-1.9908948318585244,0.04649245051331319,ex_largest_surprise,car_adj
TLT,171,ex_largest_surprise,d0_p5,car_adj,surprise_orth_bps,HC1,-0.04451871062556581,0.009242880256566721,-1.6789363504007795,1.4595254985166517,-4.539553762011285,1.181681061209726,-1.1503302628882606,0.25000787089122856,ex_largest_surprise,car_adj
IEF,171,ex_largest_surprise,d0_p5,car_adj,surprise_orth_bps,HC1,-0.10239370953969655,0.001464911903367283,-0.5244921137083313,1.1684130412834919,-2.8145395936908866,1.765555366274224,-0.44889272472702046,0.6535090445394456,ex_largest_surprise,car_adj
GLD,152,ex_largest_surprise,d0_p5,car_adj,surprise_orth_bps,HC1,-0.27040936185250597,0.0001524224931827023,-0.265433589980148,2.485954366566934,-5.137814615661422,4.606947435701127,-0.10677331553221864,0.9149688175509919,ex_largest_surprise,car_adj
XLY,200,ex_largest_surprise,d0_p5,car_adj,surprise_orth_bps,HC1,-0.030144222137550497,0.0006265225793489204,-0.19534920832579775,0.6962158575057658,-1.559907214502769,1.1692087978511734,-0.28058712857481843,0.7790270895073357,ex_largest_surprise,car_adj
XLI,200,ex_largest_surprise,d0_p5,car_adj,surprise_orth_bps,HC1,0.05541124177064709,0.0005332003609670455,-0.15102274177142366,0.550549051287069,-1.2300790540167739,0.9280335704739264,-0.27431296342871536,0.7838441230986223,ex_largest_surprise,car_adj
XLU,200,ex_largest_surprise,d0_p5,car_adj,surprise_orth_bps,HC1,-0.17449705814336886,1.0564905161825067e-06,-0.012115041787483412,0.8543321425842262,-1.6865752720875051,1.662345188512538,-0.014180716355628658,0.9886858045603725,ex_largest_surprise,car_adj
SPY,201,ex_largest_surprise,d0_p5,car_adj,surprise_orth_bps,HC1,0.0,,0.0,0.0,0.0,0.0,,,ex_largest_surprise,car_adj
XLV,200,ex_largest_surprise,d0_p5,car_adj,surprise_orth_bps,HC1,-0.06401478852254272,0.00012189539096052471,0.10071860540417331,0.8433963512416707,-1.5523078677219946,1.7537450785303412,0.11942025271498113,0.9049424167633849,ex_largest_surprise,car_adj
XLB,200,ex_largest_surprise,d0_p5,car_adj,surprise_orth_bps,HC1,-0.0629830149701365,0.0024366591698246065,0.5648605317192906,0.8516538153592039,-1.1043502736808744,2.234071337119455,0.6632513370248311,0.5071695973447301,ex_largest_surprise,car_adj
XLE,200,ex_largest_surprise,d0_p5,car_adj,surprise_orth_bps,HC1,-0.03205574577173985,0.001359301038799554,0.5930308332294065,1.4106674745700614,-2.1718266110899864,3.357888277548799,0.4203902364801801,0.6742003994250627,ex_largest_surprise,car_adj
XLP,200,ex_largest_surprise,d0_p5,car_adj,surprise_orth_bps,HC1,-0.1717882945447297,0.01136863678190747,1.105755848064916,0.9131381048535614,-0.6839619503592239,2.8954736464890556,1.2109404286027952,0.22591823662432564,ex_largest_surprise,car_adj
XLF,200,ex_largest_surprise,d0_p5,car_adj,surprise_orth_bps,HC1,-0.10831301814560207,0.01614758676966299,1.3996581199278446,1.0396356218846114,-0.6379902560108954,3.437306495866585,1.346296808674753,0.1782068146368282,ex_largest_surprise,car_adj
GLD,152,scheduled_only,m5_p5,car_raw,surprise_bps,HC1,0.10937784492914006,0.05097973143261325,-4.612663097563659,1.7428534597026841,-8.028593108911949,-1.1967330862153673,-2.646615567065828,0.008130171978850178,scheduled_only,auto
TLT,171,scheduled_only,m5_p5,car_raw,surprise_bps,HC1,0.19251219812251502,0.10263251930911077,-4.48185098366995,1.198730932224008,-6.83132043798313,-2.1323815293567687,-3.738829843453494,0.00018487880545317885,scheduled_only,auto
XLRE,65,scheduled_only,m5_p5,car_adj,surprise_bps,HC1,-0.39657138527338187,0.048856815826280764,-3.7554862544679977,2.0191415001388546,-7.712930874430329,0.2019583654943341,-1.859942086381631,0.06289372006712458,scheduled_only,auto
SPY,200,scheduled_only,m5_p5,car_raw,surprise_bps,HC1,0.42129662816710567,0.053637199203599106,-3.7348038493856053,1.511888756291495,-6.698051360347991,-0.7715563384232196,-2.4702901148274217,0.013500351515755446,scheduled_only,auto
IEF,171,scheduled_only,m5_p5,car_raw,surprise_bps,HC1,0.1824107301870065,0.12715681238373222,-2.3962147563221063,0.5700041063218744,-3.51340227575292,-1.2790272368912927,-4.203855252525133,2.6240678033558623e-05,scheduled_only,auto
QQQ,198,scheduled_only,m5_p5,car_adj,surprise_bps,HC1,-0.01956690715097706,0.01466671991796531,-1.710602548675484,1.0299219387905334,-3.729212455592595,0.3080073582416274,-1.6609050494489837,0.09673251798547493,scheduled_only,auto
XLK,199,scheduled_only,m5_p5,car_adj,surprise_bps,HC1,0.10340609649626992,0.01192913357985581,-1.3582092716551577,0.9248785371187734,-3.170937894482045,0.4545193511717298,-1.4685271818354844,0.14196107832199958,scheduled_only,auto
XLE,199,scheduled_only,m5_p5,car_adj,surprise_bps,HC1,0.06949123912536065,0.0016868377579324356,-0.8179700116562781,1.3440464953979683,-3.452252736183575,1.816312712871019,-0.60858758566539,0.5427978351491582,scheduled_only,auto
XLI,199,scheduled_only,m5_p5,car_adj,surprise_bps,HC1,0.06307892548331973,0.002399270999481451,-0.39994572016221214,0.5988828290495037,-1.5737344960586974,0.7738430557342733,-0.6678196481221079,0.5042487230406764,scheduled_only,auto
XLB,199,scheduled_only,m5_p5,car_adj,surprise_bps,HC1,-0.07089892248691543,0.0002683826626014296,-0.2228878536224165,1.0246020174459358,-2.2310709063035308,1.7852951990586976,-0.21753602845524106,0.8277906325262283,scheduled_only,auto
XLY,199,scheduled_only,m5_p5,car_adj,surprise_bps,HC1,-0.03294833013457009,5.713133616724875e-05,-0.07735412027343094,0.7465118522060176,-1.540490464629513,1.385782224082651,-0.10362075303271039,0.9174703177809056,scheduled_only,auto
XLU,199,scheduled_only,m5_p5,car_adj,surprise_bps,HC1,0.027288031844323962,0.0007672490930615838,0.3835342396996672,0.9852401846995177,-1.5475010384329781,2.3145695178323127,0.3892799397099692,0.6970690740985035,scheduled_only,auto
XLF,199,scheduled_only,m5_p5,car_adj,surprise_bps,HC1,-0.10995067705826642,0.0013777613206151784,0.48301244223404716,1.441031124587212,-2.34135666255814,3.3073815470262344,0.33518529474677905,0.7374853141666402,scheduled_only,auto
XLV,199,scheduled_only,m5_p5,car_adj,surprise_bps,HC1,0.06644609005774836,0.006576000670525217,0.7928748950989762,1.1561361225644209,-1.4731102663530744,3.0588600565510267,0.6857971822040329,0.4928410134589021,scheduled_only,auto
XLP,199,scheduled_only,m5_p5,car_adj,surprise_bps,HC1,0.0014771330599300256,0.020396777952932488,1.7698223292388748,0.9745931661307093,-0.14034517595617713,3.6799898344339264,1.8159601264857543,0.06937648886988663,scheduled_only,auto
XLRE,65,scheduled_only,m5_p5,car_raw,surprise_bps,HC1,0.09040495459797368,0.0732167662874188,-6.151025205046203,3.423742775936203,-12.861437738210348,0.5593873281179433,-1.7965792431250154,0.07240244209398511,scheduled_only,car_raw
QQQ,198,scheduled_only,m5_p5,car_raw,surprise_bps,HC1,0.3773359256273132,0.04804671793139559,-5.4587877973650185,2.0927146149205336,-9.560433072529872,-1.3571425222001645,-2.608472153080607,0.009094741125814916,scheduled_only,car_raw
XLK,199,scheduled_only,m5_p5,car_raw,surprise_bps,HC1,0.48416675457742026,0.04598819644421703,-5.117741130427217,2.0842716108492936,-9.202838421691114,-1.032643839163319,-2.455409891775983,0.01407240277998204,scheduled_only,car_raw
GLD,152,scheduled_only,m5_p5,car_raw,surprise_bps,HC1,0.10937784492914006,0.05097973143261325,-4.612663097563659,1.7428534597026841,-8.028593108911949,-1.1967330862153673,-2.646615567065828,0.008130171978850178,scheduled_only,car_raw
XLE,199,scheduled_only,m5_p5,car_raw,surprise_bps,HC1,0.45025189720651093,0.03777172796932737,-4.577501870428337,1.780395426176239,-8.067012783973606,-1.0879909568830683,-2.571059104695328,0.010138802174415264,scheduled_only,car_raw
TLT,171,scheduled_only,m5_p5,car_raw,surprise_bps,HC1,0.19251219812251502,0.10263251930911077,-4.48185098366995,1.198730932224008,-6.83132043798313,-2.1323815293567687,-3.738829843453494,0.00018487880545317885,scheduled_only,car_raw
XLI,199,scheduled_only,m5_p5,car_raw,surprise_bps,HC1,0.4438395835644702,0.052591407025672554,-4.159477578934273,1.5633132557053941,-7.223515256670902,-1.0954399011976441,-2.6606808096547767,0.0077982844763080095,scheduled_only,car_raw
XLB,199,scheduled_only,m5_p5,car_raw,surprise_bps,HC1,0.309861735594235,0.037073244546152795,-3.982419712394478,1.9650584713068586,-7.833863543671256,-0.13097588111769948,-2.0266163936312678,0.04270165868906016,scheduled_only,car_raw
XLY,199,scheduled_only,m5_p5,car_raw,surprise_bps,HC1,0.3478123279465803,0.03449735760320449,-3.83688597904549,1.9788299820773865,-7.715321475445208,0.04154951735422796,-1.9389669723002207,0.0525053599479685,scheduled_only,car_raw
SPY,200,scheduled_only,m5_p5,car_raw,surprise_bps,HC1,0.42129662816710567,0.053637199203599106,-3.7348038493856053,1.511888756291495,-6.698051360347991,-0.7715563384232196,-2.4702901148274217,0.013500351515755446,scheduled_only,car_raw
XLU,199,scheduled_only,m5_p5,car_raw,surprise_bps,HC1,0.40804868992547455,0.05600542715151591,-3.375997619072392,1.2150337754687968,-5.75742005899096,-0.9945751791538237,-2.7785216240345503,0.005460687854527345,scheduled_only,car_raw
XLF,199,scheduled_only,m5_p5,car_raw,surprise_bps,HC1,0.27080998102288406,0.019785087794227607,-3.2765194165380103,2.70179413389761,-8.571938612618915,2.018899779542894,-1.2127198647112691,0.22523694233405778,scheduled_only,car_raw
XLV,199,scheduled_only,m5_p5,car_raw,surprise_bps,HC1,0.44720674813889877,0.04158799185226991,-2.9666569636730844,1.0458829187339114,-5.016549816437183,-0.9167641109089859,-2.836509623146305,0.00456096038699218,scheduled_only,car_raw
IEF,171,scheduled_only,m5_p5,car_raw,surprise_bps,HC1,0.1824107301870065,0.12715681238373222,-2.3962147563221063,0.5700041063218744,-3.51340227575292,-1.2790272368912927,-4.203855252525133,2.6240678033558623e-05,scheduled_only,car_raw
XLP,199,scheduled_only,m5_p5,car_raw,surprise_bps,HC1,0.38223779114108053,0.02524886054892783,-1.989709529533184,0.9576973407290927,-3.8667618254519907,-0.11265723361437753,-2.077597425527383,0.03774645350952987,scheduled_only,car_raw
XLRE,65,scheduled_only,m5_p5,car_adj,surprise_bps,HC1,-0.39657138527338187,0.048856815826280764,-3.7554862544679977,2.0191415001388546,-7.712930874430329,0.2019583654943341,-1.859942086381631,0.06289372006712458,scheduled_only,car_adj
GLD,152,scheduled_only,m5_p5,car_adj,surprise_bps,HC1,-0.36204096940889274,0.008822844651624417,-2.5388398106913597,3.151227769056459,-8.715132745124523,3.6374531237418033,-0.8056668691554274,0.4204349575821572,scheduled_only,car_adj
QQQ,198,scheduled_only,m5_p5,car_adj,surprise_bps,HC1,-0.01956690715097706,0.01466671991796531,-1.710602548675484,1.0299219387905334,-3.729212455592595,0.3080073582416274,-1.6609050494489837,0.09673251798547493,scheduled_only,car_adj
TLT,171,scheduled_only,m5_p5,car_adj,surprise_bps,HC1,-0.25259627416411823,0.004138341494088094,-1.4844618372894525,2.578301821518763,-6.537840548740246,3.5689168741613417,-0.5757517699828572,0.5647829774214572,scheduled_only,car_adj
XLK,199,scheduled_only,m5_p5,car_adj,surprise_bps,HC1,0.10340609649626992,0.01192913357985581,-1.3582092716551577,0.9248785371187734,-3.170937894482045,0.4545193511717298,-1.4685271818354844,0.14196107832199958,scheduled_only,car_adj
XLE,199,scheduled_only,m5_p5,car_adj,surprise_bps,HC1,0.06949123912536065,0.0016868377579324356,-0.8179700116562781,1.3440464953979683,-3.452252736183575,1.816312712871019,-0.60858758566539,0.5427978351491582,scheduled_only,car_adj
XLI,199,scheduled_only,m5_p5,car_adj,surprise_bps,HC1,0.06307892548331973,0.002399270999481451,-0.39994572016221214,0.5988828290495037,-1.5737344960586974,0.7738430557342733,-0.6678196481221079,0.5042487230406764,scheduled_only,car_adj
XLB,199,scheduled_only,m5_p5,car_adj,surprise_bps,HC1,-0.07089892248691543,0.0002683826626014296,-0.2228878536224165,1.0246020174459358,-2.2310709063035308,1.7852951990586976,-0.21753602845524106,0.8277906325262283,scheduled_only,car_adj
XLY,199,scheduled_only,m5_p5,car_adj,surprise_bps,HC1,-0.03294833013457009,5.713133616724875e-05,-0.07735412027343094,0.7465118522060176,-1.540490464629513,1.385782224082651,-0.10362075303271039,0.9174703177809056,scheduled_only,car_adj
SPY,200,scheduled_only,m5_p5,car_adj,surprise_bps,HC1,0.0,,0.0,0.0,0.0,0.0,,,scheduled_only,car_adj
XLU,199,scheduled_only,m5_p5,car_adj,surprise_bps,HC1,0.027288031844323962,0.0007672490930615838,0.3835342396996672,0.9852401846995177,-1.5475010384329781,2.3145695178323127,0.3892799397099692,0.6970690740985035,scheduled_only,car_adj
XLF,199,scheduled_only,m5_p5,car_adj,surprise_bps,HC1,-0.10995067705826642,0.0013777613206151784,0.48301244223404716,1.441031124587212,-2.34135666255814,3.3073815470262344,0.33518529474677905,0.7374853141666402,scheduled_only,car_adj
IEF,171,scheduled_only,m5_p5,car_adj,surprise_bps,HC1,-0.26269774209962676,0.0010753656241563325,0.6011743900583887,2.0928266176530244,-3.5006904064283173,4.7030391865450945,0.28725475153434765,0.7739172662668041,scheduled_only,car_adj
XLV,199,scheduled_only,m5_p5,car_adj,surprise_bps,HC1,0.06644609005774836,0.006576000670525217,0.7928748950989762,1.1561361225644209,-1.4731102663530744,3.0588600565510267,0.6857971822040329,0.4928410134589021,scheduled_only,car_adj
XLP,199,scheduled_only,m5_p5,car_adj,surprise_bps,HC1,0.0014771330599300256,0.020396777952932488,1.7698223292388748,0.9745931661307093,-0.14034517595617713,3.6799898344339264,1.8159601264857543,0.06937648886988663,scheduled_only,car_adj
SPY,194,scheduled_only,m5_p5,car_raw,surprise_orth_bps,HC1,0.4036178631682294,0.061721922927953754,-4.358387492474088,1.3126489769731948,-6.931132211684895,-1.785642773263279,-3.3202993099678384,0.0008992098490543068,scheduled_only,auto
TLT,165,scheduled_only,m5_p5,car_raw,surprise_orth_bps,HC1,0.22498603457001842,0.07152678756971864,-4.017252778670143,1.1573154480564194,-6.28554937561256,-1.748956181727725,-3.4711821961909046,0.0005181722880293661,scheduled_only,auto
GLD,146,scheduled_only,m5_p5,car_raw,surprise_orth_bps,HC1,0.05237943512937487,0.023609312744206856,-3.4277645017585447,2.6025217781095558,-8.528613455834416,1.6730844523173263,-1.3170934939297365,0.18780728757600884,scheduled_only,auto
XLRE,59,scheduled_only,m5_p5,car_adj,surprise_orth_bps,HC1,-0.3502121335543227,0.03314410583416405,-3.2894703103002314,2.493982258781663,-8.177585715594143,1.5986450949936817,-1.3189629953130348,0.18718148398953083,scheduled_only,auto
IEF,165,scheduled_only,m5_p5,car_raw,surprise_orth_bps,HC1,0.19352241848128904,0.08031331002735331,-2.0593430319727326,0.5578333906015331,-3.1526763869256023,-0.9660096770198636,-3.6916811841472312,0.00022277661076910415,scheduled_only,auto
QQQ,192,scheduled_only,m5_p5,car_adj,surprise_orth_bps,HC1,-0.03270888212361564,0.013162111799527754,-1.7873332205637373,1.1056400802233541,-3.9543479576654876,0.37968151653801285,-1.6165597218605463,0.10597335217408356,scheduled_only,auto
XLK,193,scheduled_only,m5_p5,car_adj,surprise_orth_bps,HC1,0.05398647886615501,0.0141202446676858,-1.6131773954085777,1.0395001048502728,-3.6505601628407223,0.42420537202356656,-1.5518780497294287,0.12069140597416468,scheduled_only,auto
XLE,193,scheduled_only,m5_p5,car_adj,surprise_orth_bps,HC1,0.07593537754982319,0.0005458398296311895,-0.5002589471848864,1.5393097074136064,-3.517250534768443,2.5167326403986703,-0.324989145962989,0.7451892864736438,scheduled_only,auto
XLI,193,scheduled_only,m5_p5,car_adj,surprise_orth_bps,HC1,0.04969460900794161,0.0017147952039190395,-0.3670652208617715,0.6892872156912087,-1.7180433386204328,0.9839128968968895,-0.5325286941433884,0.5943598737069018,scheduled_only,auto
XLF,193,scheduled_only,m5_p5,car_adj,surprise_orth_bps,HC1,-0.09019804707407761,1.4846844628157996e-06,0.01730937010363371,1.1846793351163203,-2.3046194599532113,2.3392382001604783,0.014611017167725098,0.9883425097627662,scheduled_only,auto
XLY,193,scheduled_only,m5_p5,car_adj,surprise_orth_bps,HC1,-0.03282865572613026,8.291194464926654e-05,0.1022763136082832,0.8745553850348081,-1.6118207435455005,1.8163733707620668,0.11694663981082513,0.9069023384735106,scheduled_only,auto
XLB,193,scheduled_only,m5_p5,car_adj,surprise_orth_bps,HC1,-0.0804638806823654,0.000606431459947876,0.3702588681467549,1.252549805036992,-2.084693638568416,2.825211374861926,0.29560410824208294,0.7675324358596309,scheduled_only,auto
XLU,193,scheduled_only,m5_p5,car_adj,surprise_orth_bps,HC1,0.11724918850094343,0.0023911689967596184,0.7261689217919446,1.010191638054825,-1.2537703062790342,2.7061081498629234,0.7188427368001378,0.4722378222018254,scheduled_only,auto
XLV,193,scheduled_only,m5_p5,car_adj,surprise_orth_bps,HC1,0.09482511799944948,0.008223825767200044,0.9696577084428167,0.9682480023940108,-0.9280735043522961,2.8673889212379295,1.001455934889946,0.3166064335389601,scheduled_only,auto
XLP,193,scheduled_only,m5_p5,car_adj,surprise_orth_bps,HC1,0.03677491832162984,0.017773873224241288,1.8033551793773834,0.9618104645301283,-0.08175869105540752,3.6884690498101738,1.8749589923191088,0.06079836527871128,scheduled_only,auto
QQQ,192,scheduled_only,m5_p5,car_raw,surprise_orth_bps,HC1,0.34785705738392375,0.05088904355545687,-6.171702109711351,1.9953263395426821,-10.082469872619146,-2.2609343468035545,-3.0930790554921814,0.001980913578859574,scheduled_only,car_raw
XLK,193,scheduled_only,m5_p5,car_raw,surprise_orth_bps,HC1,0.41569924786396095,0.052682413672838435,-5.97228280302036,1.9366510596916278,-9.768049130637282,-2.1765164754034396,-3.0838197584087887,0.0020436136570790016,scheduled_only,car_raw
XLRE,59,scheduled_only,m5_p5,car_raw,surprise_orth_bps,HC1,-0.023711316285406,0.060590543885155834,-5.782686133690252,4.0152546735624055,-13.6524406826287,2.0870684152481953,-1.4401791676540778,0.14981671550719133,scheduled_only,car_raw
XLE,193,scheduled_only,m5_p5,car_raw,surprise_orth_bps,HC1,0.43764814654762907,0.03852185393001206,-4.859364354796666,1.7412699368160451,-8.27219071831845,-1.4465379912748828,-2.790701345066655,0.00525939769008292,scheduled_only,car_raw
XLI,193,scheduled_only,m5_p5,car_raw,surprise_orth_bps,HC1,0.41140737800574745,0.05795247765968925,-4.726170628473551,1.453123160308405,-7.574239687779048,-1.878101569168054,-3.252422614660197,0.001144257492802933,scheduled_only,car_raw
SPY,194,scheduled_only,m5_p5,car_raw,surprise_orth_bps,HC1,0.4036178631682294,0.061721922927953754,-4.358387492474088,1.3126489769731948,-6.931132211684895,-1.785642773263279,-3.3202993099678384,0.0008992098490543068,scheduled_only,car_raw
XLF,193,scheduled_only,m5_p5,car_raw,surprise_orth_bps,HC1,0.27151472192372833,0.0293322705228658,-4.341796037508146,2.082057457171251,-8.422553667306845,-0.2610384077094484,-2.0853392026015687,0.037038521303630126,scheduled_only,car_raw
XLY,193,scheduled_only,m5_p5,car_raw,surprise_orth_bps,HC1,0.32888411327167566,0.03500020457417852,-4.256829094003497,1.8329875697275622,-7.84941871477912,-0.6642394732278747,-2.3223447688934367,0.020214378748119398,scheduled_only,car_raw
TLT,165,scheduled_only,m5_p5,car_raw,surprise_orth_bps,HC1,0.22498603457001842,0.07152678756971864,-4.017252778670143,1.1573154480564194,-6.28554937561256,-1.748956181727725,-3.4711821961909046,0.0005181722880293661,scheduled_only,car_raw
XLB,193,scheduled_only,m5_p5,car_raw,surprise_orth_bps,HC1,0.28124888831544037,0.03119236014642468,-3.9888465394650248,1.7666840418923457,-7.451483633635675,-0.5262094452943746,-2.257815458157678,0.02395716707541406,scheduled_only,car_raw
XLU,193,scheduled_only,m5_p5,car_raw,surprise_orth_bps,HC1,0.47896195749874926,0.05463722231717638,-3.6329364858198363,1.2339654409884084,-6.051464308324203,-1.21440866331547,-2.944115260561793,0.0032387935647690646,scheduled_only,car_raw
GLD,146,scheduled_only,m5_p5,car_raw,surprise_orth_bps,HC1,0.05237943512937487,0.023609312744206856,-3.4277645017585447,2.6025217781095558,-8.528613455834416,1.6730844523173263,-1.3170934939297365,0.18780728757600884,scheduled_only,car_raw
XLV,193,scheduled_only,m5_p5,car_raw,surprise_orth_bps,HC1,0.45653788699725545,0.04591387702286265,-3.3894476991689646,1.2227911953213741,-5.786074402611541,-0.9928209957263887,-2.7718940994485566,0.005573116439811929,scheduled_only,car_raw
XLP,193,scheduled_only,m5_p5,car_raw,surprise_orth_bps,HC1,0.3984876873194357,0.03537000734192486,-2.555750228234397,1.0099180480519,-4.535153229753113,-0.5763472267156813,-2.5306511089334016,0.011385103256144691,scheduled_only,car_raw
IEF,165,scheduled_only,m5_p5,car_raw,surprise_orth_bps,HC1,0.19352241848128904,0.08031331002735331,-2.0593430319727326,0.5578333906015331,-3.1526763869256023,-0.9660096770198636,-3.6916811841472312,0.00022277661076910415,scheduled_only,car_raw
XLRE,59,scheduled_only,m5_p5,car_adj,surprise_orth_bps,HC1,-0.3502121335543227,0.03314410583416405,-3.2894703103002314,2.493982258781663,-8.177585715594143,1.5986450949936817,-1.3189629953130348,0.18718148398953083,scheduled_only,car_adj
QQQ,192,scheduled_only,m5_p5,car_adj,surprise_orth_bps,HC1,-0.03270888212361564,0.013162111799527754,-1.7873332205637373,1.1056400802233541,-3.9543479576654876,0.37968151653801285,-1.6165597218605463,0.10597335217408356,scheduled_only,car_adj
XLK,193,scheduled_only,m5_p5,car_adj,surprise_orth_bps,HC1,0.05398647886615501,0.0141202446676858,-1.6131773954085777,1.0395001048502728,-3.6505601628407223,0.42420537202356656,-1.5518780497294287,0.12069140597416468,scheduled_only,car_adj
XLE,193,scheduled_only,m5_p5,car_adj,surprise_orth_bps,HC1,0.07593537754982319,0.0005458398296311895,-0.5002589471848864,1.5393097074136064,-3.517250534768443,2.5167326403986703,-0.324989145962989,0.7451892864736438,scheduled_only,car_adj
TLT,165,scheduled_only,m5_p5,car_adj,surprise_orth_bps,HC1,-0.1783846190228034,0.0003268036270686059,-0.44247354888845,2.1221987983553645,-4.601906761699145,3.7169596639222453,-0.20849769080604166,0.8348403854919375,scheduled_only,car_adj
XLI,193,scheduled_only,m5_p5,car_adj,surprise_orth_bps,HC1,0.04969460900794161,0.0017147952039190395,-0.3670652208617715,0.6892872156912087,-1.7180433386204328,0.9839128968968895,-0.5325286941433884,0.5943598737069018,scheduled_only,car_adj
GLD,146,scheduled_only,m5_p5,car_adj,surprise_orth_bps,HC1,-0.3847189926163443,7.89306667154932e-05,-0.2643278779709527,3.751555516341261,-7.6172415760023915,7.0885858200604845,-0.07045820775397744,0.943828963223982,scheduled_only,car_adj
SPY,194,scheduled_only,m5_p5,car_adj,surprise_orth_bps,HC1,0.0,,0.0,0.0,0.0,0.0,,,scheduled_only,car_adj
XLF,193,scheduled_only,m5_p5,car_adj,surprise_orth_bps,HC1,-0.09019804707407761,1.4846844628157996e-06,0.01730937010363371,1.1846793351163203,-2.3046194599532113,2.3392382001604783,0.014611017167725098,0.9883425097627662,scheduled_only,car_adj
XLY,193,scheduled_only,m5_p5,car_adj,surprise_orth_bps,HC1,-0.03282865572613026,8.291194464926654e-05,0.1022763136082832,0.8745553850348081,-1.6118207435455005,1.8163733707620668,0.11694663981082513,0.9069023384735106,scheduled_only,car_adj
XLB,193,scheduled_only,m5_p5,car_adj,surprise_orth_bps,HC1,-0.0804638806823654,0.000606431459947876,0.3702588681467549,1.252549805036992,-2.084693638568416,2.825211374861926,0.29560410824208294,0.7675324358596309,scheduled_only,car_adj
XLU,193,scheduled_only,m5_p5,car_adj,surprise_orth_bps,HC1,0.11724918850094343,0.0023911689967596184,0.7261689217919446,1.010191638054825,-1.2537703062790342,2.7061081498629234,0.7188427368001378,0.4722378222018254,scheduled_only,car_adj
XLV,193,scheduled_only,m5_p5,car_adj,surprise_orth_bps,HC1,0.09482511799944948,0.008223825767200044,0.9696577084428167,0.9682480023940108,-0.9280735043522961,2.8673889212379295,1.001455934889946,0.3166064335389601,scheduled_only,car_adj
IEF,165,scheduled_only,m5_p5,car_adj,surprise_orth_bps,HC1,-0.2098482351115329,0.0060729345385655,1.5154361978089608,1.7376819568463746,-1.8903578541950177,4.921230249812939,0.8721021656685923,0.3831526448090913,scheduled_only,car_adj
XLP,193,scheduled_only,m5_p5,car_adj,surprise_orth_bps,HC1,0.03677491832162984,0.017773873224241288,1.8033551793773834,0.9618104645301283,-0.08175869105540752,3.6884690498101738,1.8749589923191088,0.06079836527871128,scheduled_only,car_adj
GLD,152,scheduled_only,m1_p1,car_raw,surprise_bps,HC1,0.2300323552463655,0.034146437700821375,-2.4668086760098,1.2801132863011582,-4.975784613291282,0.042167261271680925,-1.9270237270464992,0.053976673048817765,scheduled_only,auto
SPY,200,scheduled_only,m1_p1,car_raw,surprise_bps,HC1,0.3217293650291908,0.05323272226229281,-2.460340267781749,0.8120966335889013,-4.052020421582217,-0.868660113981282,-3.029615154182772,0.002448655364515,scheduled_only,auto
XLRE,65,scheduled_only,m1_p1,car_adj,surprise_bps,HC1,0.16138103072723137,0.030237373818198354,-1.7109816493698933,1.3814510900309922,-4.418576032234238,0.9966127334944511,-1.2385394327145582,0.21551611014037464,scheduled_only,auto
XLE,199,scheduled_only,m1_p1,car_adj,surprise_bps,HC1,-0.051853188535496086,0.01992451098234682,-1.6996180616853152,0.8260613014292281,-3.3186684615088877,-0.08056766186174263,-2.057496288404606,0.03963851157827846,scheduled_only,auto
TLT,171,scheduled_only,m1_p1,car_raw,surprise_bps,HC1,0.3739611193481368,0.036395703394890955,-1.6794526068672802,0.893178670250813,-3.4300506323182502,0.07114541858369051,-1.880309800048935,0.06006586845594766,scheduled_only,auto
XLY,199,scheduled_only,m1_p1,car_adj,surprise_bps,HC1,0.061841486427655884,0.05711877090975659,-1.319844991094688,0.5022313032446762,-2.3042002573628677,-0.33548972482650796,-2.627962420039931,0.008589800460921036,scheduled_only,auto
XLB,199,scheduled_only,m1_p1,car_adj,surprise_bps,HC1,-0.07309168792689619,0.022433779326021752,-1.2390309820161407,0.6332796491488113,-2.4802362864899723,0.0021743224576910303,-1.9565305527842514,0.05040268692903006,scheduled_only,auto
IEF,171,scheduled_only,m1_p1,car_raw,surprise_bps,HC1,0.21476550278544096,0.06048089067019269,-1.0839995271892133,0.38846436886504176,-1.8453756994417778,-0.32262335493664884,-2.79047350045587,0.005263100838735544,scheduled_only,auto
XLF,199,scheduled_only,m1_p1,car_adj,surprise_bps,HC1,-0.13985774733318135,0.015540396908411913,-0.8795790902429306,0.5140935545311301,-1.8871839418081238,0.1280257613222627,-1.7109319548756743,0.0870936748403259,scheduled_only,auto
XLI,199,scheduled_only,m1_p1,car_adj,surprise_bps,HC1,-0.029514208490439817,0.023878758637379427,-0.7038821765399493,0.3640479547042564,-1.417403056405761,0.009638703325862141,-1.9334875184555451,0.053176169201810425,scheduled_only,auto
XLK,199,scheduled_only,m1_p1,car_adj,surprise_bps,HC1,0.18581239297253518,0.0009462340503716415,-0.1977181315042289,0.4657699007475298,-1.1106103620521828,0.715174099043725,-0.4244974421638333,0.6712030703428543,scheduled_only,auto
QQQ,198,scheduled_only,m1_p1,car_adj,surprise_bps,HC1,0.2070403759680728,0.00047092364703604783,-0.1497974641643144,0.5112815212036479,-1.1518908316843162,0.8522959033556873,-0.29298431089718335,0.7695341438489309,scheduled_only,auto
XLU,199,scheduled_only,m1_p1,car_adj,surprise_bps,HC1,-0.18386971350219616,0.00034748334102374656,0.14207852065462115,0.6648589076681727,-1.1610209931756386,1.4451780344848808,0.21369725067371997,0.8307831554658851,scheduled_only,auto
XLP,199,scheduled_only,m1_p1,car_adj,surprise_bps,HC1,-0.14620853317154758,0.017853204261990108,0.8247077443709172,0.4428504859216199,-0.04326325857152008,1.6926787473133544,1.8622712870114864,0.06256486058121896,scheduled_only,auto
XLV,199,scheduled_only,m1_p1,car_adj,surprise_bps,HC1,0.026795568267322985,0.035813285476592016,1.1870672051302342,0.4842448632600579,0.23796471344199754,2.1361696968184707,2.45137800148999,0.014231041865056644,scheduled_only,auto
XLE,199,scheduled_only,m1_p1,car_raw,surprise_bps,HC1,0.25151733679224014,0.0650119380970553,-4.171157705219003,0.9815074017022902,-6.09487686311498,-2.2474385473230267,-4.249746561243146,2.140125208449362e-05,scheduled_only,car_raw
XLY,199,scheduled_only,m1_p1,car_raw,surprise_bps,HC1,0.36521201175539236,0.09107313362422886,-3.7913846346283755,1.0040038913102192,-5.759196101934472,-1.8235731673222788,-3.776264880488302,0.00015919769321131634,scheduled_only,car_raw
XLB,199,scheduled_only,m1_p1,car_raw,surprise_bps,HC1,0.23027883740084004,0.07242145620336715,-3.7105706255498263,1.0220877954720753,-5.713825893713034,-1.707315357386618,-3.6303834582390375,0.00028300046558897953,scheduled_only,car_raw
XLF,199,scheduled_only,m1_p1,car_raw,surprise_bps,HC1,0.16351277799455488,0.057771484867268574,-3.3511187337766186,1.069790442055697,-5.447869471210969,-1.2543679963422694,-3.1325001626834017,0.0017332433148139958,scheduled_only,car_raw
XLI,199,scheduled_only,m1_p1,car_raw,surprise_bps,HC1,0.2738563168372963,0.07228591200156831,-3.1754218200736366,0.8151248240293414,-4.7730371180756945,-1.5778065220715782,-3.8956264445202735,9.794524802353599e-05,scheduled_only,car_raw
XLK,199,scheduled_only,m1_p1,car_raw,surprise_bps,HC1,0.4891829183002714,0.04070665231868098,-2.6692577750379156,1.0365391410583635,-4.700837160078391,-0.6376783899974401,-2.575163512216679,0.010019270861425426,scheduled_only,car_raw
QQQ,198,scheduled_only,m1_p1,car_raw,surprise_bps,HC1,0.5169330293918957,0.036495059905891636,-2.6167525925503807,1.0951700502288075,-4.7632464479457655,-0.4702587371549959,-2.389357334967001,0.01687787752032726,scheduled_only,car_raw
XLRE,65,scheduled_only,m1_p1,car_raw,surprise_bps,HC1,0.23836757047859708,0.03140003287390358,-2.596681933317244,2.3230637692372373,-7.149803254812097,1.9564393881776083,-1.1177833203303962,0.2636595469585329,scheduled_only,car_raw
GLD,152,scheduled_only,m1_p1,car_raw,surprise_bps,HC1,0.2300323552463655,0.034146437700821375,-2.4668086760098,1.2801132863011582,-4.975784613291282,0.042167261271680925,-1.9270237270464992,0.053976673048817765,scheduled_only,car_raw
SPY,200,scheduled_only,m1_p1,car_raw,surprise_bps,HC1,0.3217293650291908,0.05323272226229281,-2.460340267781749,0.8120966335889013,-4.052020421582217,-0.868660113981282,-3.029615154182772,0.002448655364515,scheduled_only,car_raw
XLU,199,scheduled_only,m1_p1,car_raw,surprise_bps,HC1,0.11950081182554032,0.048052644205612505,-2.329461122879067,0.8639925598640297,-4.022855423123132,-0.6360668226350021,-2.696158776234907,0.007014422285966538,scheduled_only,car_raw
TLT,171,scheduled_only,m1_p1,car_raw,surprise_bps,HC1,0.3739611193481368,0.036395703394890955,-1.6794526068672802,0.893178670250813,-3.4300506323182502,0.07114541858369051,-1.880309800048935,0.06006586845594766,scheduled_only,car_raw
XLP,199,scheduled_only,m1_p1,car_raw,surprise_bps,HC1,0.15716199215618876,0.03643898043034888,-1.64683189916277,0.6023034372661468,-2.8273249439690975,-0.46633885435644234,-2.7342229800941102,0.006252768488896627,scheduled_only,car_raw
XLV,199,scheduled_only,m1_p1,car_raw,surprise_bps,HC1,0.3301660935950592,0.018063758821560638,-1.2844724384034532,0.662802421110337,-2.5835413126456643,0.014596435838757846,-1.9379416814013515,0.052630337962062006,scheduled_only,car_raw
IEF,171,scheduled_only,m1_p1,car_raw,surprise_bps,HC1,0.21476550278544096,0.06048089067019269,-1.0839995271892133,0.38846436886504176,-1.8453756994417778,-0.32262335493664884,-2.79047350045587,0.005263100838735544,scheduled_only,car_raw
XLRE,65,scheduled_only,m1_p1,car_adj,surprise_bps,HC1,0.16138103072723137,0.030237373818198354,-1.7109816493698933,1.3814510900309922,-4.418576032234238,0.9966127334944511,-1.2385394327145582,0.21551611014037464,scheduled_only,car_adj
XLE,199,scheduled_only,m1_p1,car_adj,surprise_bps,HC1,-0.051853188535496086,0.01992451098234682,-1.6996180616853152,0.8260613014292281,-3.3186684615088877,-0.08056766186174263,-2.057496288404606,0.03963851157827846,scheduled_only,car_adj
XLY,199,scheduled_only,m1_p1,car_adj,surprise_bps,HC1,0.061841486427655884,0.05711877090975659,-1.319844991094688,0.5022313032446762,-2.3042002573628677,-0.33548972482650796,-2.627962420039931,0.008589800460921036,scheduled_only,car_adj
XLB,199,scheduled_only,m1_p1,car_adj,surprise_bps,HC1,-0.07309168792689619,0.022433779326021752,-1.2390309820161407,0.6332796491488113,-2.4802362864899723,0.0021743224576910303,-1.9565305527842514,0.05040268692903006,scheduled_only,car_adj
XLF,199,scheduled_only,m1_p1,car_adj,surprise_bps,HC1,-0.13985774733318135,0.015540396908411913,-0.8795790902429306,0.5140935545311301,-1.8871839418081238,0.1280257613222627,-1.7109319548756743,0.0870936748403259,scheduled_only,car_adj
XLI,199,scheduled_only,m1_p1,car_adj,surprise_bps,HC1,-0.029514208490439817,0.023878758637379427,-0.7038821765399493,0.3640479547042564,-1.417403056405761,0.009638703325862141,-1.9334875184555451,0.053176169201810425,scheduled_only,car_adj
XLK,199,scheduled_only,m1_p1,car_adj,surprise_bps,HC1,0.18581239297253518,0.0009462340503716415,-0.1977181315042289,0.4657699007475298,-1.1106103620521828,0.715174099043725,-0.4244974421638333,0.6712030703428543,scheduled_only,car_adj
QQQ,198,scheduled_only,m1_p1,car_adj,surprise_bps,HC1,0.2070403759680728,0.00047092364703604783,-0.1497974641643144,0.5112815212036479,-1.1518908316843162,0.8522959033556873,-0.29298431089718335,0.7695341438489309,scheduled_only,car_adj
SPY,200,scheduled_only,m1_p1,car_adj,surprise_bps,HC1,0.0,,0.0,0.0,0.0,0.0,,,scheduled_only,car_adj
XLU,199,scheduled_only,m1_p1,car_adj,surprise_bps,HC1,-0.18386971350219616,0.00034748334102374656,0.14207852065462115,0.6648589076681727,-1.1610209931756386,1.4451780344848808,0.21369725067371997,0.8307831554658851,scheduled_only,car_adj
XLP,199,scheduled_only,m1_p1,car_adj,surprise_bps,HC1,-0.14620853317154758,0.017853204261990108,0.8247077443709172,0.4428504859216199,-0.04326325857152008,1.6926787473133544,1.8622712870114864,0.06256486058121896,scheduled_only,car_adj
GLD,152,scheduled_only,m1_p1,car_adj,surprise_bps,HC1,-0.010070879629896681,0.0020864218028249226,0.8316700073434988,2.008993245518936,-3.1058843990578495,4.769224413744848,0.41397352091578243,0.67889349903992,scheduled_only,car_adj
XLV,199,scheduled_only,m1_p1,car_adj,surprise_bps,HC1,0.026795568267322985,0.035813285476592016,1.1870672051302342,0.4842448632600579,0.23796471344199754,2.1361696968184707,2.45137800148999,0.014231041865056644,scheduled_only,car_adj
TLT,171,scheduled_only,m1_p1,car_adj,surprise_bps,HC1,0.12859803992950414,0.005698876547048259,1.2346163926106193,1.5010549131145114,-1.7073971759107236,4.176629961131962,0.8224991516459157,0.4107928693068562,scheduled_only,car_adj
IEF,171,scheduled_only,m1_p1,car_adj,surprise_bps,HC1,-0.030597576633191542,0.019647493706896002,1.8300694722886868,1.1453064698134208,-0.41468995980632856,4.074828904383702,1.597886260597846,0.11006829235336293,scheduled_only,car_adj
SPY,194,scheduled_only,m1_p1,car_raw,surprise_orth_bps,HC1,0.34023177261878107,0.03608421739596457,-2.158394261484189,1.0318048956437031,-4.180694696017956,-0.136093826950422,-2.09186278394003,0.03645079207639375,scheduled_only,auto
XLE,193,scheduled_only,m1_p1,car_adj,surprise_orth_bps,HC1,0.020226083553111743,0.01970095876869682,-1.6914285064501786,0.9114690573394365,-3.4778750318581477,0.09501801895779038,-1.855716870287875,0.06349392489129473,scheduled_only,auto
XLRE,59,scheduled_only,m1_p1,car_adj,surprise_orth_bps,HC1,0.2073845431315232,0.016344668942312346,-1.253444996776488,1.4439295903778393,-4.083494990128726,1.5766049965757498,-0.868079029011722,0.38535107052605,scheduled_only,auto
TLT,165,scheduled_only,m1_p1,car_raw,surprise_orth_bps,HC1,0.3499061589041444,0.017008238860229397,-1.2212716278995457,0.8874086365038025,-2.960560595016795,0.5180173392177037,-1.3762223824089552,0.16875279456620784,scheduled_only,auto
GLD,146,scheduled_only,m1_p1,car_raw,surprise_orth_bps,HC1,0.17705577594093824,0.0059803833198583956,-1.1447923345538757,2.0773525009777782,-5.216328419664528,2.926743750556777,-0.5510823675880909,0.5815772120223186,scheduled_only,auto
XLY,193,scheduled_only,m1_p1,car_adj,surprise_orth_bps,HC1,0.06283455712793379,0.029671397258746124,-1.0513576150249604,0.48340007208979363,-1.9988043464450218,-0.10391088360489892,-2.1749223380952785,0.02963593664825216,scheduled_only,auto
IEF,165,scheduled_only,m1_p1,car_raw,surprise_orth_bps,HC1,0.20628236518770962,0.03439433470558817,-0.8800682383802971,0.47116402165483273,-1.8035327516348194,0.04339627487422518,-1.8678595943919951,0.06178164416657121,scheduled_only,auto
XLF,193,scheduled_only,m1_p1,car_adj,surprise_orth_bps,HC1,-0.08464446327536151,0.007430245418210579,-0.6237135175019571,0.6495885052995637,-1.8968835926603078,0.6494565576563937,-0.9601671095062342,0.33697111735675445,scheduled_only,auto
XLB,193,scheduled_only,m1_p1,car_adj,surprise_orth_bps,HC1,-0.0537084035406373,0.004195844470525456,-0.5793473253495253,0.7544836574280337,-2.0581081208325274,0.8994134701334767,-0.7678725969021883,0.4425628791009917,scheduled_only,auto
XLI,193,scheduled_only,m1_p1,car_adj,surprise_orth_bps,HC1,0.001480005219384059,0.012706451483519232,-0.5088499917580189,0.3590289405147869,-1.2125337845745747,0.19483380105853693,-1.4172951936086653,0.15639663982699653,scheduled_only,auto
XLK,193,scheduled_only,m1_p1,car_adj,surprise_orth_bps,HC1,0.15084092080739497,0.0025414525715022895,-0.348170195773,0.5454918096290763,-1.417314496507569,0.720974104961569,-0.6382684205831595,0.5232989650844159,scheduled_only,auto
QQQ,192,scheduled_only,m1_p1,car_adj,surprise_orth_bps,HC1,0.1829675124639708,0.001866683234213462,-0.3210892079335831,0.5426435014280708,-1.3846509271773115,0.7424725113101451,-0.5917129885248326,0.5540427974838682,scheduled_only,auto
XLU,193,scheduled_only,m1_p1,car_adj,surprise_orth_bps,HC1,-0.15653876838496525,0.0006068749958724196,0.19924076085417472,0.6710144240229903,-1.1159233433377749,1.5144048650461241,0.2969247064163681,0.7665239933430787,scheduled_only,auto
XLP,193,scheduled_only,m1_p1,car_adj,surprise_orth_bps,HC1,-0.1331100262538456,0.013289146353129833,0.7661887301728856,0.5281616100513372,-0.26898900354442346,1.8013664638901947,1.4506709984059845,0.14687149485488873,scheduled_only,auto
XLV,193,scheduled_only,m1_p1,car_adj,surprise_orth_bps,HC1,0.03309999604265378,0.027346151115769768,1.132975851926488,0.5562236553725415,0.04279752004708766,2.2231541838058884,2.0369069905300154,0.04165936347460651,scheduled_only,auto
XLE,193,scheduled_only,m1_p1,car_raw,surprise_orth_bps,HC1,0.34176253096973674,0.05526507585270124,-3.850143054936043,1.2214557116861167,-6.244152258551572,-1.4561338513205142,-3.152093864804353,0.0016210415407304224,scheduled_only,car_raw
XLY,193,scheduled_only,m1_p1,car_raw,surprise_orth_bps,HC1,0.3843710045445588,0.056264196971386404,-3.210072163510823,1.1403080997277282,-5.445034970256478,-0.9751093567651671,-2.8150919600389517,0.004876327794275789,scheduled_only,car_raw
XLF,193,scheduled_only,m1_p1,car_raw,surprise_orth_bps,HC1,0.23689198414126356,0.037197592829349535,-2.782428065987821,1.4357349219947837,-5.596416804444021,0.031560672468379514,-1.9379817425642654,0.05262545003544874,scheduled_only,car_raw
XLB,193,scheduled_only,m1_p1,car_raw,surprise_orth_bps,HC1,0.26782804387598785,0.034982580968324406,-2.7380618738353886,1.247729060025764,-5.183565893949901,-0.29255785372087584,-2.1944362454608943,0.028204062596539785,scheduled_only,car_raw
XLRE,59,scheduled_only,m1_p1,car_raw,surprise_orth_bps,HC1,0.3198494544554692,0.037349359799700665,-2.6684264152141415,2.2832263616189175,-7.143467852539645,1.8066150221113626,-1.1687086572187693,0.2425210327851931,scheduled_only,car_raw
XLI,193,scheduled_only,m1_p1,car_raw,surprise_orth_bps,HC1,0.32301645263600914,0.04773573834900735,-2.667564540243883,1.0154082335797303,-4.657728107665589,-0.6774009728221768,-2.6270857887764256,0.008611961900630983,scheduled_only,car_raw
XLK,193,scheduled_only,m1_p1,car_raw,surprise_orth_bps,HC1,0.4723773682240201,0.030780049421111122,-2.5068847442588638,1.2725108549560697,-5.0009601899090335,-0.012809298608694453,-1.9700301451223436,0.04883491580357308,scheduled_only,car_raw
QQQ,192,scheduled_only,m1_p1,car_raw,surprise_orth_bps,HC1,0.5125616280759729,0.02801882396911126,-2.490601131405827,1.2717362957975062,-4.9831584690013155,0.001956206189661705,-1.9584257676973593,0.05018007362158289,scheduled_only,car_raw
SPY,194,scheduled_only,m1_p1,car_raw,surprise_orth_bps,HC1,0.34023177261878107,0.03608421739596457,-2.158394261484189,1.0318048956437031,-4.180694696017956,-0.136093826950422,-2.09186278394003,0.03645079207639375,scheduled_only,car_raw
XLU,193,scheduled_only,m1_p1,car_raw,surprise_orth_bps,HC1,0.16499767903165985,0.029449313058172,-1.9594737876316894,1.0978973812045947,-4.111313113513537,0.19236553825015856,-1.78475130843448,0.07430166446617867,scheduled_only,car_raw
XLP,193,scheduled_only,m1_p1,car_raw,surprise_orth_bps,HC1,0.18842642116277952,0.022283809145177358,-1.392525818312978,0.7457543708186521,-2.8541775264308646,0.06912588980490832,-1.867271413755621,0.061863695275493985,scheduled_only,car_raw
TLT,165,scheduled_only,m1_p1,car_raw,surprise_orth_bps,HC1,0.3499061589041444,0.017008238860229397,-1.2212716278995457,0.8874086365038025,-2.960560595016795,0.5180173392177037,-1.3762223824089552,0.16875279456620784,scheduled_only,car_raw
GLD,146,scheduled_only,m1_p1,car_raw,surprise_orth_bps,HC1,0.17705577594093824,0.0059803833198583956,-1.1447923345538757,2.0773525009777782,-5.216328419664528,2.926743750556777,-0.5510823675880909,0.5815772120223186,scheduled_only,car_raw
XLV,193,scheduled_only,m1_p1,car_raw,surprise_orth_bps,HC1,0.3546364434592789,0.010374950780102754,-1.0257386965593762,0.7834064511292668,-2.561187126029077,0.5097097329103245,-1.3093314397408802,0.19042210424838024,scheduled_only,car_raw
IEF,165,scheduled_only,m1_p1,car_raw,surprise_orth_bps,HC1,0.20628236518770962,0.03439433470558817,-0.8800682383802971,0.47116402165483273,-1.8035327516348194,0.04339627487422518,-1.8678595943919951,0.06178164416657121,scheduled_only,car_raw
XLE,193,scheduled_only,m1_p1,car_adj,surprise_orth_bps,HC1,0.020226083553111743,0.01970095876869682,-1.6914285064501786,0.9114690573394365,-3.4778750318581477,0.09501801895779038,-1.855716870287875,0.06349392489129473,scheduled_only,car_adj
XLRE,59,scheduled_only,m1_p1,car_adj,surprise_orth_bps,HC1,0.2073845431315232,0.016344668942312346,-1.253444996776488,1.4439295903778393,-4.083494990128726,1.5766049965757498,-0.868079029011722,0.38535107052605,scheduled_only,car_adj
XLY,193,scheduled_only,m1_p1,car_adj,surprise_orth_bps,HC1,0.06283455712793379,0.029671397258746124,-1.0513576150249604,0.48340007208979363,-1.9988043464450218,-0.10391088360489892,-2.1749223380952785,0.02963593664825216,scheduled_only,car_adj
XLF,193,scheduled_only,m1_p1,car_adj,surprise_orth_bps,HC1,-0.08464446327536151,0.007430245418210579,-0.6237135175019571,0.6495885052995637,-1.8968835926603078,0.6494565576563937,-0.9601671095062342,0.33697111735675445,scheduled_only,car_adj
XLB,193,scheduled_only,m1_p1,car_adj,surprise_orth_bps,HC1,-0.0537084035406373,0.004195844470525456,-0.5793473253495253,0.7544836574280337,-2.0581081208325274,0.8994134701334767,-0.7678725969021883,0.4425628791009917,scheduled_only,car_adj
XLI,193,scheduled_only,m1_p1,car_adj,surprise_orth_bps,HC1,0.001480005219384059,0.012706451483519232,-0.5088499917580189,0.3590289405147869,-1.2125337845745747,0.19483380105853693,-1.4172951936086653,0.15639663982699653,scheduled_only,car_adj
XLK,193,scheduled_only,m1_p1,car_adj,surprise_orth_bps,HC1,0.15084092080739497,0.0025414525715022895,-0.348170195773,0.5454918096290763,-1.417314496507569,0.720974104961569,-0.6382684205831595,0.5232989650844159,scheduled_only,car_adj
QQQ,192,scheduled_only,m1_p1,car_adj,surprise_orth_bps,HC1,0.1829675124639708,0.001866683234213462,-0.3210892079335831,0.5426435014280708,-1.3846509271773115,0.7424725113101451,-0.5917129885248326,0.5540427974838682,scheduled_only,car_adj
SPY,194,scheduled_only,m1_p1,car_adj,surprise_orth_bps,HC1,0.0,,0.0,0.0,0.0,0.0,,,scheduled_only,car_adj
XLU,193,scheduled_only,m1_p1,car_adj,surprise_orth_bps,HC1,-0.15653876838496525,0.0006068749958724196,0.19924076085417472,0.6710144240229903,-1.1159233433377749,1.5144048650461241,0.2969247064163681,0.7665239933430787,scheduled_only,car_adj
XLP,193,scheduled_only,m1_p1,car_adj,surprise_orth_bps,HC1,-0.1331100262538456,0.013289146353129833,0.7661887301728856,0.5281616100513372,-0.26898900354442346,1.8013664638901947,1.4506709984059845,0.14687149485488873,scheduled_only,car_adj
TLT,165,scheduled_only,m1_p1,car_adj,surprise_orth_bps,HC1,0.10120797318938757,0.0040341511376679184,1.078673668834574,1.7554378866807858,-2.3619213661568708,4.519268703826019,0.6144755545148624,0.5389011220474729,scheduled_only,car_adj
XLV,193,scheduled_only,m1_p1,car_adj,surprise_orth_bps,HC1,0.03309999604265378,0.027346151115769768,1.132975851926488,0.5562236553725415,0.04279752004708766,2.2231541838058884,2.0369069905300154,0.04165936347460651,scheduled_only,car_adj
IEF,165,scheduled_only,m1_p1,car_adj,surprise_orth_bps,HC1,-0.04241582052704716,0.010922608901518194,1.419877058353824,1.4665609181553716,-1.4545295223646981,4.294283639072346,0.9681678004482308,0.33296057322941086,scheduled_only,car_adj
GLD,146,scheduled_only,m1_p1,car_adj,surprise_orth_bps,HC1,-0.07011717360808331,0.006235458399729943,1.5695839443135307,3.0940828449152167,-4.494706996903523,7.633874885530585,0.5072856878712761,0.6119543792481883,scheduled_only,car_adj
SPY,200,scheduled_only,d0_p1,car_raw,surprise_bps,HC1,0.19270257999210877,0.05982372369852629,-2.041416867568003,0.616781645507101,-3.2502866790872718,-0.8325470560487342,-3.3097886139098804,0.000933664537574998,scheduled_only,auto
GLD,152,scheduled_only,d0_p1,car_raw,surprise_bps,HC1,0.10625494986645298,0.02364928537432953,-1.7558722954459007,1.0464235657217653,-3.806824796834543,0.29508020594274165,-1.6779747254973147,0.09335203318172201,scheduled_only,auto
TLT,171,scheduled_only,d0_p1,car_raw,surprise_bps,HC1,0.22382123862256773,0.03197249332319341,-1.4215801541967044,0.8019285596797016,-2.9933312493429987,0.15017094094958994,-1.7727017413677073,0.07627814240888793,scheduled_only,auto
XLB,199,scheduled_only,d0_p1,car_adj,surprise_bps,HC1,-0.08030204361264424,0.031682693004021045,-1.2224634618084158,0.4771030238230363,-2.1575682054167227,-0.28735871820010916,-2.5622630768775916,0.010399251313183836,scheduled_only,auto
IEF,171,scheduled_only,d0_p1,car_raw,surprise_bps,HC1,0.14526921199946402,0.08176145636711474,-1.1084006099060018,0.3479514963018984,-1.7903730110245444,-0.4264282087874591,-3.185503214345437,0.001445024986194477,scheduled_only,auto
XLRE,65,scheduled_only,d0_p1,car_adj,surprise_bps,HC1,0.047110426333441424,0.019732807592722557,-1.079205254421394,1.1209296576906522,-3.2761870126978834,1.1177765038550957,-0.9627769655455283,0.335659462684321,scheduled_only,auto
XLY,199,scheduled_only,d0_p1,car_adj,surprise_bps,HC1,0.08540538821915002,0.04170068697425944,-0.9407029805683597,0.3898844938134106,-1.704862546573274,-0.17654341456344538,-2.412773514964557,0.015831653870650327,scheduled_only,auto
XLE,199,scheduled_only,d0_p1,car_adj,surprise_bps,HC1,-0.10161599738082774,0.0074231671139581845,-0.8015080289273996,0.6603218834669583,-2.0957151387262924,0.4926990808714931,-1.2138141245889909,0.22481871139166687,scheduled_only,auto
XLF,199,scheduled_only,d0_p1,car_adj,surprise_bps,HC1,-0.08743241785095193,0.007944012847400539,-0.5616541498782146,0.7194006216289812,-1.9716534587267445,0.848345158970315,-0.7807251383887159,0.43496417214337,scheduled_only,auto
XLI,199,scheduled_only,d0_p1,car_adj,surprise_bps,HC1,0.0035433904628459096,0.013307962316590372,-0.4492839479885212,0.26355600837959875,-0.9658442323216714,0.06727633634462894,-1.7047000777968198,0.08825037534562263,scheduled_only,auto
QQQ,198,scheduled_only,d0_p1,car_adj,surprise_bps,HC1,0.16011367579251942,0.002744612670686042,-0.3201868817946362,0.40589916740409554,-1.1157346312614578,0.4753608676721853,-0.7888335515501861,0.4302092968487936,scheduled_only,auto
XLK,199,scheduled_only,d0_p1,car_adj,surprise_bps,HC1,0.12423252355226505,0.0018062427192940822,-0.23098052574896483,0.38163870539092054,-0.9789786434216612,0.5170175919237315,-0.6052334904353233,0.5450238662105245,scheduled_only,auto
XLU,199,scheduled_only,d0_p1,car_adj,surprise_bps,HC1,-0.10049284655027874,0.0004518755389353313,0.1429538839991397,0.5972365878133781,-1.0276083183646745,1.313516086362954,0.2393588854335383,0.8108273081257336,scheduled_only,auto
XLP,199,scheduled_only,d0_p1,car_adj,surprise_bps,HC1,-0.12486663966932005,0.018332101104379328,0.7137805539024261,0.3847308287434759,-0.04027801417703404,1.4678391219818863,1.855272571302957,0.06355731298600788,scheduled_only,auto
XLV,199,scheduled_only,d0_p1,car_adj,surprise_bps,HC1,-0.0015274806457396678,0.03982297385212674,0.9859545574223121,0.3383731041709421,0.32275545991024573,1.6491536549343786,2.913808885130006,0.003570484170564421,scheduled_only,auto
XLB,199,scheduled_only,d0_p1,car_raw,surprise_bps,HC1,0.10039978594283487,0.09052600638407349,-3.2712011032178294,0.8567533240769023,-4.9504067620435315,-1.5919954443921278,-3.818136459222195,0.0001344635471343072,scheduled_only,car_raw
XLY,199,scheduled_only,d0_p1,car_raw,surprise_bps,HC1,0.2661072177746291,0.09041435257694674,-2.9894406219777716,0.7910725363802728,-4.539914302441858,-1.4389669415136852,-3.778971566446508,0.00015747740257876652,scheduled_only,car_raw
XLE,199,scheduled_only,d0_p1,car_raw,surprise_bps,HC1,0.07908583217465141,0.053165322761818845,-2.8502456703368133,0.8004923567118976,-4.419181859391723,-1.2813094812819041,-3.5606157216097385,0.00036998621098826786,scheduled_only,car_raw
XLF,199,scheduled_only,d0_p1,car_raw,surprise_bps,HC1,0.09326941170452716,0.05181996293023228,-2.6103917912876278,1.1171558279896494,-4.799976979266364,-0.42080660330889136,-2.33664071375351,0.01945787361007816,scheduled_only,car_raw
XLI,199,scheduled_only,d0_p1,car_raw,surprise_bps,HC1,0.1842452200183251,0.06972632629602848,-2.498021589397934,0.676742260114353,-3.824412046038303,-1.1716311327575648,-3.6912451558379535,0.00022315891665226177,scheduled_only,car_raw
QQQ,198,scheduled_only,d0_p1,car_raw,surprise_bps,HC1,0.3437338226541268,0.038757369016419796,-2.3668731881645657,0.8489613649619889,-4.030806887756029,-0.7029394885731028,-2.7879633701240802,0.005304054067068514,scheduled_only,car_raw
XLK,199,scheduled_only,d0_p1,car_raw,surprise_bps,HC1,0.3049343531077442,0.0430948631255087,-2.279718167158378,0.7566978867424513,-3.7628187723511517,-0.7966175619656046,-3.012719087894453,0.0025891846693329363,scheduled_only,car_raw
SPY,200,scheduled_only,d0_p1,car_raw,surprise_bps,HC1,0.19270257999210877,0.05982372369852629,-2.041416867568003,0.616781645507101,-3.2502866790872718,-0.8325470560487342,-3.3097886139098804,0.000933664537574998,scheduled_only,car_raw
XLRE,65,scheduled_only,d0_p1,car_raw,surprise_bps,HC1,-0.025781282070307887,0.027773395603305273,-2.0303324985270774,1.9443537632977836,-5.8411958477956505,1.7805308507414959,-1.0442196974914004,0.29638375569334074,scheduled_only,car_raw
XLU,199,scheduled_only,d0_p1,car_raw,surprise_bps,HC1,0.08020898300520046,0.05906065285081852,-1.9057837574102738,0.5949721885041209,-3.071907818681327,-0.7396596961392209,-3.203147633172225,0.0013593427629253472,scheduled_only,car_raw
GLD,152,scheduled_only,d0_p1,car_raw,surprise_bps,HC1,0.10625494986645298,0.02364928537432953,-1.7558722954459007,1.0464235657217653,-3.806824796834543,0.29508020594274165,-1.6779747254973147,0.09335203318172201,scheduled_only,car_raw
TLT,171,scheduled_only,d0_p1,car_raw,surprise_bps,HC1,0.22382123862256773,0.03197249332319341,-1.4215801541967044,0.8019285596797016,-2.9933312493429987,0.15017094094958994,-1.7727017413677073,0.07627814240888793,scheduled_only,car_raw
XLP,199,scheduled_only,d0_p1,car_raw,surprise_bps,HC1,0.05583518988615915,0.039760089318238934,-1.3349570875069872,0.4620240007506433,-2.240507488971355,-0.4294066860426193,-2.8893674037238384,0.0038601776661928624,scheduled_only,car_raw
IEF,171,scheduled_only,d0_p1,car_raw,surprise_bps,HC1,0.14526921199946402,0.08176145636711474,-1.1084006099060018,0.3479514963018984,-1.7903730110245444,-0.4264282087874591,-3.185503214345437,0.001445024986194477,scheduled_only,car_raw
XLV,199,scheduled_only,d0_p1,car_raw,surprise_bps,HC1,0.17917434890973932,0.01921384457002584,-1.062783083987101,0.5665291382330125,-2.173159791116319,0.04759362314211719,-1.8759548490336964,0.060661480052873105,scheduled_only,car_raw
XLB,199,scheduled_only,d0_p1,car_adj,surprise_bps,HC1,-0.08030204361264424,0.031682693004021045,-1.2224634618084158,0.4771030238230363,-2.1575682054167227,-0.28735871820010916,-2.5622630768775916,0.010399251313183836,scheduled_only,car_adj
XLRE,65,scheduled_only,d0_p1,car_adj,surprise_bps,HC1,0.047110426333441424,0.019732807592722557,-1.079205254421394,1.1209296576906522,-3.2761870126978834,1.1177765038550957,-0.9627769655455283,0.335659462684321,scheduled_only,car_adj
XLY,199,scheduled_only,d0_p1,car_adj,surprise_bps,HC1,0.08540538821915002,0.04170068697425944,-0.9407029805683597,0.3898844938134106,-1.704862546573274,-0.17654341456344538,-2.412773514964557,0.015831653870650327,scheduled_only,car_adj
XLE,199,scheduled_only,d0_p1,car_adj,surprise_bps,HC1,-0.10161599738082774,0.0074231671139581845,-0.8015080289273996,0.6603218834669583,-2.0957151387262924,0.4926990808714931,-1.2138141245889909,0.22481871139166687,scheduled_only,car_adj
XLF,199,scheduled_only,d0_p1,car_adj,surprise_bps,HC1,-0.08743241785095193,0.007944012847400539,-0.5616541498782146,0.7194006216289812,-1.9716534587267445,0.848345158970315,-0.7807251383887159,0.43496417214337,scheduled_only,car_adj
XLI,199,scheduled_only,d0_p1,car_adj,surprise_bps,HC1,0.0035433904628459096,0.013307962316590372,-0.4492839479885212,0.26355600837959875,-0.9658442323216714,0.06727633634462894,-1.7047000777968198,0.08825037534562263,scheduled_only,car_adj
QQQ,198,scheduled_only,d0_p1,car_adj,surprise_bps,HC1,0.16011367579251942,0.002744612670686042,-0.3201868817946362,0.40589916740409554,-1.1157346312614578,0.4753608676721853,-0.7888335515501861,0.4302092968487936,scheduled_only,car_adj
XLK,199,scheduled_only,d0_p1,car_adj,surprise_bps,HC1,0.12423252355226505,0.0018062427192940822,-0.23098052574896483,0.38163870539092054,-0.9789786434216612,0.5170175919237315,-0.6052334904353233,0.5450238662105245,scheduled_only,car_adj
SPY,200,scheduled_only,d0_p1,car_adj,surprise_bps,HC1,0.0,,0.0,0.0,0.0,0.0,,,scheduled_only,car_adj
XLU,199,scheduled_only,d0_p1,car_adj,surprise_bps,HC1,-0.10049284655027874,0.0004518755389353313,0.1429538839991397,0.5972365878133781,-1.0276083183646745,1.313516086362954,0.2393588854335383,0.8108273081257336,scheduled_only,car_adj
XLP,199,scheduled_only,d0_p1,car_adj,surprise_bps,HC1,-0.12486663966932005,0.018332101104379328,0.7137805539024261,0.3847308287434759,-0.04027801417703404,1.4678391219818863,1.855272571302957,0.06355731298600788,scheduled_only,car_adj
GLD,152,scheduled_only,d0_p1,car_adj,surprise_bps,HC1,-0.01555959734650715,0.004864042294878024,0.92676837823953,1.2515661322213254,-1.526256165184363,3.379792921663423,0.740486942223874,0.45900458146351863,scheduled_only,car_adj
XLV,199,scheduled_only,d0_p1,car_adj,surprise_bps,HC1,-0.0015274806457396678,0.03982297385212674,0.9859545574223121,0.3383731041709421,0.32275545991024573,1.6491536549343786,2.913808885130006,0.003570484170564421,scheduled_only,car_adj
TLT,171,scheduled_only,d0_p1,car_adj,surprise_bps,HC1,0.07862721784475879,0.006142517417089044,1.0032418494130084,1.1030344178796103,-1.1586658833391317,3.1651495821651485,0.9095290529025962,0.3630709292382692,scheduled_only,car_adj
IEF,171,scheduled_only,d0_p1,car_adj,surprise_bps,HC1,7.519122165512704e-05,0.019002290160114677,1.3164213937037115,0.8162039624136089,-0.2833089766658459,2.9161517640732693,1.6128583715899911,0.10677528101917881,scheduled_only,car_adj
SPY,194,scheduled_only,d0_p1,car_raw,surprise_orth_bps,HC1,0.22094612475096664,0.04906693004582019,-1.9602300549699956,0.678940676364543,-3.290929328283765,-0.6295307816562264,-2.8871890037083165,0.0038870065901196534,scheduled_only,auto
GLD,146,scheduled_only,d0_p1,car_raw,surprise_orth_bps,HC1,0.07962204739785403,0.008427860678224763,-1.1656325830888332,1.7022733700000232,-4.502027080130504,2.170761913952838,-0.6847505245816171,0.4935013605849172,scheduled_only,auto
TLT,165,scheduled_only,d0_p1,car_raw,surprise_orth_bps,HC1,0.22250558462643305,0.0144551711229568,-1.018498662765865,0.7428300887751318,-2.4744188833978145,0.4374215578660844,-1.3711058264283411,0.17034196895911802,scheduled_only,auto
IEF,165,scheduled_only,d0_p1,car_raw,surprise_orth_bps,HC1,0.14549279974387036,0.051160563864254494,-0.9444647720437189,0.3632587443006827,-1.656438827942302,-0.2324907161451361,-2.5999780786060045,0.009322971579649056,scheduled_only,auto
XLB,193,scheduled_only,d0_p1,car_adj,surprise_orth_bps,HC1,-0.07479034907771805,0.009723554960623382,-0.7274743848723607,0.5945077805113631,-1.8926882232034759,0.4377394534587544,-1.2236583081328676,0.22108115359704572,scheduled_only,auto
XLY,193,scheduled_only,d0_p1,car_adj,surprise_orth_bps,HC1,0.08953699656267822,0.01994148782365157,-0.7187299085632497,0.36873349930015226,-1.4414342870849732,0.003974469958473951,-1.9491852786019785,0.05127330237448156,scheduled_only,auto
XLRE,59,scheduled_only,d0_p1,car_adj,surprise_orth_bps,HC1,0.12053422548963752,0.007011731326802995,-0.6647680435176554,1.1394842492027708,-2.8981161329057503,1.5685800458704393,-0.5833937976613138,0.5596282321807453,scheduled_only,auto
XLE,193,scheduled_only,d0_p1,car_adj,surprise_orth_bps,HC1,-0.0616857448737958,0.0037307409600855213,-0.5713290825772028,0.8246936872409859,-2.187699007847075,1.0450408426926692,-0.6927773201327455,0.48844930728523805,scheduled_only,auto
QQQ,192,scheduled_only,d0_p1,car_adj,surprise_orth_bps,HC1,0.14523967052333947,0.0039069222071361764,-0.41442816538325183,0.4581676791210115,-1.3124203153407386,0.4835639845742348,-0.9045338295759463,0.3657124044844843,scheduled_only,auto
XLK,193,scheduled_only,d0_p1,car_adj,surprise_orth_bps,HC1,0.09947829245924472,0.0048835766974266726,-0.4104855531204673,0.442251104056124,-1.2772817891935462,0.4563106829526115,-0.9281730432229166,0.3533178151556763,scheduled_only,auto
XLI,193,scheduled_only,d0_p1,car_adj,surprise_orth_bps,HC1,0.018992921745686266,0.006176628066917433,-0.31241905191935465,0.2878835240585957,-0.8766603908166724,0.25182228697796305,-1.0852272735683375,0.2778210074688102,scheduled_only,auto
XLF,193,scheduled_only,d0_p1,car_adj,surprise_orth_bps,HC1,-0.05616462638122258,0.0014371269030682976,-0.2502797464372101,0.6230665889886071,-1.4714678208251006,0.9709083279506805,-0.40169020592722965,0.6879120333581203,scheduled_only,auto
XLU,193,scheduled_only,d0_p1,car_adj,surprise_orth_bps,HC1,-0.07300237089855742,1.6196910690435828e-07,-0.0028851901335003906,0.6192475392270479,-1.2165880645335687,1.2108176842665679,-0.004659187079050357,0.996282520013596,scheduled_only,auto
XLP,193,scheduled_only,d0_p1,car_adj,surprise_orth_bps,HC1,-0.11994600377885109,0.01202760379722656,0.618420357807368,0.4206712070044242,-0.20608005725429712,1.4429207728690332,1.4700800708731752,0.14154006917474773,scheduled_only,auto
XLV,193,scheduled_only,d0_p1,car_adj,surprise_orth_bps,HC1,0.0021828875403589014,0.04198115808894676,1.1054485905382796,0.38024781345558245,0.360176570965233,1.8507206101113263,2.9071793483630626,0.0036470403266823342,scheduled_only,auto
XLB,193,scheduled_only,d0_p1,car_raw,surprise_orth_bps,HC1,0.1340531831377048,0.055329918384873555,-2.687911780609837,0.9447650545138835,-4.539617261309069,-0.8362062999106045,-2.845058427772677,0.004440327736813087,scheduled_only,car_raw
XLY,193,scheduled_only,d0_p1,car_raw,surprise_orth_bps,HC1,0.29838052877810095,0.06294791042444958,-2.6791673043007247,0.854780759407359,-4.3545068074169455,-1.0038278011845043,-3.1343327219464543,0.0017224542904581523,scheduled_only,car_raw
XLE,193,scheduled_only,d0_p1,car_raw,surprise_orth_bps,HC1,0.14715778734162682,0.042769095870126006,-2.5317664783146787,0.9209191879618007,-4.336734919391681,-0.7267980372376769,-2.7491733383447485,0.0059745781694341095,scheduled_only,car_raw
QQQ,192,scheduled_only,d0_p1,car_raw,surprise_orth_bps,HC1,0.358197185139282,0.03315047486387812,-2.3803783483922687,0.9539452843052142,-4.250076748852312,-0.5106799479322265,-2.495298616760779,0.012585116931448039,scheduled_only,car_raw
XLK,193,scheduled_only,d0_p1,car_raw,surprise_orth_bps,HC1,0.30832182467466746,0.039922271569352574,-2.3709229488579453,0.8648414009919596,-4.06598094714135,-0.6758649505745413,-2.7414540355474815,0.006116791830856807,scheduled_only,car_raw
XLI,193,scheduled_only,d0_p1,car_raw,surprise_orth_bps,HC1,0.22783645396110896,0.05402351021013252,-2.2728564476568294,0.7297422960214174,-3.7031250658543744,-0.8425878294592848,-3.1146014970607143,0.0018419357369899713,scheduled_only,car_raw
XLF,193,scheduled_only,d0_p1,car_raw,surprise_orth_bps,HC1,0.15267890583420024,0.0349370236737242,-2.2107171421746856,1.0657358509738564,-4.299521027116591,-0.12191325723278079,-2.074357487509273,0.03804612246192904,scheduled_only,car_raw
XLRE,59,scheduled_only,d0_p1,car_raw,surprise_orth_bps,HC1,0.10175552144369843,0.032244807774208906,-2.0721757619434755,1.9050324470878892,-5.805970747615944,1.6616192237289933,-1.0877377784882816,0.2767108848781117,scheduled_only,car_raw
XLU,193,scheduled_only,d0_p1,car_raw,surprise_orth_bps,HC1,0.13584116131686527,0.05447449913276681,-1.9633225858709757,0.7246592411958236,-3.3836285996789144,-0.5430165720630372,-2.709304558969158,0.006742441590331048,scheduled_only,car_raw
SPY,194,scheduled_only,d0_p1,car_raw,surprise_orth_bps,HC1,0.22094612475096664,0.04906693004582019,-1.9602300549699956,0.678940676364543,-3.290929328283765,-0.6295307816562264,-2.8871890037083165,0.0038870065901196534,scheduled_only,car_raw
XLP,193,scheduled_only,d0_p1,car_raw,surprise_orth_bps,HC1,0.08889752843657173,0.034777749893757925,-1.3420170379301082,0.5470154767052512,-2.4141476712584096,-0.269886404601807,-2.453343817643442,0.014153498663331168,scheduled_only,car_raw
GLD,146,scheduled_only,d0_p1,car_raw,surprise_orth_bps,HC1,0.07962204739785403,0.008427860678224763,-1.1656325830888332,1.7022733700000232,-4.502027080130504,2.170761913952838,-0.6847505245816171,0.4935013605849172,scheduled_only,car_raw
TLT,165,scheduled_only,d0_p1,car_raw,surprise_orth_bps,HC1,0.22250558462643305,0.0144551711229568,-1.018498662765865,0.7428300887751318,-2.4744188833978145,0.4374215578660844,-1.3711058264283411,0.17034196895911802,scheduled_only,car_raw
IEF,165,scheduled_only,d0_p1,car_raw,surprise_orth_bps,HC1,0.14549279974387036,0.051160563864254494,-0.9444647720437189,0.3632587443006827,-1.656438827942302,-0.2324907161451361,-2.5999780786060045,0.009322971579649056,scheduled_only,car_raw
XLV,193,scheduled_only,d0_p1,car_raw,surprise_orth_bps,HC1,0.21102641975578162,0.01090779592117841,-0.8549888051991962,0.5873812752731155,-2.00623494992771,0.29625733952931743,-1.4555942471977013,0.14550481928937967,scheduled_only,car_raw
XLB,193,scheduled_only,d0_p1,car_adj,surprise_orth_bps,HC1,-0.07479034907771805,0.009723554960623382,-0.7274743848723607,0.5945077805113631,-1.8926882232034759,0.4377394534587544,-1.2236583081328676,0.22108115359704572,scheduled_only,car_adj
XLY,193,scheduled_only,d0_p1,car_adj,surprise_orth_bps,HC1,0.08953699656267822,0.01994148782365157,-0.7187299085632497,0.36873349930015226,-1.4414342870849732,0.003974469958473951,-1.9491852786019785,0.05127330237448156,scheduled_only,car_adj
XLRE,59,scheduled_only,d0_p1,car_adj,surprise_orth_bps,HC1,0.12053422548963752,0.007011731326802995,-0.6647680435176554,1.1394842492027708,-2.8981161329057503,1.5685800458704393,-0.5833937976613138,0.5596282321807453,scheduled_only,car_adj
XLE,193,scheduled_only,d0_p1,car_adj,surprise_orth_bps,HC1,-0.0616857448737958,0.0037307409600855213,-0.5713290825772028,0.8246936872409859,-2.187699007847075,1.0450408426926692,-0.6927773201327455,0.48844930728523805,scheduled_only,car_adj
QQQ,192,scheduled_only,d0_p1,car_adj,surprise_orth_bps,HC1,0.14523967052333947,0.0039069222071361764,-0.41442816538325183,0.4581676791210115,-1.3124203153407386,0.4835639845742348,-0.9045338295759463,0.3657124044844843,scheduled_only,car_adj
XLK,193,scheduled_only,d0_p1,car_adj,surprise_orth_bps,HC1,0.09947829245924472,0.0048835766974266726,-0.4104855531204673,0.442251104056124,-1.2772817891935462,0.4563106829526115,-0.9281730432229166,0.3533178151556763,scheduled_only,car_adj
XLI,193,scheduled_only,d0_p1,car_adj,surprise_orth_bps,HC1,0.018992921745686266,0.006176628066917433,-0.31241905191935465,0.2878835240585957,-0.8766603908166724,0.25182228697796305,-1.0852272735683375,0.2778210074688102,scheduled_only,car_adj
XLF,193,scheduled_only,d0_p1,car_adj,surprise_orth_bps,HC1,-0.05616462638122258,0.0014371269030682976,-0.2502797464372101,0.6230665889886071,-1.4714678208251006,0.9709083279506805,-0.40169020592722965,0.6879120333581203,scheduled_only,car_adj
XLU,193,scheduled_only,d0_p1,car_adj,surprise_orth_bps,HC1,-0.07300237089855742,1.6196910690435828e-07,-0.0028851901335003906,0.6192475392270479,-1.2165880645335687,1.2108176842665679,-0.004659187079050357,0.996282520013596,scheduled_only,car_adj
SPY,194,scheduled_only,d0_p1,car_adj,surprise_orth_bps,HC1,0.0,,0.0,0.0,0.0,0.0,,,scheduled_only,car_adj
XLP,193,scheduled_only,d0_p1,car_adj,surprise_orth_bps,HC1,-0.11994600377885109,0.01202760379722656,0.618420357807368,0.4206712070044242,-0.20608005725429712,1.4429207728690332,1.4700800708731752,0.14154006917474773,scheduled_only,car_adj
XLV,193,scheduled_only,d0_p1,car_adj,surprise_orth_bps,HC1,0.0021828875403589014,0.04198115808894676,1.1054485905382796,0.38024781345558245,0.360176570965233,1.8507206101113263,2.9071793483630626,0.0036470403266823342,scheduled_only,car_adj
TLT,165,scheduled_only,d0_p1,car_adj,surprise_orth_bps,HC1,0.0564489310229391,0.008660705881258002,1.2236037714785155,1.1330230717191618,-0.9970806427439844,3.4442881857010152,1.0799460328922634,0.28016621280859444,scheduled_only,car_adj
IEF,165,scheduled_only,d0_p1,car_adj,surprise_orth_bps,HC1,-0.020563853859623775,0.017581180968720855,1.2976376622006613,0.8814290748198663,-0.42993157937273735,3.0252069037740603,1.4721974793784216,0.14096755789735071,scheduled_only,car_adj
GLD,146,scheduled_only,d0_p1,car_adj,surprise_orth_bps,HC1,-0.06996725309430035,0.010304928070455133,1.4615069338447537,1.9832772689987719,-2.425645084749796,5.348658952439303,0.7369150832765677,0.4611739909110548,scheduled_only,car_adj
TLT,171,scheduled_only,d0_p5,car_raw,surprise_bps,HC1,0.20487522192948018,0.06953849460669237,-2.9150560114823767,0.9733339371955361,-4.822755473316198,-1.007356549648555,-2.9949187016755197,0.002745179991602723,scheduled_only,auto
XLRE,65,scheduled_only,d0_p5,car_adj,surprise_bps,HC1,-0.4091985368862732,0.032635753714246096,-2.323379429698852,1.551579985752889,-5.364420320907684,0.7176614615099802,-1.4974280739845036,0.134281907902959,scheduled_only,auto
SPY,200,scheduled_only,d0_p5,car_raw,surprise_bps,HC1,0.2172654179941187,0.031092438571644343,-2.00942671170513,0.8681470170522436,-3.7109635984134073,-0.30788982499685214,-2.3146156955397403,0.02063397313628903,scheduled_only,auto
GLD,152,scheduled_only,d0_p5,car_raw,surprise_bps,HC1,-0.04759492299761947,0.01267461161652339,-1.840963899015737,1.4926274306303877,-4.766459905387855,1.0845321073563805,-1.2333713432013207,0.21743725148737492,scheduled_only,auto
IEF,171,scheduled_only,d0_p5,car_raw,surprise_bps,HC1,0.17471431807444987,0.10855579397604753,-1.7030419003065975,0.41664260405339293,-2.51964639867623,-0.8864374019369655,-4.0875366170866965,4.3597787931830326e-05,scheduled_only,auto
QQQ,198,scheduled_only,d0_p5,car_adj,surprise_bps,HC1,0.17789755326107287,0.02149920339649114,-1.5398396613129566,0.8336104377524948,-3.1736860964445155,0.09400677381860185,-1.8471933550454736,0.0647191221058765,scheduled_only,auto
XLK,199,scheduled_only,d0_p5,car_adj,surprise_bps,HC1,0.2060777949642325,0.024813437764029778,-1.4443810654902711,0.6638640692365716,-2.7455307318241564,-0.14323139915638616,-2.1757180911316323,0.029576346598501748,scheduled_only,auto
XLI,199,scheduled_only,d0_p5,car_adj,surprise_bps,HC1,0.01217960659297787,0.006062980228941917,-0.4915232342057966,0.4702833241349766,-1.413261612040127,0.43021514362853386,-1.045164072338495,0.2959471452975323,scheduled_only,auto
XLB,199,scheduled_only,d0_p5,car_adj,surprise_bps,HC1,-0.09266398321889341,0.0011692410260183417,-0.3592577382618634,0.8167846407879563,-1.960126217331743,1.2416107408080164,-0.4398438955895224,0.6600501729083568,scheduled_only,auto
XLU,199,scheduled_only,d0_p5,car_adj,surprise_bps,HC1,-0.15335528563882583,0.0010027683364661755,-0.35053345745894554,0.7528892169868031,-1.8261692071016418,1.1251022921837506,-0.46558437755536325,0.6415130274785177,scheduled_only,auto
XLE,199,scheduled_only,d0_p5,car_adj,surprise_bps,HC1,0.015463504969984651,3.195740494699173e-05,-0.08618268647257597,1.300733709926077,-2.6355739114048564,2.4632085384597047,-0.06625697928400263,0.9471732334809859,scheduled_only,auto
XLY,199,scheduled_only,d0_p5,car_adj,surprise_bps,HC1,-0.04760599334004693,0.0001722967584071311,0.09321041842581734,0.5927874664958784,-1.0686316663928483,1.2550525032444828,0.15724087247797003,0.8750550173516667,scheduled_only,auto
XLV,199,scheduled_only,d0_p5,car_adj,surprise_bps,HC1,-0.06184712204920042,0.002047357896112434,0.3658646970086747,0.8746003983678298,-1.3483205846566553,2.0800499786740048,0.41832212481431247,0.6757116154625733,scheduled_only,auto
XLF,199,scheduled_only,d0_p5,car_adj,surprise_bps,HC1,-0.2278253703598925,0.003331874602647833,0.5746465891126447,0.7214664989632991,-0.8394017649076256,1.9886949431329146,0.7964979523489654,0.4257426652106392,scheduled_only,auto
XLP,199,scheduled_only,d0_p5,car_adj,surprise_bps,HC1,-0.08346109820780621,0.0069962675798262985,0.7600380568044065,0.6981808058224144,-0.6083711773046785,2.1284472909134915,1.0885977535706215,0.2763313078593169,scheduled_only,auto
QQQ,198,scheduled_only,d0_p5,car_raw,surprise_bps,HC1,0.39882264897279374,0.036370064722888173,-3.5455559377660255,1.5314233664429795,-6.547090581077351,-0.5440212944546999,-2.3152029774766008,0.02060182639462282,scheduled_only,car_raw
XLK,199,scheduled_only,d0_p5,car_raw,surprise_bps,HC1,0.41109241735569624,0.04146440720904032,-3.461281085173762,1.3817471654144318,-6.169455765126357,-0.7531064052211669,-2.5050032102910875,0.012245028196455414,scheduled_only,car_raw
TLT,171,scheduled_only,d0_p5,car_raw,surprise_bps,HC1,0.20487522192948018,0.06953849460669237,-2.9150560114823767,0.9733339371955361,-4.822755473316198,-1.007356549648555,-2.9949187016755197,0.002745179991602723,scheduled_only,car_raw
XLRE,65,scheduled_only,d0_p5,car_raw,surprise_bps,HC1,-0.4233434218813533,0.026717142324092058,-2.6935868061024926,2.5473754471763153,-7.686350937669685,2.2991773254647003,-1.057396862754663,0.29033050272855687,scheduled_only,car_raw
XLI,199,scheduled_only,d0_p5,car_raw,surprise_bps,HC1,0.21719422898444174,0.03902179224856395,-2.5084232538892874,0.8228931624592616,-4.121264215433708,-0.8955822923448671,-3.0482976020759804,0.0023014188522407046,scheduled_only,car_raw
XLB,199,scheduled_only,d0_p5,car_raw,surprise_bps,HC1,0.11235063917257043,0.02351470440659198,-2.3761577579453563,1.2883523011666125,-4.9012818676312175,0.14896635174050482,-1.8443385056973378,0.06513382314907867,scheduled_only,car_raw
XLU,199,scheduled_only,d0_p5,car_raw,surprise_bps,HC1,0.05165933675263801,0.042390095232540004,-2.3674334771424355,0.800872326154263,-3.937114392619607,-0.7977525616652645,-2.9560685265661477,0.0031158785424525897,scheduled_only,car_raw
XLE,199,scheduled_only,d0_p5,car_raw,surprise_bps,HC1,0.22047812736144845,0.013204502087575065,-2.1030827061560666,1.6516092785541021,-5.340177408654289,1.1340119963421553,-1.273353651777257,0.20289257623656065,scheduled_only,car_raw
SPY,200,scheduled_only,d0_p5,car_raw,surprise_bps,HC1,0.2172654179941187,0.031092438571644343,-2.00942671170513,0.8681470170522436,-3.7109635984134073,-0.30788982499685214,-2.3146156955397403,0.02063397313628903,scheduled_only,car_raw
XLY,199,scheduled_only,d0_p5,car_raw,surprise_bps,HC1,0.1574086290514169,0.017268828520586976,-1.9236896012576732,1.1745486608174263,-4.22576267454958,0.3783834720342341,-1.6378117530855494,0.1014609690619428,scheduled_only,car_raw
GLD,152,scheduled_only,d0_p5,car_raw,surprise_bps,HC1,-0.04759492299761947,0.01267461161652339,-1.840963899015737,1.4926274306303877,-4.766459905387855,1.0845321073563805,-1.2333713432013207,0.21743725148737492,scheduled_only,car_raw
IEF,171,scheduled_only,d0_p5,car_raw,surprise_bps,HC1,0.17471431807444987,0.10855579397604753,-1.7030419003065975,0.41664260405339293,-2.51964639867623,-0.8864374019369655,-4.0875366170866965,4.3597787931830326e-05,scheduled_only,car_raw
XLV,199,scheduled_only,d0_p5,car_raw,surprise_bps,HC1,0.1431675003422634,0.02592167165092385,-1.6510353226748167,0.7555748995323235,-3.1319349133806407,-0.17013573196899295,-2.1851378648189006,0.028878739682580857,scheduled_only,car_raw
XLF,199,scheduled_only,d0_p5,car_raw,surprise_bps,HC1,-0.02281074796842869,0.0074947438477935835,-1.442253430570847,1.1340555400080585,-3.664961445454764,0.78045458431307,-1.271766134629172,0.20345622477821124,scheduled_only,car_raw
XLP,199,scheduled_only,d0_p5,car_raw,surprise_bps,HC1,0.1215535241836576,0.020963380345938476,-1.2568619628790851,0.5842761104229353,-2.4020220963351857,-0.11170182942298428,-2.1511438521237682,0.03146484716903597,scheduled_only,car_raw
XLRE,65,scheduled_only,d0_p5,car_adj,surprise_bps,HC1,-0.4091985368862732,0.032635753714246096,-2.323379429698852,1.551579985752889,-5.364420320907684,0.7176614615099802,-1.4974280739845036,0.134281907902959,scheduled_only,car_adj
TLT,171,scheduled_only,d0_p5,car_adj,surprise_bps,HC1,-0.03494218203527027,0.01226310639004724,-1.843762325643683,1.4861893471967602,-4.756639920356427,1.069115269069061,-1.2405971884547378,0.21475459110814343,scheduled_only,car_adj
QQQ,198,scheduled_only,d0_p5,car_adj,surprise_bps,HC1,0.17789755326107287,0.02149920339649114,-1.5398396613129566,0.8336104377524948,-3.1736860964445155,0.09400677381860185,-1.8471933550454736,0.0647191221058765,scheduled_only,car_adj
XLK,199,scheduled_only,d0_p5,car_adj,surprise_bps,HC1,0.2060777949642325,0.024813437764029778,-1.4443810654902711,0.6638640692365716,-2.7455307318241564,-0.14323139915638616,-2.1757180911316323,0.029576346598501748,scheduled_only,car_adj
GLD,152,scheduled_only,d0_p5,car_adj,surprise_bps,HC1,-0.2535296539480455,0.0019291385274339268,-0.8771294277722906,1.7092766433008575,-4.227250088257488,2.4729912327129067,-0.5131582597878529,0.6078406209560349,scheduled_only,car_adj
IEF,171,scheduled_only,d0_p5,car_adj,surprise_bps,HC1,-0.06510308589030056,0.0023991712672351007,-0.6317482144679032,1.0794873170267392,-2.7475044776080835,1.484008048672277,-0.5852298628277951,0.5583931676965239,scheduled_only,car_adj
XLI,199,scheduled_only,d0_p5,car_adj,surprise_bps,HC1,0.01217960659297787,0.006062980228941917,-0.4915232342057966,0.4702833241349766,-1.413261612040127,0.43021514362853386,-1.045164072338495,0.2959471452975323,scheduled_only,car_adj
XLB,199,scheduled_only,d0_p5,car_adj,surprise_bps,HC1,-0.09266398321889341,0.0011692410260183417,-0.3592577382618634,0.8167846407879563,-1.960126217331743,1.2416107408080164,-0.4398438955895224,0.6600501729083568,scheduled_only,car_adj
XLU,199,scheduled_only,d0_p5,car_adj,surprise_bps,HC1,-0.15335528563882583,0.0010027683364661755,-0.35053345745894554,0.7528892169868031,-1.8261692071016418,1.1251022921837506,-0.46558437755536325,0.6415130274785177,scheduled_only,car_adj
XLE,199,scheduled_only,d0_p5,car_adj,surprise_bps,HC1,0.015463504969984651,3.195740494699173e-05,-0.08618268647257597,1.300733709926077,-2.6355739114048564,2.4632085384597047,-0.06625697928400263,0.9471732334809859,scheduled_only,car_adj
SPY,200,scheduled_only,d0_p5,car_adj,surprise_bps,HC1,0.0,,0.0,0.0,0.0,0.0,,,scheduled_only,car_adj
XLY,199,scheduled_only,d0_p5,car_adj,surprise_bps,HC1,-0.04760599334004693,0.0001722967584071311,0.09321041842581734,0.5927874664958784,-1.0686316663928483,1.2550525032444828,0.15724087247797003,0.8750550173516667,scheduled_only,car_adj
XLV,199,scheduled_only,d0_p5,car_adj,surprise_bps,HC1,-0.06184712204920042,0.002047357896112434,0.3658646970086747,0.8746003983678298,-1.3483205846566553,2.0800499786740048,0.41832212481431247,0.6757116154625733,scheduled_only,car_adj
XLF,199,scheduled_only,d0_p5,car_adj,surprise_bps,HC1,-0.2278253703598925,0.003331874602647833,0.5746465891126447,0.7214664989632991,-0.8394017649076256,1.9886949431329146,0.7964979523489654,0.4257426652106392,scheduled_only,car_adj
XLP,199,scheduled_only,d0_p5,car_adj,surprise_bps,HC1,-0.08346109820780621,0.0069962675798262985,0.7600380568044065,0.6981808058224144,-0.6083711773046785,2.1284472909134915,1.0885977535706215,0.2763313078593169,scheduled_only,car_adj
TLT,165,scheduled_only,d0_p5,car_raw,surprise_orth_bps,HC1,0.2447202036838685,0.06535457958311164,-3.0306981726246582,0.9754545461189437,-4.942553951573653,-1.1188423936756633,-3.106959913901621,0.0018902202824921178,scheduled_only,auto
XLRE,59,scheduled_only,d0_p5,car_adj,surprise_orth_bps,HC1,-0.2421952326154781,0.03131028895723598,-2.358464038713027,1.5948825132208073,-5.484376324198536,0.767448246772482,-1.4787697646456692,0.13920185931036008,scheduled_only,auto
XLK,193,scheduled_only,d0_p5,car_adj,surprise_orth_bps,HC1,0.16333640787316542,0.03865242564419824,-1.9332200357959124,0.6609693014718361,-3.2286960615673084,-0.6377440100245164,-2.924825754374747,0.0034464914539622826,scheduled_only,auto
QQQ,192,scheduled_only,d0_p5,car_adj,surprise_orth_bps,HC1,0.1620442171008341,0.02494175378343888,-1.80648162985783,0.805927651491164,-3.38607080092546,-0.22689245879019998,-2.241493546617237,0.024994123082303345,scheduled_only,auto
SPY,194,scheduled_only,d0_p5,car_raw,surprise_orth_bps,HC1,0.24068324782456385,0.020064021554661693,-1.7475514311454086,0.8783418967770703,-3.4690699149410644,-0.02603294734975295,-1.9896027248133765,0.04663471576527858,scheduled_only,auto
IEF,165,scheduled_only,d0_p5,car_raw,surprise_orth_bps,HC1,0.1857472420561614,0.09396131086644388,-1.711060346235787,0.4532829299871073,-2.599478563817308,-0.8226421286542659,-3.7748175213314443,0.00016012483388643455,scheduled_only,auto
GLD,146,scheduled_only,d0_p5,car_raw,surprise_orth_bps,HC1,-0.043507324125318485,0.005837794694107945,-1.3779286804134194,2.3502258251010164,-5.984286653147344,3.2284292923205045,-0.5862962893594252,0.5576764241694743,scheduled_only,auto
XLU,193,scheduled_only,d0_p5,car_adj,surprise_orth_bps,HC1,-0.08070451753256959,0.0010001829891689296,-0.37488239169789167,0.8493442222871269,-2.0395664778578424,1.289801694462059,-0.44137863290386875,0.6589389082919836,scheduled_only,auto
XLI,193,scheduled_only,d0_p5,car_adj,surprise_orth_bps,HC1,0.036990131504966606,0.0013765180910425556,-0.24428179409803916,0.5568876424716027,-1.3357615167777985,0.84719792858172,-0.4386554404652565,0.6609112189625774,scheduled_only,auto
XLY,193,scheduled_only,d0_p5,car_adj,surprise_orth_bps,HC1,-0.03896439650831527,0.0014085505512748675,0.2931971194270839,0.714337759921663,-1.1068791628163952,1.693273401670563,0.4104460605011794,0.6814787638505304,scheduled_only,auto
XLB,193,scheduled_only,d0_p5,car_adj,surprise_orth_bps,HC1,-0.06585468350034511,0.0007565605428437872,0.3161425323831739,0.8785621707732212,-1.4058076805116682,2.0380927452780155,0.35984082049075405,0.7189661747876188,scheduled_only,auto
XLV,193,scheduled_only,d0_p5,car_adj,surprise_orth_bps,HC1,-0.049939054167263845,0.0025926136558509505,0.4519250934988651,0.8133993876012802,-1.1423084112465798,2.04615859824431,0.5556004840765802,0.5784840004611058,scheduled_only,auto
XLP,193,scheduled_only,d0_p5,car_adj,surprise_orth_bps,HC1,-0.07060009328855302,0.0029098322831446755,0.5354742735928477,0.7710440204125595,-0.9757442369107352,2.0466927840964306,0.6944795101404633,0.48738154615211615,scheduled_only,auto
XLE,193,scheduled_only,d0_p5,car_adj,surprise_orth_bps,HC1,0.049902012200504636,0.0015982909927934053,0.6466853367060785,1.377580589710208,-2.0533230049273783,3.346693678339535,0.46943557533873004,0.6387583246022721,scheduled_only,auto
XLF,193,scheduled_only,d0_p5,car_adj,surprise_orth_bps,HC1,-0.2090827546230393,0.00787627025481008,0.9270000731841757,1.00990185999529,-1.052371200326605,2.906371346694956,0.917911046513469,0.35866543793337113,scheduled_only,auto
XLK,193,scheduled_only,d0_p5,car_raw,surprise_orth_bps,HC1,0.3916480403869139,0.03972380706299328,-3.6809834165881425,1.2972651521757295,-6.223576393251445,-1.1383904399248401,-2.8374950259124136,0.004546905526266961,scheduled_only,car_raw
QQQ,192,scheduled_only,d0_p5,car_raw,surprise_orth_bps,HC1,0.4083134771510809,0.030864867525069895,-3.5783084535315353,1.4717723855158806,-6.4629293225832605,-0.6936875844798095,-2.4312920182133184,0.015045083254153824,scheduled_only,car_raw
TLT,165,scheduled_only,d0_p5,car_raw,surprise_orth_bps,HC1,0.2447202036838685,0.06535457958311164,-3.0306981726246582,0.9754545461189437,-4.942553951573653,-1.1188423936756633,-3.106959913901621,0.0018902202824921178,scheduled_only,car_raw
XLRE,59,scheduled_only,d0_p5,car_raw,surprise_orth_bps,HC1,-0.23794983750096524,0.020793870039368945,-2.3449537392022575,2.8815768302180893,-7.992740545114803,3.302833066710288,-0.8137744982578798,0.4157741469225479,scheduled_only,car_raw
XLU,193,scheduled_only,d0_p5,car_raw,surprise_orth_bps,HC1,0.1476071149811788,0.030614098413042856,-2.122645772490121,0.9124296585568329,-3.910975041687692,-0.33431650329255014,-2.326366479414377,0.019999008275339968,scheduled_only,car_raw
XLI,193,scheduled_only,d0_p5,car_raw,surprise_orth_bps,HC1,0.2653017640187151,0.02185044509191536,-1.9920451748902674,0.9319928900504362,-3.818717673236521,-0.16537267654401394,-2.13740383232158,0.032565159989323335,scheduled_only,car_raw
SPY,194,scheduled_only,d0_p5,car_raw,surprise_orth_bps,HC1,0.24068324782456385,0.020064021554661693,-1.7475514311454086,0.8783418967770703,-3.4690699149410644,-0.02603294734975295,-1.9896027248133765,0.04663471576527858,scheduled_only,car_raw
IEF,165,scheduled_only,d0_p5,car_raw,surprise_orth_bps,HC1,0.1857472420561614,0.09396131086644388,-1.711060346235787,0.4532829299871073,-2.599478563817308,-0.8226421286542659,-3.7748175213314443,0.00016012483388643455,scheduled_only,car_raw
XLY,193,scheduled_only,d0_p5,car_raw,surprise_orth_bps,HC1,0.18934723600543318,0.008216647973880997,-1.454566261365144,1.2629720702111955,-3.929946032459079,1.0208135097287918,-1.1517010515695012,0.24944394001499626,scheduled_only,car_raw
XLB,193,scheduled_only,d0_p5,car_raw,surprise_orth_bps,HC1,0.1624569490134035,0.00732802161904722,-1.4316208484090542,1.2641816601517948,-3.9093713722226267,1.046129675404518,-1.1324486769070472,0.2574458500030914,scheduled_only,car_raw
GLD,146,scheduled_only,d0_p5,car_raw,surprise_orth_bps,HC1,-0.043507324125318485,0.005837794694107945,-1.3779286804134194,2.3502258251010164,-5.984286653147344,3.2284292923205045,-0.5862962893594252,0.5576764241694743,scheduled_only,car_raw
XLV,193,scheduled_only,d0_p5,car_raw,surprise_orth_bps,HC1,0.17837257834648468,0.013364775342839974,-1.295838287293363,0.8494030201408751,-2.9606376151290283,0.36896104054230244,-1.5255870965451073,0.1271127276466356,scheduled_only,car_raw
XLP,193,scheduled_only,d0_p5,car_raw,surprise_orth_bps,HC1,0.1577115392251955,0.01702031659013792,-1.2122891071993798,0.7548461027194528,-2.691760282399929,0.26718206800117,-1.606008301337075,0.10827208601317956,scheduled_only,car_raw
XLE,193,scheduled_only,d0_p5,car_raw,surprise_orth_bps,HC1,0.27821364471425303,0.0033070297532236115,-1.1010780440861494,1.5722253665764134,-4.182583138156204,1.9804270499839047,-0.7003309242388024,0.48372066359428023,scheduled_only,car_raw
XLF,193,scheduled_only,d0_p5,car_raw,surprise_orth_bps,HC1,0.019228877890709206,0.0021539219537375365,-0.8207633076080538,1.4736544867798986,-3.7090730273525123,2.0675464121364047,-0.5569577638253009,0.5775562867785958,scheduled_only,car_raw
XLRE,59,scheduled_only,d0_p5,car_adj,surprise_orth_bps,HC1,-0.2421952326154781,0.03131028895723598,-2.358464038713027,1.5948825132208073,-5.484376324198536,0.767448246772482,-1.4787697646456692,0.13920185931036008,scheduled_only,car_adj
TLT,165,scheduled_only,d0_p5,car_adj,surprise_orth_bps,HC1,-0.014300922436154606,0.015601389223304452,-2.2065254506278174,1.4560142132998035,-5.0602608696738525,0.6472099684182178,-1.515455982828018,0.12965696931541293,scheduled_only,car_adj
XLK,193,scheduled_only,d0_p5,car_adj,surprise_orth_bps,HC1,0.16333640787316542,0.03865242564419824,-1.9332200357959124,0.6609693014718361,-3.2286960615673084,-0.6377440100245164,-2.924825754374747,0.0034464914539622826,scheduled_only,car_adj
QQQ,192,scheduled_only,d0_p5,car_adj,surprise_orth_bps,HC1,0.1620442171008341,0.02494175378343888,-1.80648162985783,0.805927651491164,-3.38607080092546,-0.22689245879019998,-2.241493546617237,0.024994123082303345,scheduled_only,car_adj
IEF,165,scheduled_only,d0_p5,car_adj,surprise_orth_bps,HC1,-0.07327388406386172,0.004232839665588406,-0.8868876242389452,1.1121396325981967,-3.0666412499110187,1.2928660014331284,-0.7974606769178664,0.42518353187132674,scheduled_only,car_adj
GLD,146,scheduled_only,d0_p5,car_adj,surprise_orth_bps,HC1,-0.2744688661112137,0.00045195165499389844,-0.4716226535104579,2.661316532621752,-5.6877072089101075,4.744461901889192,-0.17721403964144267,0.8593402681617096,scheduled_only,car_adj
XLU,193,scheduled_only,d0_p5,car_adj,surprise_orth_bps,HC1,-0.08070451753256959,0.0010001829891689296,-0.37488239169789167,0.8493442222871269,-2.0395664778578424,1.289801694462059,-0.44137863290386875,0.6589389082919836,scheduled_only,car_adj
XLI,193,scheduled_only,d0_p5,car_adj,surprise_orth_bps,HC1,0.036990131504966606,0.0013765180910425556,-0.24428179409803916,0.5568876424716027,-1.3357615167777985,0.84719792858172,-0.4386554404652565,0.6609112189625774,scheduled_only,car_adj
SPY,194,scheduled_only,d0_p5,car_adj,surprise_orth_bps,HC1,0.0,,0.0,0.0,0.0,0.0,,,scheduled_only,car_adj
XLY,193,scheduled_only,d0_p5,car_adj,surprise_orth_bps,HC1,-0.03896439650831527,0.0014085505512748675,0.2931971194270839,0.714337759921663,-1.1068791628163952,1.693273401670563,0.4104460605011794,0.6814787638505304,scheduled_only,car_adj
XLB,193,scheduled_only,d0_p5,car_adj,surprise_orth_bps,HC1,-0.06585468350034511,0.0007565605428437872,0.3161425323831739,0.8785621707732212,-1.4058076805116682,2.0380927452780155,0.35984082049075405,0.7189661747876188,scheduled_only,car_adj
XLV,193,scheduled_only,d0_p5,car_adj,surprise_orth_bps,HC1,-0.049939054167263845,0.0025926136558509505,0.4519250934988651,0.8133993876012802,-1.1423084112465798,2.04615859824431,0.5556004840765802,0.5784840004611058,scheduled_only,car_adj
XLP,193,scheduled_only,d0_p5,car_adj,surprise_orth_bps,HC1,-0.07060009328855302,0.0029098322831446755,0.5354742735928477,0.7710440204125595,-0.9757442369107352,2.0466927840964306,0.6944795101404633,0.48738154615211615,scheduled_only,car_adj
XLE,193,scheduled_only,d0_p5,car_adj,surprise_orth_bps,HC1,0.049902012200504636,0.0015982909927934053,0.6466853367060785,1.377580589710208,-2.0533230049273783,3.346693678339535,0.46943557533873004,0.6387583246022721,scheduled_only,car_adj
XLF,193,scheduled_only,d0_p5,car_adj,surprise_orth_bps,HC1,-0.2090827546230393,0.00787627025481008,0.9270000731841757,1.00990185999529,-1.052371200326605,2.906371346694956,0.917911046513469,0.35866543793337113,scheduled_only,car_adj
TLT,126,post_2008,m5_p5,car_raw,surprise_bps,HC1,0.18038214006753545,0.10202959716989324,-5.686457581837091,1.6968917573602769,-9.012304311926114,-2.3606108517480684,-3.351102129627333,0.0008049061120851003,post_2008,auto
GLD,126,post_2008,m5_p5,car_raw,surprise_bps,HC1,-0.0784991826203138,0.03951102713609567,-4.161724811450575,2.8788126021860005,-9.804093829975171,1.480644207074021,-1.445639361273605,0.14827838049708442,post_2008,auto
IEF,126,post_2008,m5_p5,car_raw,surprise_bps,HC1,0.1755456538700308,0.17489246939932157,-3.4149678987436975,0.8330185302894049,-5.0476542165654195,-1.7822815809219759,-4.099510124411373,4.140255591957466e-05,post_2008,auto
XLP,126,post_2008,m5_p5,car_adj,surprise_bps,HC1,-0.11033332054545061,0.034673875819670075,-2.4349792612578414,1.6671186997054739,-5.702471870633816,0.8325133481181329,-1.460591415409127,0.1441276035776083,post_2008,auto
QQQ,126,post_2008,m5_p5,car_adj,surprise_bps,HC1,0.30387706972246553,0.030404985971372422,-1.7431958299490784,1.7317675839780635,-5.137397924140026,1.6510062642418695,-1.0065991799804699,0.31412742869008736,post_2008,auto
XLK,126,post_2008,m5_p5,car_adj,surprise_bps,HC1,0.4942434617228722,0.027717036853198707,-1.6224671845004188,1.0163836206114742,-3.6145424753753304,0.369608106374493,-1.5963137850689821,0.11041875390061202,post_2008,auto
XLB,126,post_2008,m5_p5,car_adj,surprise_bps,HC1,-0.4610755511416807,0.0012004742249592804,-0.4542001942903711,1.747173085818395,-3.8785965172521344,2.9701961286713923,-0.259962906924942,0.7948923860987687,post_2008,auto
XLU,126,post_2008,m5_p5,car_adj,surprise_bps,HC1,-0.18654836798308486,0.00010024581470524652,-0.16571413396585088,2.7487683066759696,-5.553201016895902,5.2217727489642,-0.06028668679109068,0.9519273050612895,post_2008,auto
XLY,126,post_2008,m5_p5,car_adj,surprise_bps,HC1,-0.058293484768611945,0.0004081236641454433,0.22903836143733058,1.2360254213564472,-2.1935269483972513,2.6516036712719124,0.18530230647358187,0.8529919290548513,post_2008,auto
XLV,126,post_2008,m5_p5,car_adj,surprise_bps,HC1,0.1026052577903154,0.0013257274159560462,0.4457046558096773,1.565953944542384,-2.6235086769418285,3.5149179885611828,0.2846218162181805,0.7759338953457318,post_2008,auto
XLRE,72,post_2008,m5_p5,car_adj,surprise_bps,HC1,-0.8435045112457047,0.00410535720104066,1.0328434685206465,3.431982607931898,-5.693718838593722,7.759405775635014,0.30094659166790905,0.7634552211846217,post_2008,auto
XLI,126,post_2008,m5_p5,car_adj,surprise_bps,HC1,-0.1576106646388882,0.03139184161947661,2.0100397423824705,2.286153216629476,-2.470738225351698,6.490817710116639,0.8792235479938282,0.37928007899458915,post_2008,auto
XLF,126,post_2008,m5_p5,car_adj,surprise_bps,HC1,-0.1758022637179665,0.02835665516679997,2.7353903565516373,2.2146649473695255,-1.6052731781159266,7.0760538912192015,1.2351260445967707,0.21678359774085398,post_2008,auto
SPY,126,post_2008,m5_p5,car_raw,surprise_bps,HC1,0.22923101173394805,0.060858103933810415,6.21144485772917,5.800581220939688,-5.157485424711993,17.580375140170332,1.0708314600106439,0.2842452185142461,post_2008,auto
XLE,126,post_2008,m5_p5,car_adj,surprise_bps,HC1,-1.0452354224154963,0.04144350049433487,6.2636148589059975,6.536528458454669,-6.547745503586272,19.074975221398265,0.9582479291135539,0.3379377539318499,post_2008,auto
TLT,126,post_2008,m5_p5,car_raw,surprise_bps,HC1,0.18038214006753545,0.10202959716989324,-5.686457581837091,1.6968917573602769,-9.012304311926114,-2.3606108517480684,-3.351102129627333,0.0008049061120851003,post_2008,car_raw
GLD,126,post_2008,m5_p5,car_raw,surprise_bps,HC1,-0.0784991826203138,0.03951102713609567,-4.161724811450575,2.8788126021860005,-9.804093829975171,1.480644207074021,-1.445639361273605,0.14827838049708442,post_2008,car_raw
IEF,126,post_2008,m5_p5,car_raw,surprise_bps,HC1,0.1755456538700308,0.17489246939932157,-3.4149678987436975,0.8330185302894049,-5.0476542165654195,-1.7822815809219759,-4.099510124411373,4.140255591957466e-05,post_2008,car_raw
XLP,126,post_2008,m5_p5,car_raw,surprise_bps,HC1,0.11889769118849751,0.036269463364145826,3.7764655964713305,4.701726883221821,-5.438749759787198,12.991680952729858,0.8032082020645864,0.42185440556879916,post_2008,car_raw
QQQ,126,post_2008,m5_p5,car_raw,surprise_bps,HC1,0.5331080814564135,0.03135844130282195,4.468249027780093,4.431181524195028,-4.216707168601465,13.15320522416165,1.008365151231713,0.3132791963414411,post_2008,car_raw
XLK,126,post_2008,m5_p5,car_raw,surprise_bps,HC1,0.7234744734568204,0.029038068780164017,4.588977673228749,5.086536785140891,-5.380451231685548,14.558406578143046,0.9021811631509985,0.36696063948717306,post_2008,car_raw
XLB,126,post_2008,m5_p5,car_raw,surprise_bps,HC1,-0.23184453940773272,0.03216862473166904,5.757244663438802,7.176273879114622,-8.307993682821404,19.822483009699006,0.802261000683701,0.4224019967210315,post_2008,car_raw
XLU,126,post_2008,m5_p5,car_raw,surprise_bps,HC1,0.04268264375086328,0.04457360643210995,6.04573072376332,8.059012977768646,-9.74964446360412,21.84110591113076,0.7501825273691572,0.45314478063208674,post_2008,car_raw
SPY,126,post_2008,m5_p5,car_raw,surprise_bps,HC1,0.22923101173394805,0.060858103933810415,6.21144485772917,5.800581220939688,-5.157485424711993,17.580375140170332,1.0708314600106439,0.2842452185142461,post_2008,car_raw
XLY,126,post_2008,m5_p5,car_raw,surprise_bps,HC1,0.17093752696533598,0.05212736942863727,6.4404832191665,5.607884082117061,-4.550767611258398,17.431734049591398,1.148469391459875,0.25077484180548515,post_2008,car_raw
XLV,126,post_2008,m5_p5,car_raw,surprise_bps,HC1,0.3318362695242633,0.08583065361294584,6.657149513538847,4.886664436831056,-2.9205367871827286,16.234835814260425,1.3623095261797697,0.1731002225317788,post_2008,car_raw
XLI,126,post_2008,m5_p5,car_raw,surprise_bps,HC1,0.07162034709505971,0.06662814549095841,8.221484600111642,7.8788730806354,-7.2208228766958875,23.663792076919172,1.0434848379926704,0.2967237994120171,post_2008,car_raw
XLF,126,post_2008,m5_p5,car_raw,surprise_bps,HC1,0.05342874801598152,0.06378293812524383,8.94683521428081,7.590617905067611,-5.930502500056581,23.8241729286182,1.1786702118555814,0.23852952156367457,post_2008,car_raw
XLRE,72,post_2008,m5_p5,car_raw,surprise_bps,HC1,-0.9878150767467728,0.08573772713367,9.598814537976134,9.456347290870042,-8.935285577432058,28.13291465338433,1.0150657799173306,0.31007447239191055,post_2008,car_raw
XLE,126,post_2008,m5_p5,car_raw,surprise_bps,HC1,-0.816004410681548,0.06532932521946822,12.47505971663517,11.88260090103431,-10.814410092055274,35.764529525325614,1.0498593549118769,0.2937827811143561,post_2008,car_raw
TLT,126,post_2008,m5_p5,car_adj,surprise_bps,HC1,-0.04884887166641261,0.12458312637567992,-11.897902439566266,5.0500717883552415,-21.79586126408432,-1.9999436150482095,-2.3559867934949286,0.01847357445822689,post_2008,car_adj
GLD,126,post_2008,m5_p5,car_adj,surprise_bps,HC1,-0.30773019435426185,0.12407733128221987,-10.373169669179747,3.9163526264413675,-18.049079767763676,-2.6972595705958184,-2.648681224245486,0.008080651197638143,post_2008,car_adj
IEF,126,post_2008,m5_p5,car_adj,surprise_bps,HC1,-0.053685357863917316,0.11989220812553847,-9.626412756472869,5.292103691466664,-19.998745394199002,0.7459198812532639,-1.8190143877934835,0.06890923504967869,post_2008,car_adj
XLP,126,post_2008,m5_p5,car_adj,surprise_bps,HC1,-0.11033332054545061,0.034673875819670075,-2.4349792612578414,1.6671186997054739,-5.702471870633816,0.8325133481181329,-1.460591415409127,0.1441276035776083,post_2008,car_adj
QQQ,126,post_2008,m5_p5,car_adj,surprise_bps,HC1,0.30387706972246553,0.030404985971372422,-1.7431958299490784,1.7317675839780635,-5.137397924140026,1.6510062642418695,-1.0065991799804699,0.31412742869008736,post_2008,car_adj
XLK,126,post_2008,m5_p5,car_adj,surprise_bps,HC1,0.4942434617228722,0.027717036853198707,-1.6224671845004188,1.0163836206114742,-3.6145424753753304,0.369608106374493,-1.5963137850689821,0.11041875390061202,post_2008,car_adj
XLB,126,post_2008,m5_p5,car_adj,surprise_bps,HC1,-0.4610755511416807,0.0012004742249592804,-0.4542001942903711,1.747173085818395,-3.8785965172521344,2.9701961286713923,-0.259962906924942,0.7948923860987687,post_2008,car_adj
XLU,126,post_2008,m5_p5,car_adj,surprise_bps,HC1,-0.18654836798308486,0.00010024581470524652,-0.16571413396585088,2.7487683066759696,-5.553201016895902,5.2217727489642,-0.06028668679109068,0.9519273050612895,post_2008,car_adj
SPY,126,post_2008,m5_p5,car_adj,surprise_bps,HC1,0.0,,0.0,0.0,0.0,0.0,,,post_2008,car_adj
XLY,126,post_2008,m5_p5,car_adj,surprise_bps,HC1,-0.058293484768611945,0.0004081236641454433,0.22903836143733058,1.2360254213564472,-2.1935269483972513,2.6516036712719124,0.18530230647358187,0.8529919290548513,post_2008,car_adj
XLV,126,post_2008,m5_p5,car_adj,surprise_bps,HC1,0.1026052577903154,0.0013257274159560462,0.4457046558096773,1.565953944542384,-2.6235086769418285,3.5149179885611828,0.2846218162181805,0.7759338953457318,post_2008,car_adj
XLRE,72,post_2008,m5_p5,car_adj,surprise_bps,HC1,-0.8435045112457047,0.00410535720104066,1.0328434685206465,3.431982607931898,-5.693718838593722,7.759405775635014,0.30094659166790905,0.7634552211846217,post_2008,car_adj
XLI,126,post_2008,m5_p5,car_adj,surprise_bps,HC1,-0.1576106646388882,0.03139184161947661,2.0100397423824705,2.286153216629476,-2.470738225351698,6.490817710116639,0.8792235479938282,0.37928007899458915,post_2008,car_adj
XLF,126,post_2008,m5_p5,car_adj,surprise_bps,HC1,-0.1758022637179665,0.02835665516679997,2.7353903565516373,2.2146649473695255,-1.6052731781159266,7.0760538912192015,1.2351260445967707,0.21678359774085398,post_2008,car_adj
XLE,126,post_2008,m5_p5,car_adj,surprise_bps,HC1,-1.0452354224154963,0.04144350049433487,6.2636148589059975,6.536528458454669,-6.547745503586272,19.074975221398265,0.9582479291135539,0.3379377539318499,post_2008,car_adj
GLD,114,post_2008,m5_p5,car_raw,surprise_orth_bps,HC1,-0.07255866600561561,0.0780153375507473,-6.785317782551366,2.1714121102631414,-11.04120731426124,-2.5294282508414923,-3.1248410886540974,0.0017790113789380227,post_2008,auto
XLE,114,post_2008,m5_p5,car_adj,surprise_orth_bps,HC1,-0.35469229038642586,0.055108658288306245,-6.2696123453887145,2.821510495220446,-11.79967129802256,-0.739553392754868,-2.222076563602811,0.026278131821291417,post_2008,auto
TLT,114,post_2008,m5_p5,car_raw,surprise_orth_bps,HC1,0.09365385736752466,0.0639774055376019,-5.269230432231417,1.512087352560346,-8.232867184728214,-2.3055936797346197,-3.484739438703246,0.0004926164934293504,post_2008,auto
XLRE,60,post_2008,m5_p5,car_adj,surprise_orth_bps,HC1,-0.35377920643321725,0.03323398902899921,-3.293386530066831,2.491732745180896,-8.177092969720507,1.5903199095868445,-1.3217254283937006,0.18625959797617364,post_2008,auto
SPY,114,post_2008,m5_p5,car_raw,surprise_orth_bps,HC1,0.562803080610221,0.023645581596077214,-3.2729156253631992,2.3537014835468093,-7.88608576347344,1.340254512747041,-1.3905398149434056,0.1643650177765258,post_2008,auto
IEF,114,post_2008,m5_p5,car_raw,surprise_orth_bps,HC1,0.14725242652184722,0.11094965318873873,-3.2434000502236495,0.700357561309392,-4.61607564669036,-1.8707244537569383,-4.631063087488871,3.637929951642262e-06,post_2008,auto
XLB,114,post_2008,m5_p5,car_adj,surprise_orth_bps,HC1,-0.4138072595952431,0.031229629691411298,-2.801712476484427,1.9083397219953133,-6.54198960186242,0.9385646488935667,-1.4681413608867422,0.142065828607756,post_2008,auto
XLU,114,post_2008,m5_p5,car_adj,surprise_orth_bps,HC1,0.09615077513344167,0.022439195666905443,-2.696322570562385,1.4986319859394872,-5.633587289083517,0.24094214795874688,-1.7991892578430917,0.07198874811001996,post_2008,auto
XLI,114,post_2008,m5_p5,car_adj,surprise_orth_bps,HC1,0.007954710989860933,0.019604047414995662,-1.6118544298218267,1.4447854087726975,-4.443581796405294,1.21987293676164,-1.115635872313418,0.2645780304956502,post_2008,auto
XLP,114,post_2008,m5_p5,car_adj,surprise_orth_bps,HC1,-0.15497331336753212,0.0009357125889575268,-0.4545818242688078,1.6519130302280007,-3.6922718691081142,2.7831082205704987,-0.27518508296170135,0.7831740467903725,post_2008,auto
XLF,114,post_2008,m5_p5,car_adj,surprise_orth_bps,HC1,0.06291690594004745,1.4061962261280314e-08,-0.0021524093628388224,1.6331960307040303,-3.2031578092365107,3.1988529905108325,-0.0013179124381725153,0.9989484583174947,post_2008,auto
XLK,114,post_2008,m5_p5,car_adj,surprise_orth_bps,HC1,0.299152824613652,2.6019440809155192e-05,0.05578532254515503,0.9141691180376575,-1.7359532245873992,1.8475238696777092,0.061022978620086196,0.951340908863002,post_2008,auto
XLY,114,post_2008,m5_p5,car_adj,surprise_orth_bps,HC1,-0.07765975376258127,0.005670026718764931,1.045538275044045,1.739309582496868,-2.3634458646152146,4.4545224147033045,0.6011225865513379,0.5477583406429815,post_2008,auto
QQQ,114,post_2008,m5_p5,car_adj,surprise_orth_bps,HC1,0.10470848694618323,0.01208351287408349,1.1589492578380716,1.0490584620234176,-0.8971675454048068,3.21506606108095,1.1047518320406065,0.26926713731872565,post_2008,auto
XLV,114,post_2008,m5_p5,car_adj,surprise_orth_bps,HC1,0.04963162205889667,0.026525015432337207,2.3396335914910376,1.5142152874461212,-0.6281738367433256,5.307441019725401,1.5451129115444795,0.12231895444014308,post_2008,auto
XLE,114,post_2008,m5_p5,car_raw,surprise_orth_bps,HC1,0.2081107902237952,0.07284291323823466,-9.542527970751914,3.7122396829205817,-16.818384051256647,-2.2666718902471836,-2.5705581497486683,0.010153477923029683,post_2008,car_raw
GLD,114,post_2008,m5_p5,car_raw,surprise_orth_bps,HC1,-0.07255866600561561,0.0780153375507473,-6.785317782551366,2.1714121102631414,-11.04120731426124,-2.5294282508414923,-3.1248410886540974,0.0017790113789380227,post_2008,car_raw
XLB,114,post_2008,m5_p5,car_raw,surprise_orth_bps,HC1,0.1489958210149781,0.04175473805403518,-6.074628101847625,3.43702917268181,-12.81108149411747,0.6618252904222209,-1.767406616775317,0.07716015561507478,post_2008,car_raw
XLU,114,post_2008,m5_p5,car_raw,surprise_orth_bps,HC1,0.6589538557436629,0.0852551484245141,-5.969238195925584,2.2608689109971887,-10.400459835246368,-1.5380165566048016,-2.6402407352723367,0.008284715473466864,post_2008,car_raw
XLRE,60,post_2008,m5_p5,car_raw,surprise_orth_bps,HC1,0.011230825760406127,0.05955802236610597,-5.744323837204299,4.0245619392524805,-13.63232029168984,2.14367261728124,-1.4273165437407198,0.15348867412246506,post_2008,car_raw
TLT,114,post_2008,m5_p5,car_raw,surprise_orth_bps,HC1,0.09365385736752466,0.0639774055376019,-5.269230432231417,1.512087352560346,-8.232867184728214,-2.3055936797346197,-3.484739438703246,0.0004926164934293504,post_2008,car_raw
XLI,114,post_2008,m5_p5,car_raw,surprise_orth_bps,HC1,0.5707577916000821,0.03798333787624519,-4.884770055185026,2.686620493340048,-10.150449462258752,0.38090935188870023,-1.8181838734923832,0.06903603396192304,post_2008,car_raw
XLP,114,post_2008,m5_p5,car_raw,surprise_orth_bps,HC1,0.40782976724268893,0.0536853364370532,-3.7274974496320072,1.4924073171788996,-6.6525620415666955,-0.8024328576973189,-2.4976408295009587,0.012502279446051605,post_2008,car_raw
XLF,114,post_2008,m5_p5,car_raw,surprise_orth_bps,HC1,0.6257199865502688,0.01039161614480233,-3.27506803472604,3.0907938438244287,-9.332912652260037,2.7827765828079567,-1.0596203435793043,0.28931735469576214,post_2008,car_raw
SPY,114,post_2008,m5_p5,car_raw,surprise_orth_bps,HC1,0.562803080610221,0.023645581596077214,-3.2729156253631992,2.3537014835468093,-7.88608576347344,1.340254512747041,-1.3905398149434056,0.1643650177765258,post_2008,car_raw
IEF,114,post_2008,m5_p5,car_raw,surprise_orth_bps,HC1,0.14725242652184722,0.11094965318873873,-3.2434000502236495,0.700357561309392,-4.61607564669036,-1.8707244537569383,-4.631063087488871,3.637929951642262e-06,post_2008,car_raw
XLK,114,post_2008,m5_p5,car_raw,surprise_orth_bps,HC1,0.8619559052238732,0.014326109459129377,-3.2171303028180445,2.8448629840365345,-8.792959292480798,2.3586986868447095,-1.130855974741288,0.25811571588212956,post_2008,car_raw
XLY,114,post_2008,m5_p5,car_raw,surprise_orth_bps,HC1,0.4851433268476398,0.006175490489627067,-2.2273773503191556,3.4741744444657114,-9.0366341374814,4.5818794368430895,-0.6411242112114784,0.5214419851244614,post_2008,car_raw
QQQ,114,post_2008,m5_p5,car_raw,surprise_orth_bps,HC1,0.6675115675564045,0.006427886966341223,-2.113966367525128,2.923013503786917,-7.842967561271719,3.6150348262214624,-0.7232147113882211,0.46954798193263514,post_2008,car_raw
XLV,114,post_2008,m5_p5,car_raw,surprise_orth_bps,HC1,0.6124347026691177,0.0025962477433399966,-0.9332820338721619,1.8232731120241203,-4.506831667419702,2.6402675996753775,-0.5118717693566335,0.608740757052586,post_2008,car_raw
XLE,114,post_2008,m5_p5,car_adj,surprise_orth_bps,HC1,-0.35469229038642586,0.055108658288306245,-6.2696123453887145,2.821510495220446,-11.79967129802256,-0.739553392754868,-2.222076563602811,0.026278131821291417,post_2008,car_adj
GLD,114,post_2008,m5_p5,car_adj,surprise_orth_bps,HC1,-0.6353617466158372,0.012373168357595166,-3.512402157188165,3.4102222033468523,-10.196314855026825,3.171510540650494,-1.0299628434009467,0.3030274482408928,post_2008,car_adj
XLRE,60,post_2008,m5_p5,car_adj,surprise_orth_bps,HC1,-0.35377920643321725,0.03323398902899921,-3.293386530066831,2.491732745180896,-8.177092969720507,1.5903199095868445,-1.3217254283937006,0.18625959797617364,post_2008,car_adj
XLB,114,post_2008,m5_p5,car_adj,surprise_orth_bps,HC1,-0.4138072595952431,0.031229629691411298,-2.801712476484427,1.9083397219953133,-6.54198960186242,0.9385646488935667,-1.4681413608867422,0.142065828607756,post_2008,car_adj
XLU,114,post_2008,m5_p5,car_adj,surprise_orth_bps,HC1,0.09615077513344167,0.022439195666905443,-2.696322570562385,1.4986319859394872,-5.633587289083517,0.24094214795874688,-1.7991892578430917,0.07198874811001996,post_2008,car_adj
TLT,114,post_2008,m5_p5,car_adj,surprise_orth_bps,HC1,-0.4691492232426965,0.0037244735526540396,-1.9963148068682164,2.807557902647621,-7.4990271805683655,3.5063975668319327,-0.7110502707657871,0.47705308456634155,post_2008,car_adj
XLI,114,post_2008,m5_p5,car_adj,surprise_orth_bps,HC1,0.007954710989860933,0.019604047414995662,-1.6118544298218267,1.4447854087726975,-4.443581796405294,1.21987293676164,-1.115635872313418,0.2645780304956502,post_2008,car_adj
XLP,114,post_2008,m5_p5,car_adj,surprise_orth_bps,HC1,-0.15497331336753212,0.0009357125889575268,-0.4545818242688078,1.6519130302280007,-3.6922718691081142,2.7831082205704987,-0.27518508296170135,0.7831740467903725,post_2008,car_adj
XLF,114,post_2008,m5_p5,car_adj,surprise_orth_bps,HC1,0.06291690594004745,1.4061962261280314e-08,-0.0021524093628388224,1.6331960307040303,-3.2031578092365107,3.1988529905108325,-0.0013179124381725153,0.9989484583174947,post_2008,car_adj
SPY,114,post_2008,m5_p5,car_adj,surprise_orth_bps,HC1,0.0,,0.0,0.0,0.0,0.0,,,post_2008,car_adj
IEF,114,post_2008,m5_p5,car_adj,surprise_orth_bps,HC1,-0.415550654088374,1.421821517855193e-06,0.029515575139549624,2.4813915207242236,-4.833922437023004,4.892953587302102,0.011894767469397636,0.9905095724753249,post_2008,car_adj
XLK,114,post_2008,m5_p5,car_adj,surprise_orth_bps,HC1,0.299152824613652,2.6019440809155192e-05,0.05578532254515503,0.9141691180376575,-1.7359532245873992,1.8475238696777092,0.061022978620086196,0.951340908863002,post_2008,car_adj
XLY,114,post_2008,m5_p5,car_adj,surprise_orth_bps,HC1,-0.07765975376258127,0.005670026718764931,1.045538275044045,1.739309582496868,-2.3634458646152146,4.4545224147033045,0.6011225865513379,0.5477583406429815,post_2008,car_adj
QQQ,114,post_2008,m5_p5,car_adj,surprise_orth_bps,HC1,0.10470848694618323,0.01208351287408349,1.1589492578380716,1.0490584620234176,-0.8971675454048068,3.21506606108095,1.1047518320406065,0.26926713731872565,post_2008,car_adj
XLV,114,post_2008,m5_p5,car_adj,surprise_orth_bps,HC1,0.04963162205889667,0.026525015432337207,2.3396335914910376,1.5142152874461212,-0.6281738367433256,5.307441019725401,1.5451129115444795,0.12231895444014308,post_2008,car_adj
GLD,126,post_2008,m1_p1,car_raw,surprise_bps,HC1,0.14065715375268903,0.04457104488263264,-2.894461193564285,1.4850968681797427,-5.80519756874981,0.01627518162123885,-1.9490049811444121,0.05129482986543769,post_2008,auto
XLU,126,post_2008,m1_p1,car_adj,surprise_bps,HC1,-0.05157001576738797,0.0354023948062695,-2.0928821328470235,1.1527410089959425,-4.352212993981434,0.16644872828738624,-1.8155701207073047,0.06943634050342044,post_2008,auto
SPY,126,post_2008,m1_p1,car_raw,surprise_bps,HC1,0.05623002885006172,0.021687060103876332,-1.9410265559073727,1.5267730572446425,-4.933446760672982,1.0513936488582367,-1.271326178240485,0.20361263300751176,post_2008,auto
XLE,126,post_2008,m1_p1,car_adj,surprise_bps,HC1,-0.21174658765365112,0.013449731184952851,-1.7802796364349944,2.2642411597650023,-6.2181107618876,2.657551489017612,-0.7862588438325906,0.4317158585804979,post_2008,auto
XLP,126,post_2008,m1_p1,car_adj,surprise_bps,HC1,-0.11161675518712194,0.033444196809631066,-1.5989106507710884,1.6390984781585713,-4.8114846350763,1.6136633335341237,-0.9754817493134204,0.3293213503822433,post_2008,auto
XLB,126,post_2008,m1_p1,car_adj,surprise_bps,HC1,-0.09897104706619367,0.03753968933892915,-1.3691969384685512,0.7398761683875994,-2.8193275815277383,0.08093370459063623,-1.850575808452407,0.06423060265555762,post_2008,auto
IEF,126,post_2008,m1_p1,car_raw,surprise_bps,HC1,0.2643115500111334,0.0465918494948363,-1.1418949600513832,0.6007180109675267,-2.3192806264122727,0.03549070630950637,-1.9008835080743254,0.057317272704082926,post_2008,auto
TLT,126,post_2008,m1_p1,car_raw,surprise_bps,HC1,0.4185407918655428,0.004919802300014431,-0.8120022956672632,1.295645932731129,-3.3514216605360816,1.7274170692015547,-0.6267162001239185,0.5308452827357771,post_2008,auto
XLI,126,post_2008,m1_p1,car_adj,surprise_bps,HC1,-0.09978747947115749,0.005511855070633898,-0.4153869823721517,0.6681641103478152,-1.7249645744161157,0.8941906096718124,-0.6216840682387454,0.5341496295824139,post_2008,auto
XLF,126,post_2008,m1_p1,car_adj,surprise_bps,HC1,-0.1732138730013127,5.605156975763137e-05,-0.06500177178811908,0.5931317593335834,-1.2275186581688218,1.0975151145925834,-0.10959077939301748,0.912733923588345,post_2008,auto
XLK,126,post_2008,m1_p1,car_adj,surprise_bps,HC1,0.25076274236273266,0.00012834712592690867,-0.061577783451774275,0.5188237718730513,-1.07845369064618,0.9552981237426313,-0.11868728225282915,0.9055231126154639,post_2008,auto
QQQ,126,post_2008,m1_p1,car_adj,surprise_bps,HC1,0.22995223909581208,0.0002453573679400689,0.08472693291430917,0.4913969405139283,-0.8783933726061616,1.0478472384347801,0.17242055440088286,0.8631069140853134,post_2008,auto
XLRE,72,post_2008,m1_p1,car_adj,surprise_bps,HC1,-0.1789315695215536,0.0005996915550856574,0.23635106058779287,1.7425703444319465,-3.179024055026379,3.651726176201965,0.1356335836558954,0.8921109548568457,post_2008,auto
XLV,126,post_2008,m1_p1,car_adj,surprise_bps,HC1,0.02448812054768708,0.013614631690698653,0.8655995806959504,0.8316356231782477,-0.764376288993939,2.4955754503858394,1.0408399502992707,0.2979498352258374,post_2008,auto
XLY,126,post_2008,m1_p1,car_adj,surprise_bps,HC1,-0.050432879131961664,0.0229529632279164,0.999950902342645,1.2625062075282312,-1.4745157946709395,3.47441759935623,0.792036424359747,0.42833943806385477,post_2008,auto
XLU,126,post_2008,m1_p1,car_raw,surprise_bps,HC1,0.004660013082673789,0.060742902033059654,-4.033908688754398,1.7359619467746663,-7.436331582964782,-0.6314857945440135,-2.3237310565759843,0.020139912859564783,post_2008,car_raw
XLE,126,post_2008,m1_p1,car_raw,surprise_bps,HC1,-0.15551655880358944,0.03236091706062083,-3.7213061923423676,2.2947803564808833,-8.218993043474885,0.7763806587901503,-1.62163937905112,0.10488058574350012,post_2008,car_raw
XLP,126,post_2008,m1_p1,car_raw,surprise_bps,HC1,-0.05538672633706014,0.07379137117877632,-3.5399372066784602,2.0532600039028925,-7.5642528652247,0.48437845186777917,-1.7240569630488354,0.08469756034498167,post_2008,car_raw
XLB,126,post_2008,m1_p1,car_raw,surprise_bps,HC1,-0.04274101821613191,0.04352984469908194,-3.310223494375925,1.8675740856852034,-6.9706014407792445,0.35015445202739515,-1.7724723852983966,0.07631617532077965,post_2008,car_raw
GLD,126,post_2008,m1_p1,car_raw,surprise_bps,HC1,0.14065715375268903,0.04457104488263264,-2.894461193564285,1.4850968681797427,-5.80519756874981,0.01627518162123885,-1.9490049811444121,0.05129482986543769,post_2008,car_raw
XLI,126,post_2008,m1_p1,car_raw,surprise_bps,HC1,-0.043557450621095735,0.022723969454662152,-2.356413538279525,1.5519262039144421,-5.3981330046157945,0.6853059280567456,-1.5183798896725338,0.12891865837850558,post_2008,car_raw
XLF,126,post_2008,m1_p1,car_raw,surprise_bps,HC1,-0.11698384415125088,0.013121413117411995,-2.0060283276954918,1.6797039994098797,-5.298187671226744,1.2861310158357606,-1.1942749010541485,0.2323704522597454,post_2008,car_raw
XLK,126,post_2008,m1_p1,car_raw,surprise_bps,HC1,0.30699277121279434,0.018465063272041005,-2.0026043393591477,1.7838244602783648,-5.4988360362463435,1.4936273575280476,-1.122646529382517,0.2615876456787015,post_2008,car_raw
SPY,126,post_2008,m1_p1,car_raw,surprise_bps,HC1,0.05623002885006172,0.021687060103876332,-1.9410265559073727,1.5267730572446425,-4.933446760672982,1.0513936488582367,-1.271326178240485,0.20361263300751176,post_2008,car_raw
QQQ,126,post_2008,m1_p1,car_raw,surprise_bps,HC1,0.28618226794587376,0.016733729915333728,-1.8562996229930635,1.8252193930516556,-5.4336638972583655,1.721064651272238,-1.017028215928302,0.30914000685759047,post_2008,car_raw
XLRE,72,post_2008,m1_p1,car_raw,surprise_bps,HC1,-0.11356021836736968,0.007928559254256062,-1.4003131925086372,2.497036280103574,-6.294414369601513,3.493787984584239,-0.560790086898759,0.5749406453379378,post_2008,car_raw
IEF,126,post_2008,m1_p1,car_raw,surprise_bps,HC1,0.2643115500111334,0.0465918494948363,-1.1418949600513832,0.6007180109675267,-2.3192806264122727,0.03549070630950637,-1.9008835080743254,0.057317272704082926,post_2008,car_raw
XLV,126,post_2008,m1_p1,car_raw,surprise_bps,HC1,0.08071814939774878,0.007333006263734898,-1.0754269752114227,1.5831318172947604,-4.178308319888599,2.027454369465753,-0.6793034941645614,0.49694558294157554,post_2008,car_raw
XLY,126,post_2008,m1_p1,car_raw,surprise_bps,HC1,0.005797149718100067,0.003860076528136247,-0.9410756535647278,2.1825788148726994,-5.218851524135332,3.3367002170058773,-0.431176023130059,0.6663403864396579,post_2008,car_raw
TLT,126,post_2008,m1_p1,car_raw,surprise_bps,HC1,0.4185407918655428,0.004919802300014431,-0.8120022956672632,1.295645932731129,-3.3514216605360816,1.7274170692015547,-0.6267162001239185,0.5308452827357771,post_2008,car_raw
XLU,126,post_2008,m1_p1,car_adj,surprise_bps,HC1,-0.05157001576738797,0.0354023948062695,-2.0928821328470235,1.1527410089959425,-4.352212993981434,0.16644872828738624,-1.8155701207073047,0.06943634050342044,post_2008,car_adj
XLE,126,post_2008,m1_p1,car_adj,surprise_bps,HC1,-0.21174658765365112,0.013449731184952851,-1.7802796364349944,2.2642411597650023,-6.2181107618876,2.657551489017612,-0.7862588438325906,0.4317158585804979,post_2008,car_adj
XLP,126,post_2008,m1_p1,car_adj,surprise_bps,HC1,-0.11161675518712194,0.033444196809631066,-1.5989106507710884,1.6390984781585713,-4.8114846350763,1.6136633335341237,-0.9754817493134204,0.3293213503822433,post_2008,car_adj
XLB,126,post_2008,m1_p1,car_adj,surprise_bps,HC1,-0.09897104706619367,0.03753968933892915,-1.3691969384685512,0.7398761683875994,-2.8193275815277383,0.08093370459063623,-1.850575808452407,0.06423060265555762,post_2008,car_adj
GLD,126,post_2008,m1_p1,car_adj,surprise_bps,HC1,0.0844271249026273,0.003206868753382608,-0.953434637656912,1.9098213664107668,-4.696615732727089,2.7897464574132647,-0.49922712900042304,0.6176193847228686,post_2008,car_adj
XLI,126,post_2008,m1_p1,car_adj,surprise_bps,HC1,-0.09978747947115749,0.005511855070633898,-0.4153869823721517,0.6681641103478152,-1.7249645744161157,0.8941906096718124,-0.6216840682387454,0.5341496295824139,post_2008,car_adj
XLF,126,post_2008,m1_p1,car_adj,surprise_bps,HC1,-0.1732138730013127,5.605156975763137e-05,-0.06500177178811908,0.5931317593335834,-1.2275186581688218,1.0975151145925834,-0.10959077939301748,0.912733923588345,post_2008,car_adj
XLK,126,post_2008,m1_p1,car_adj,surprise_bps,HC1,0.25076274236273266,0.00012834712592690867,-0.061577783451774275,0.5188237718730513,-1.07845369064618,0.9552981237426313,-0.11868728225282915,0.9055231126154639,post_2008,car_adj
SPY,126,post_2008,m1_p1,car_adj,surprise_bps,HC1,0.0,,0.0,0.0,0.0,0.0,,,post_2008,car_adj
QQQ,126,post_2008,m1_p1,car_adj,surprise_bps,HC1,0.22995223909581208,0.0002453573679400689,0.08472693291430917,0.4913969405139283,-0.8783933726061616,1.0478472384347801,0.17242055440088286,0.8631069140853134,post_2008,car_adj
XLRE,72,post_2008,m1_p1,car_adj,surprise_bps,HC1,-0.1789315695215536,0.0005996915550856574,0.23635106058779287,1.7425703444319465,-3.179024055026379,3.651726176201965,0.1356335836558954,0.8921109548568457,post_2008,car_adj
IEF,126,post_2008,m1_p1,car_adj,surprise_bps,HC1,0.2080815211610717,0.0029215150807095913,0.7991315958559897,1.6077784427864519,-2.3520562471253483,3.9503194388373277,0.4970408699291982,0.6191602307802313,post_2008,car_adj
XLV,126,post_2008,m1_p1,car_adj,surprise_bps,HC1,0.02448812054768708,0.013614631690698653,0.8655995806959504,0.8316356231782477,-0.764376288993939,2.4955754503858394,1.0408399502992707,0.2979498352258374,post_2008,car_adj
XLY,126,post_2008,m1_p1,car_adj,surprise_bps,HC1,-0.050432879131961664,0.0229529632279164,0.999950902342645,1.2625062075282312,-1.4745157946709395,3.47441759935623,0.792036424359747,0.42833943806385477,post_2008,car_adj
TLT,126,post_2008,m1_p1,car_adj,surprise_bps,HC1,0.36231076301548104,0.0032828648121268067,1.1290242602401093,2.0934251558925365,-2.9740136496394105,5.2320621701196295,0.5393191426319454,0.5896666624764513,post_2008,car_adj
XLE,114,post_2008,m1_p1,car_adj,surprise_orth_bps,HC1,-0.013353809950025844,0.09609056114682335,-4.732952113227489,1.5758492949696077,-7.8215599764307555,-1.6443442500242211,-3.003429406819495,0.002669554731845115,post_2008,auto
GLD,114,post_2008,m1_p1,car_raw,surprise_orth_bps,HC1,0.06208736806537894,0.045513555041609144,-3.238736512606846,1.0647336181099298,-5.325576057231332,-1.15189696798236,-3.0418279816843907,0.002351462325096995,post_2008,auto
SPY,114,post_2008,m1_p1,car_raw,surprise_orth_bps,HC1,0.09247507143619571,0.017494104581639025,-1.8199995796613677,1.6228448973402938,-5.000717130942944,1.3607179716202091,-1.1214870765802658,0.26208058947164947,post_2008,auto
XLB,114,post_2008,m1_p1,car_adj,surprise_orth_bps,HC1,-0.07489134148464476,0.038930879369777904,-1.5803868190757102,0.9198723724418191,-3.383303539435091,0.22252990128367006,-1.7180500974070378,0.08578747790334083,post_2008,auto
XLI,114,post_2008,m1_p1,car_adj,surprise_orth_bps,HC1,0.03194151359105195,0.061577546415917284,-1.3079087434365182,0.6180584712558312,-2.5192810874378315,-0.09653639943520473,-2.116156972622642,0.03433145931227303,post_2008,auto
XLRE,60,post_2008,m1_p1,car_adj,surprise_orth_bps,HC1,0.181515056435274,0.01681616004838793,-1.281846601843512,1.4444795331757714,-4.112974463273254,1.5492812595862302,-0.8874107056576277,0.3748578217773396,post_2008,auto
IEF,114,post_2008,m1_p1,car_raw,surprise_orth_bps,HC1,0.23609086911078486,0.034502109415579074,-1.1630399628576809,0.6093210829216532,-2.357287340405065,0.031207414689703346,-1.9087472852260146,0.05629470009624515,post_2008,auto
XLU,114,post_2008,m1_p1,car_adj,surprise_orth_bps,HC1,0.1047108847059889,0.010771930100418103,-1.0948550082647766,1.2155053205744777,-3.477201659607565,1.2874916430780123,-0.900740613580631,0.36772624935600384,post_2008,auto
TLT,114,post_2008,m1_p1,car_raw,surprise_orth_bps,HC1,0.3609949647604117,0.006805083325179373,-1.0365575606457331,1.2150204105639604,-3.417953805832165,1.344838684540699,-0.8531194633714897,0.393593059003976,post_2008,auto
XLY,114,post_2008,m1_p1,car_adj,surprise_orth_bps,HC1,-0.029177417067290698,0.001834044513876365,-0.26963138295986117,0.7919359556127672,-1.8217973340231959,1.2825345681034734,-0.34047119725891417,0.7335017098069483,post_2008,auto
XLK,114,post_2008,m1_p1,car_adj,surprise_orth_bps,HC1,0.1366562683384519,0.001984392182147743,0.26366065494646,0.727522045024482,-1.1622563512604525,1.6895776611533724,0.362409162374712,0.7170462936282159,post_2008,auto
XLP,114,post_2008,m1_p1,car_adj,surprise_orth_bps,HC1,-0.15592377954988412,0.0024782556062475924,0.3923837810890213,0.9301156419617522,-1.4306093786133651,2.2153769407914075,0.4218655868010407,0.673123129836698,post_2008,auto
XLF,114,post_2008,m1_p1,car_adj,surprise_orth_bps,HC1,-0.05627493879832427,0.00211034133056498,0.4238071901629341,0.7876032945295557,-1.1198669012200877,1.9674812815459557,0.5380972795651888,0.5905098904996999,post_2008,auto
QQQ,114,post_2008,m1_p1,car_adj,surprise_orth_bps,HC1,0.1164565871209719,0.008062606073988343,0.5063804946908915,0.6074511703912914,-0.6842019216427431,1.6969629110245263,0.8336151436908175,0.40449788921233254,post_2008,auto
XLV,114,post_2008,m1_p1,car_adj,surprise_orth_bps,HC1,0.0004647647783084293,0.0459778333027957,1.816827259110814,0.9140882471934394,0.025247215920326874,3.6084073023013015,1.9875840923336334,0.04685770708542378,post_2008,auto
XLE,114,post_2008,m1_p1,car_raw,surprise_orth_bps,HC1,0.07912126148616971,0.09992435022450308,-6.552951692888856,1.979812353076133,-10.433312601065573,-2.672590784712138,-3.309885243774345,0.0009333422830989087,post_2008,car_raw
XLB,114,post_2008,m1_p1,car_raw,surprise_orth_bps,HC1,0.0175837299515509,0.0398521653456676,-3.4003863987370777,2.065090097840519,-7.447888615334791,0.6471158178606357,-1.6466043792921619,0.09963938973630677,post_2008,car_raw
GLD,114,post_2008,m1_p1,car_raw,surprise_orth_bps,HC1,0.06208736806537894,0.045513555041609144,-3.238736512606846,1.0647336181099298,-5.325576057231332,-1.15189696798236,-3.0418279816843907,0.002351462325096995,post_2008,car_raw
XLI,114,post_2008,m1_p1,car_raw,surprise_orth_bps,HC1,0.1244165850272476,0.041348338745089364,-3.127908323097886,1.5947266855709428,-6.253515192001865,-0.0023014541939071764,-1.9614071498264511,0.04983154661859303,post_2008,car_raw
XLU,114,post_2008,m1_p1,car_raw,surprise_orth_bps,HC1,0.19718595614218454,0.04641274757685099,-2.914854587926145,1.2518557656429004,-5.368446802425045,-0.4612623734272462,-2.3284268586878287,0.019889448843427335,post_2008,car_raw
XLRE,60,post_2008,m1_p1,car_raw,surprise_orth_bps,HC1,0.3191710447352849,0.0373877804808731,-2.669171228018995,2.282136514720659,-7.14207660467525,1.8037341486372598,-1.1695931469488408,0.24216473650020154,post_2008,car_raw
XLY,114,post_2008,m1_p1,car_raw,surprise_orth_bps,HC1,0.06329765436890494,0.015423789448598235,-2.0896309626212273,2.192003217983165,-6.385878323864133,2.206616398621678,-0.9532973973203702,0.3404394098276361,post_2008,car_raw
SPY,114,post_2008,m1_p1,car_raw,surprise_orth_bps,HC1,0.09247507143619571,0.017494104581639025,-1.8199995796613677,1.6228448973402938,-5.000717130942944,1.3607179716202091,-1.1214870765802658,0.26208058947164947,post_2008,car_raw
XLK,114,post_2008,m1_p1,car_raw,surprise_orth_bps,HC1,0.2291313397746476,0.009515145843661421,-1.5563389247149073,1.9660799550359,-5.409784827311401,2.297106977881586,-0.7915949301698104,0.42859690401198147,post_2008,car_raw
XLP,114,post_2008,m1_p1,car_raw,surprise_orth_bps,HC1,-0.06344870811368847,0.017529766754720844,-1.4276157985723457,1.064112021352507,-3.513237035939377,0.6580054387946852,-1.3416029233067193,0.17972477784629526,post_2008,car_raw
XLF,114,post_2008,m1_p1,car_raw,surprise_orth_bps,HC1,0.03620013263787138,0.006093384161962034,-1.3961923894984334,1.9062098498091904,-5.132295042099952,2.3399102631030853,-0.7324442215206216,0.46389747600532383,post_2008,car_raw
QQQ,114,post_2008,m1_p1,car_raw,surprise_orth_bps,HC1,0.20893165855716755,0.0066893027074524936,-1.3136190849704756,1.9881803652006622,-5.210380995533465,2.583142825592514,-0.6607142430148158,0.5087955879366112,post_2008,car_raw
IEF,114,post_2008,m1_p1,car_raw,surprise_orth_bps,HC1,0.23609086911078486,0.034502109415579074,-1.1630399628576809,0.6093210829216532,-2.357287340405065,0.031207414689703346,-1.9087472852260146,0.05629470009624515,post_2008,car_raw
TLT,114,post_2008,m1_p1,car_raw,surprise_orth_bps,HC1,0.3609949647604117,0.006805083325179373,-1.0365575606457331,1.2150204105639604,-3.417953805832165,1.344838684540699,-0.8531194633714897,0.393593059003976,post_2008,car_raw
XLV,114,post_2008,m1_p1,car_raw,surprise_orth_bps,HC1,0.09293983621450408,6.472757174691424e-08,-0.0031723205505526653,1.3762536395570697,-2.700579887674578,2.6942352465734727,-0.002305040625777119,0.9981608453013058,post_2008,car_raw
XLE,114,post_2008,m1_p1,car_adj,surprise_orth_bps,HC1,-0.013353809950025844,0.09609056114682335,-4.732952113227489,1.5758492949696077,-7.8215599764307555,-1.6443442500242211,-3.003429406819495,0.002669554731845115,post_2008,car_adj
XLB,114,post_2008,m1_p1,car_adj,surprise_orth_bps,HC1,-0.07489134148464476,0.038930879369777904,-1.5803868190757102,0.9198723724418191,-3.383303539435091,0.22252990128367006,-1.7180500974070378,0.08578747790334083,post_2008,car_adj
GLD,114,post_2008,m1_p1,car_adj,surprise_orth_bps,HC1,-0.0303877033708167,0.005752928990215955,-1.4187369329454775,1.8134445842433438,-4.973023006021643,2.135549140130688,-0.7823436929215253,0.43401261537239566,post_2008,car_adj
XLI,114,post_2008,m1_p1,car_adj,surprise_orth_bps,HC1,0.03194151359105195,0.061577546415917284,-1.3079087434365182,0.6180584712558312,-2.5192810874378315,-0.09653639943520473,-2.116156972622642,0.03433145931227303,post_2008,car_adj
XLRE,60,post_2008,m1_p1,car_adj,surprise_orth_bps,HC1,0.181515056435274,0.01681616004838793,-1.281846601843512,1.4444795331757714,-4.112974463273254,1.5492812595862302,-0.8874107056576277,0.3748578217773396,post_2008,car_adj
XLU,114,post_2008,m1_p1,car_adj,surprise_orth_bps,HC1,0.1047108847059889,0.010771930100418103,-1.0948550082647766,1.2155053205744777,-3.477201659607565,1.2874916430780123,-0.900740613580631,0.36772624935600384,post_2008,car_adj
XLY,114,post_2008,m1_p1,car_adj,surprise_orth_bps,HC1,-0.029177417067290698,0.001834044513876365,-0.26963138295986117,0.7919359556127672,-1.8217973340231959,1.2825345681034734,-0.34047119725891417,0.7335017098069483,post_2008,car_adj
SPY,114,post_2008,m1_p1,car_adj,surprise_orth_bps,HC1,0.0,,0.0,0.0,0.0,0.0,,,post_2008,car_adj
XLK,114,post_2008,m1_p1,car_adj,surprise_orth_bps,HC1,0.1366562683384519,0.001984392182147743,0.26366065494646,0.727522045024482,-1.1622563512604525,1.6895776611533724,0.362409162374712,0.7170462936282159,post_2008,car_adj
XLP,114,post_2008,m1_p1,car_adj,surprise_orth_bps,HC1,-0.15592377954988412,0.0024782556062475924,0.3923837810890213,0.9301156419617522,-1.4306093786133651,2.2153769407914075,0.4218655868010407,0.673123129836698,post_2008,car_adj
XLF,114,post_2008,m1_p1,car_adj,surprise_orth_bps,HC1,-0.05627493879832427,0.00211034133056498,0.4238071901629341,0.7876032945295557,-1.1198669012200877,1.9674812815459557,0.5380972795651888,0.5905098904996999,post_2008,car_adj
QQQ,114,post_2008,m1_p1,car_adj,surprise_orth_bps,HC1,0.1164565871209719,0.008062606073988343,0.5063804946908915,0.6074511703912914,-0.6842019216427431,1.6969629110245263,0.8336151436908175,0.40449788921233254,post_2008,car_adj
IEF,114,post_2008,m1_p1,car_adj,surprise_orth_bps,HC1,0.14361579767458915,0.0017825561248413502,0.6569596168036873,1.6547151619984823,-2.586222505385699,3.9001417389930735,0.39702278186068246,0.6913506608524507,post_2008,car_adj
TLT,114,post_2008,m1_p1,car_adj,surprise_orth_bps,HC1,0.26851989332421605,0.0014476637809858195,0.7834420190156335,2.0712428778073297,-3.276119424721829,4.843003462753096,0.37824729654351547,0.705246893221778,post_2008,car_adj
XLV,114,post_2008,m1_p1,car_adj,surprise_orth_bps,HC1,0.0004647647783084293,0.0459778333027957,1.816827259110814,0.9140882471934394,0.025247215920326874,3.6084073023013015,1.9875840923336334,0.04685770708542378,post_2008,car_adj
GLD,126,post_2008,d0_p1,car_raw,surprise_bps,HC1,0.0993722677151471,0.057787803928783466,-2.9018945972040013,1.112046580027892,-5.0814658431896085,-0.722323351218394,-2.609508135109967,0.009067249011880395,post_2008,auto
XLU,126,post_2008,d0_p1,car_adj,surprise_bps,HC1,0.12048397089647123,0.05587672942068411,-2.444313392302718,1.256754973830325,-4.907507878401733,0.018881093796296877,-1.9449402971948977,0.05178216429905484,post_2008,auto
XLB,126,post_2008,d0_p1,car_adj,surprise_bps,HC1,-0.068184358005284,0.0666658284059729,-1.720514307850509,0.5865192144096689,-2.8700708443341862,-0.5709577713668321,-2.933432129043215,0.0033523694072120766,post_2008,auto
XLP,126,post_2008,d0_p1,car_adj,surprise_bps,HC1,-0.05950556116858294,0.029436967300699668,-1.378514055644455,1.608328412372546,-4.53077981920713,1.773751707918219,-0.8571098073253102,0.39138420157717424,post_2008,auto
IEF,126,post_2008,d0_p1,car_raw,surprise_bps,HC1,0.19088845905384205,0.04908287011192092,-1.068705952980762,0.4966692120259854,-2.0421597207815814,-0.09525218517994274,-2.151745924860847,0.03141737092730746,post_2008,auto
TLT,126,post_2008,d0_p1,car_raw,surprise_bps,HC1,0.2977085268459946,0.006989676704469372,-0.9059009367355559,0.9963085194730525,-2.858629752393162,1.0468278789220502,-0.9092574428799293,0.36321424895335563,post_2008,auto
XLE,126,post_2008,d0_p1,car_adj,surprise_bps,HC1,-0.15962907233753684,0.0019628989375077843,-0.589784293564709,2.0656396362650815,-4.6383635856826855,3.458794998553268,-0.2855213867947984,0.7752447217311812,post_2008,auto
XLI,126,post_2008,d0_p1,car_adj,surprise_bps,HC1,-0.03792573197923557,0.004442389220641663,-0.30908921803533196,0.4916675702978743,-1.2727399481854806,0.6545615121148168,-0.6286548812810083,0.5295750223477329,post_2008,auto
QQQ,126,post_2008,d0_p1,car_adj,surprise_bps,HC1,0.14323104539534104,0.000870092636027664,-0.1348712225643708,0.40569828449268314,-0.9300252487597145,0.6602828036309728,-0.3324421810977691,0.7395553919983404,post_2008,auto
SPY,126,post_2008,d0_p1,car_raw,surprise_bps,HC1,-0.10117038562306838,0.0007936597178864746,0.3265695572915053,1.7254193507326205,-3.055190228372915,3.708329342955926,0.1892696735740459,0.8498814626968003,post_2008,auto
XLV,126,post_2008,d0_p1,car_adj,surprise_bps,HC1,-0.06791601424491589,0.003437114583455525,0.3687069517679377,0.8400094062815635,-1.2776812312188006,2.015095134754676,0.43893193220309074,0.6607108581839818,post_2008,auto
XLY,126,post_2008,d0_p1,car_adj,surprise_bps,HC1,0.014077873912853367,0.006384546528315549,0.42783162854360096,0.8587263754718353,-1.255241139955816,2.1109043970430177,0.49821647589259715,0.6183314709001022,post_2008,auto
XLK,126,post_2008,d0_p1,car_adj,surprise_bps,HC1,0.11240195165800673,0.007680264204234177,0.43782774068409847,0.5830061773986838,-0.7048433697816914,1.5804988511498883,0.7509830215481469,0.45266287387479587,post_2008,auto
XLRE,72,post_2008,d0_p1,car_adj,surprise_bps,HC1,-0.18762944805616416,0.006325626706474963,0.6068581161493922,1.5811860452243913,-2.492209585347736,3.70592581764652,0.3837993119040404,0.701127198103793,post_2008,auto
XLF,126,post_2008,d0_p1,car_adj,surprise_bps,HC1,-0.10315129824712996,0.04845181138617294,1.6372634113705307,0.6293203820967426,0.4038181277239298,2.8707086950171314,2.601637350304096,0.0092779904539082,post_2008,auto
GLD,126,post_2008,d0_p1,car_raw,surprise_bps,HC1,0.0993722677151471,0.057787803928783466,-2.9018945972040013,1.112046580027892,-5.0814658431896085,-0.722323351218394,-2.609508135109967,0.009067249011880395,post_2008,car_raw
XLU,126,post_2008,d0_p1,car_raw,surprise_bps,HC1,0.019313585273402892,0.02512079660394162,-2.1177438350112117,1.094827671492455,-4.263566640414273,0.028078970391849645,-1.934317052951658,0.053074157819739336,post_2008,car_raw
XLB,126,post_2008,d0_p1,car_raw,surprise_bps,HC1,-0.16935474362835232,0.009661764459657829,-1.3939447505590041,2.0736778505576776,-5.458278653190485,2.670389152072476,-0.6722089210646331,0.5014507024624495,post_2008,car_raw
IEF,126,post_2008,d0_p1,car_raw,surprise_bps,HC1,0.19088845905384205,0.04908287011192092,-1.068705952980762,0.4966692120259854,-2.0421597207815814,-0.09525218517994274,-2.151745924860847,0.03141737092730746,post_2008,car_raw
XLP,126,post_2008,d0_p1,car_raw,surprise_bps,HC1,-0.16067594679165131,0.011953366302406843,-1.0519444983529498,0.8529000410719504,-2.7235978612667053,0.619708864560806,-1.2333737222369392,0.21743636430086788,post_2008,car_raw
TLT,126,post_2008,d0_p1,car_raw,surprise_bps,HC1,0.2977085268459946,0.006989676704469372,-0.9059009367355559,0.9963085194730525,-2.858629752393162,1.0468278789220502,-0.9092574428799293,0.36321424895335563,post_2008,car_raw
XLE,126,post_2008,d0_p1,car_raw,surprise_bps,HC1,-0.26079945796060533,0.00019834330418555535,-0.26321473627320413,3.4699377936961837,-7.0641678405121,6.537738367965693,-0.07585575071443207,0.9395338611932575,post_2008,car_raw
XLI,126,post_2008,d0_p1,car_raw,surprise_bps,HC1,-0.13909611760230392,1.7211794115512546e-06,0.01748033925617269,2.009000712175051,-3.9200887015222468,3.955049380034592,0.008701011975873092,0.9930576844788859,post_2008,car_raw
QQQ,126,post_2008,d0_p1,car_raw,surprise_bps,HC1,0.042060659772272684,0.0002189371677604468,0.19169833472713407,1.7418287415219655,-3.2222232658926453,3.605619935346913,0.11005578801026843,0.9123651311460533,post_2008,car_raw
SPY,126,post_2008,d0_p1,car_raw,surprise_bps,HC1,-0.10117038562306838,0.0007936597178864746,0.3265695572915053,1.7254193507326205,-3.055190228372915,3.708329342955926,0.1892696735740459,0.8498814626968003,post_2008,car_raw
XLV,126,post_2008,d0_p1,car_raw,surprise_bps,HC1,-0.16908639986798424,0.004964171200916634,0.6952765090594432,1.2738796412048334,-1.8014817083408365,3.1920347264597226,0.5457945056739048,0.5852072004579556,post_2008,car_raw
XLY,126,post_2008,d0_p1,car_raw,surprise_bps,HC1,-0.08709251171021498,0.002888795430972979,0.7544011858351061,2.4629962456742343,-4.07298274974376,5.581785121413972,0.3062940867896419,0.7593807410662876,post_2008,car_raw
XLK,126,post_2008,d0_p1,car_raw,surprise_bps,HC1,0.011231566034938328,0.0030384759563559793,0.7643972979756034,2.127250420498611,-3.40493691229936,4.933731508250566,0.35933583117893314,0.7193438724423686,post_2008,car_raw
XLRE,72,post_2008,d0_p1,car_raw,surprise_bps,HC1,-0.41379730709431023,0.012420106183265833,1.5169506067838692,3.1819703550515657,-4.719596688991328,7.753497902559067,0.4767331048121239,0.6335521862007838,post_2008,car_raw
XLF,126,post_2008,d0_p1,car_raw,surprise_bps,HC1,-0.2043216838701983,0.016493263815428705,1.9638329686620355,2.149649386639152,-2.24940240853932,6.177068345863391,0.9135596627375456,0.36094826999411556,post_2008,car_raw
GLD,126,post_2008,d0_p1,car_adj,surprise_bps,HC1,0.20054265333821536,0.0626051218319238,-3.228464154495507,1.3562838934413832,-5.8867317384523785,-0.5701965705386357,-2.3803749127358027,0.017295031768414404,post_2008,car_adj
XLU,126,post_2008,d0_p1,car_adj,surprise_bps,HC1,0.12048397089647123,0.05587672942068411,-2.444313392302718,1.256754973830325,-4.907507878401733,0.018881093796296877,-1.9449402971948977,0.05178216429905484,post_2008,car_adj
XLB,126,post_2008,d0_p1,car_adj,surprise_bps,HC1,-0.068184358005284,0.0666658284059729,-1.720514307850509,0.5865192144096689,-2.8700708443341862,-0.5709577713668321,-2.933432129043215,0.0033523694072120766,post_2008,car_adj
IEF,126,post_2008,d0_p1,car_adj,surprise_bps,HC1,0.29205884467691035,0.011414880293855512,-1.3952755102722671,1.618216965363641,-4.566922481556704,1.7763714610121693,-0.8622301830575142,0.38856086340602725,post_2008,car_adj
XLP,126,post_2008,d0_p1,car_adj,surprise_bps,HC1,-0.05950556116858294,0.029436967300699668,-1.378514055644455,1.608328412372546,-4.53077981920713,1.773751707918219,-0.8571098073253102,0.39138420157717424,post_2008,car_adj
TLT,126,post_2008,d0_p1,car_adj,surprise_bps,HC1,0.39887891246906293,0.00479588636744932,-1.2324704940270612,1.8085407910389089,-4.777145309034902,2.3122043209807797,-0.6814723229543933,0.49557267375440905,post_2008,car_adj
XLE,126,post_2008,d0_p1,car_adj,surprise_bps,HC1,-0.15962907233753684,0.0019628989375077843,-0.589784293564709,2.0656396362650815,-4.6383635856826855,3.458794998553268,-0.2855213867947984,0.7752447217311812,post_2008,car_adj
XLI,126,post_2008,d0_p1,car_adj,surprise_bps,HC1,-0.03792573197923557,0.004442389220641663,-0.30908921803533196,0.4916675702978743,-1.2727399481854806,0.6545615121148168,-0.6286548812810083,0.5295750223477329,post_2008,car_adj
QQQ,126,post_2008,d0_p1,car_adj,surprise_bps,HC1,0.14323104539534104,0.000870092636027664,-0.1348712225643708,0.40569828449268314,-0.9300252487597145,0.6602828036309728,-0.3324421810977691,0.7395553919983404,post_2008,car_adj
SPY,126,post_2008,d0_p1,car_adj,surprise_bps,HC1,0.0,,0.0,0.0,0.0,0.0,,,post_2008,car_adj
XLV,126,post_2008,d0_p1,car_adj,surprise_bps,HC1,-0.06791601424491589,0.003437114583455525,0.3687069517679377,0.8400094062815635,-1.2776812312188006,2.015095134754676,0.43893193220309074,0.6607108581839818,post_2008,car_adj
XLY,126,post_2008,d0_p1,car_adj,surprise_bps,HC1,0.014077873912853367,0.006384546528315549,0.42783162854360096,0.8587263754718353,-1.255241139955816,2.1109043970430177,0.49821647589259715,0.6183314709001022,post_2008,car_adj
XLK,126,post_2008,d0_p1,car_adj,surprise_bps,HC1,0.11240195165800673,0.007680264204234177,0.43782774068409847,0.5830061773986838,-0.7048433697816914,1.5804988511498883,0.7509830215481469,0.45266287387479587,post_2008,car_adj
XLRE,72,post_2008,d0_p1,car_adj,surprise_bps,HC1,-0.18762944805616416,0.006325626706474963,0.6068581161493922,1.5811860452243913,-2.492209585347736,3.70592581764652,0.3837993119040404,0.701127198103793,post_2008,car_adj
XLF,126,post_2008,d0_p1,car_adj,surprise_bps,HC1,-0.10315129824712996,0.04845181138617294,1.6372634113705307,0.6293203820967426,0.4038181277239298,2.8707086950171314,2.601637350304096,0.0092779904539082,post_2008,car_adj
GLD,114,post_2008,d0_p1,car_raw,surprise_orth_bps,HC1,0.01222284992555503,0.04001193896135191,-2.734462869188893,1.2628886980788734,-5.209679233906163,-0.25924650447162295,-2.165244548746538,0.030368962396139558,post_2008,auto
XLE,114,post_2008,d0_p1,car_adj,surprise_orth_bps,HC1,-0.11041629198296857,0.05247729132609569,-2.701469969256813,1.2719456804891693,-5.1944376933068765,-0.20850224520675004,-2.1238878441867675,0.03367952309586587,post_2008,auto
SPY,114,post_2008,d0_p1,car_raw,surprise_orth_bps,HC1,0.03266458041970773,0.01980093504197178,-1.653654585339553,1.4037873660180313,-4.405027264687241,1.0977180940081346,-1.1779950620515218,0.23879857482332434,post_2008,auto
XLB,114,post_2008,d0_p1,car_adj,surprise_orth_bps,HC1,-0.09578405633223082,0.041830175582868834,-1.503102275407871,0.7680541846360965,-3.0084608154698973,0.002256264654155321,-1.9570263471971572,0.05034437077871431,post_2008,auto
IEF,114,post_2008,d0_p1,car_raw,surprise_orth_bps,HC1,0.1680105502568367,0.020939701512509012,-0.8311608338437001,0.5802117600885498,-1.9683549870238521,0.30603331933645206,-1.4325129048002254,0.15199708757904282,post_2008,auto
XLRE,60,post_2008,d0_p1,car_adj,surprise_orth_bps,HC1,0.10199812266565467,0.007354486022678186,-0.6851184694101344,1.1431437183383029,-2.925638986506408,1.555402047686139,-0.5993283770181029,0.5489539282675316,post_2008,auto
XLU,114,post_2008,d0_p1,car_adj,surprise_orth_bps,HC1,0.2120525009317401,0.004679781676808825,-0.6362312956553449,0.9728918197615786,-2.543064223241673,1.270601631930983,-0.6539589322595627,0.5131382643662223,post_2008,auto
XLI,114,post_2008,d0_p1,car_adj,surprise_orth_bps,HC1,-0.009660739323495444,0.011890722522660213,-0.5346272338913971,0.5770188494552183,-1.6655633972243642,0.5963089294415701,-0.9265333955661165,0.3541688501841175,post_2008,auto
XLY,114,post_2008,d0_p1,car_adj,surprise_orth_bps,HC1,0.011147045034759464,0.006212667915509451,-0.4135232736956305,0.621355768011313,-1.631358200584029,0.8043116531927679,-0.6655177194526365,0.5057194139272063,post_2008,auto
XLK,114,post_2008,d0_p1,car_adj,surprise_orth_bps,HC1,0.08694134980467336,0.00146387175183893,-0.2065901620101758,0.649221582611996,-1.4790410819157835,1.065860757895432,-0.31821209821615454,0.7503240563266036,post_2008,auto
QQQ,114,post_2008,d0_p1,car_adj,surprise_orth_bps,HC1,0.09517711530178072,0.001513686257433422,-0.19719870980875212,0.5267218614175813,-1.229554588057109,0.8351571684396045,-0.37438869402159564,0.7081151532243253,post_2008,auto
TLT,114,post_2008,d0_p1,car_raw,surprise_orth_bps,HC1,0.21820783297312085,0.00011252812446316263,-0.12469350589418347,1.1761935174934495,-2.4299904390308265,2.1806034272424597,-0.10601444748642556,0.9155708893491208,post_2008,auto
XLP,114,post_2008,d0_p1,car_adj,surprise_orth_bps,HC1,-0.1068501515607794,0.006121266052356744,0.5392530639677685,0.8286922859907635,-1.0849539708402942,2.1634600987758312,0.6507277466967745,0.5152222486830915,post_2008,auto
XLV,114,post_2008,d0_p1,car_adj,surprise_orth_bps,HC1,-0.08483265575742369,0.03884467059686059,1.3671486916928537,0.7249110624733733,-0.053650882749623104,2.7879482661353303,1.8859536879299181,0.059301195761627803,post_2008,auto
XLF,114,post_2008,d0_p1,car_adj,surprise_orth_bps,HC1,-0.022338537186884874,0.0353605476653418,1.4536855491371576,0.725084348775339,0.03254633978381407,2.874824758490501,2.0048502654793467,0.044979056981772646,post_2008,auto
XLE,114,post_2008,d0_p1,car_raw,surprise_orth_bps,HC1,-0.07775171156326094,0.06108741998209444,-4.355124554596366,1.9918371786830695,-8.259053687883055,-0.45119542130967816,-2.186486225483459,0.028780051363061675,post_2008,car_raw
XLB,114,post_2008,d0_p1,car_raw,surprise_orth_bps,HC1,-0.06311947591252318,0.04324943683160165,-3.156756860747424,1.853506548654684,-6.789562941219743,0.4760492197248938,-1.703126899140803,0.0885443230069393,post_2008,car_raw
GLD,114,post_2008,d0_p1,car_raw,surprise_orth_bps,HC1,0.01222284992555503,0.04001193896135191,-2.734462869188893,1.2628886980788734,-5.209679233906163,-0.25924650447162295,-2.165244548746538,0.030368962396139558,post_2008,car_raw
XLU,114,post_2008,d0_p1,car_raw,surprise_orth_bps,HC1,0.24471708135144782,0.0422396592757307,-2.289885880994898,0.9939311369024109,-4.237955112436572,-0.34181664955322233,-2.303867738897217,0.021230069168861703,post_2008,car_raw
XLI,114,post_2008,d0_p1,car_raw,surprise_orth_bps,HC1,0.023003841096212285,0.028268624927908714,-2.1882818192309497,1.4447415349345971,-5.019923194671876,0.643359556209977,-1.5146528055829809,0.1298603519677626,post_2008,car_raw
XLRE,60,post_2008,d0_p1,car_raw,surprise_orth_bps,HC1,0.09978980625204872,0.032323773377604725,-2.074333882326884,1.9049337053221804,-5.807935337694794,1.659267573041026,-1.0889270721240418,0.276186046821867,post_2008,car_raw
XLY,114,post_2008,d0_p1,car_raw,surprise_orth_bps,HC1,0.04381162545446707,0.021272652110444934,-2.0671778590351835,1.7861005737861237,-5.56787065642231,1.433514938351944,-1.1573692374182718,0.24712153683371818,post_2008,car_raw
XLK,114,post_2008,d0_p1,car_raw,surprise_orth_bps,HC1,0.11960593022438101,0.01761913943999094,-1.8602447473497294,1.6819660330399544,-5.156837595327747,1.4363481006282879,-1.1059942417431328,0.26872901173087504,post_2008,car_raw
QQQ,114,post_2008,d0_p1,car_raw,surprise_orth_bps,HC1,0.12784169572148846,0.017538951796869373,-1.850853295148305,1.658750722243084,-5.101944970074553,1.4002383797779423,-1.1158115986502457,0.2645027879527352,post_2008,car_raw
SPY,114,post_2008,d0_p1,car_raw,surprise_orth_bps,HC1,0.03266458041970773,0.01980093504197178,-1.653654585339553,1.4037873660180313,-4.405027264687241,1.0977180940081346,-1.1779950620515218,0.23879857482332434,post_2008,car_raw
XLP,114,post_2008,d0_p1,car_raw,surprise_orth_bps,HC1,-0.07418557114107169,0.014850451955339072,-1.1144015213717848,0.8720473376518671,-2.823582895983484,0.5947798532399148,-1.2779140228470816,0.2012797431033102,post_2008,car_raw
IEF,114,post_2008,d0_p1,car_raw,surprise_orth_bps,HC1,0.1680105502568367,0.020939701512509012,-0.8311608338437001,0.5802117600885498,-1.9683549870238521,0.30603331933645206,-1.4325129048002254,0.15199708757904282,post_2008,car_raw
XLV,114,post_2008,d0_p1,car_raw,surprise_orth_bps,HC1,-0.05216807533771596,0.0007788373191395248,-0.2865058936466996,1.1036543085369173,-2.449628589761514,1.8766168024681154,-0.25959749482291444,0.7951742689403207,post_2008,car_raw
XLF,114,post_2008,d0_p1,car_raw,surprise_orth_bps,HC1,0.010326043232822824,0.00017910739988102886,-0.19996903620239578,1.7450018986427636,-3.620109910496226,3.2201718380914346,-0.1145953115340039,0.9087658960815099,post_2008,car_raw
TLT,114,post_2008,d0_p1,car_raw,surprise_orth_bps,HC1,0.21820783297312085,0.00011252812446316263,-0.12469350589418347,1.1761935174934495,-2.4299904390308265,2.1806034272424597,-0.10601444748642556,0.9155708893491208,post_2008,car_raw
XLE,114,post_2008,d0_p1,car_adj,surprise_orth_bps,HC1,-0.11041629198296857,0.05247729132609569,-2.701469969256813,1.2719456804891693,-5.1944376933068765,-0.20850224520675004,-2.1238878441867675,0.03367952309586587,post_2008,car_adj
XLB,114,post_2008,d0_p1,car_adj,surprise_orth_bps,HC1,-0.09578405633223082,0.041830175582868834,-1.503102275407871,0.7680541846360965,-3.0084608154698973,0.002256264654155321,-1.9570263471971572,0.05034437077871431,post_2008,car_adj
GLD,114,post_2008,d0_p1,car_adj,surprise_orth_bps,HC1,-0.02044173049415273,0.0056921909683096406,-1.0808082838493405,1.482102984161682,-3.985676754185575,1.8240601864868942,-0.7292396651239963,0.46585507191945585,post_2008,car_adj
XLRE,60,post_2008,d0_p1,car_adj,surprise_orth_bps,HC1,0.10199812266565467,0.007354486022678186,-0.6851184694101344,1.1431437183383029,-2.925638986506408,1.555402047686139,-0.5993283770181029,0.5489539282675316,post_2008,car_adj
XLU,114,post_2008,d0_p1,car_adj,surprise_orth_bps,HC1,0.2120525009317401,0.004679781676808825,-0.6362312956553449,0.9728918197615786,-2.543064223241673,1.270601631930983,-0.6539589322595627,0.5131382643662223,post_2008,car_adj
XLI,114,post_2008,d0_p1,car_adj,surprise_orth_bps,HC1,-0.009660739323495444,0.011890722522660213,-0.5346272338913971,0.5770188494552183,-1.6655633972243642,0.5963089294415701,-0.9265333955661165,0.3541688501841175,post_2008,car_adj
XLY,114,post_2008,d0_p1,car_adj,surprise_orth_bps,HC1,0.011147045034759464,0.006212667915509451,-0.4135232736956305,0.621355768011313,-1.631358200584029,0.8043116531927679,-0.6655177194526365,0.5057194139272063,post_2008,car_adj
XLK,114,post_2008,d0_p1,car_adj,surprise_orth_bps,HC1,0.08694134980467336,0.00146387175183893,-0.2065901620101758,0.649221582611996,-1.4790410819157835,1.065860757895432,-0.31821209821615454,0.7503240563266036,post_2008,car_adj
QQQ,114,post_2008,d0_p1,car_adj,surprise_orth_bps,HC1,0.09517711530178072,0.001513686257433422,-0.19719870980875212,0.5267218614175813,-1.229554588057109,0.8351571684396045,-0.37438869402159564,0.7081151532243253,post_2008,car_adj
SPY,114,post_2008,d0_p1,car_adj,surprise_orth_bps,HC1,0.0,,0.0,0.0,0.0,0.0,,,post_2008,car_adj
XLP,114,post_2008,d0_p1,car_adj,surprise_orth_bps,HC1,-0.1068501515607794,0.006121266052356744,0.5392530639677685,0.8286922859907635,-1.0849539708402942,2.1634600987758312,0.6507277466967745,0.5152222486830915,post_2008,car_adj
IEF,114,post_2008,d0_p1,car_adj,surprise_orth_bps,HC1,0.135345969837129,0.003826702485271838,0.8224937514958536,1.5161653288396844,-2.1491356876382555,3.7941231906299624,0.5424828914438408,0.5874858902322235,post_2008,car_adj
XLV,114,post_2008,d0_p1,car_adj,surprise_orth_bps,HC1,-0.08483265575742369,0.03884467059686059,1.3671486916928537,0.7249110624733733,-0.053650882749623104,2.7879482661353303,1.8859536879299181,0.059301195761627803,post_2008,car_adj
XLF,114,post_2008,d0_p1,car_adj,surprise_orth_bps,HC1,-0.022338537186884874,0.0353605476653418,1.4536855491371576,0.725084348775339,0.03254633978381407,2.874824758490501,2.0048502654793467,0.044979056981772646,post_2008,car_adj
TLT,114,post_2008,d0_p1,car_adj,surprise_orth_bps,HC1,0.18554325255341317,0.006942791873478238,1.5289610794453696,1.9565628155236905,-2.30583157247135,5.363753731362089,0.7814525898756439,0.43453635064696605,post_2008,car_adj
TLT,126,post_2008,d0_p5,car_raw,surprise_bps,HC1,0.3815640778030617,0.11096506119372629,-5.161260210669429,1.36604129494932,-7.838651950164553,-2.483868471174304,-3.778260752257062,0.00015792747352324555,post_2008,auto
GLD,126,post_2008,d0_p5,car_raw,surprise_bps,HC1,0.10007134107923626,0.0992320503926899,-5.143790769796943,1.4657533435963142,-8.01661453346488,-2.2709670061290037,-3.50931539216301,0.00044926181656438843,post_2008,auto
IEF,126,post_2008,d0_p5,car_raw,surprise_bps,HC1,0.22796771899122145,0.14839278520618282,-2.5225183822520387,0.5297387029163545,-3.560787161185057,-1.4842496033190204,-4.761816284830416,1.9185830683171543e-06,post_2008,auto
XLP,126,post_2008,d0_p5,car_adj,surprise_bps,HC1,-0.16181099416601,0.023385551327463117,-1.8512201764924499,1.312262018753445,-4.423206471529027,0.7207661185441278,-1.4107092562588806,0.1583303605422225,post_2008,auto
XLB,126,post_2008,d0_p5,car_adj,surprise_bps,HC1,-0.10678329908699846,0.030831910471202817,-1.8456763568691674,1.1149661558332844,-4.030969866283478,0.33961715254514324,-1.6553653644220057,0.09785040727777287,post_2008,auto
XLU,126,post_2008,d0_p5,car_adj,surprise_bps,HC1,-0.2091124576914493,0.005317456738787141,-1.0895431543674134,1.8060878094276052,-4.62941021376236,2.4503239050275334,-0.6032614520069859,0.5463347725815086,post_2008,auto
QQQ,126,post_2008,d0_p5,car_adj,surprise_bps,HC1,0.19681624204105094,0.010496395384993362,-0.8077237273402414,1.3831838973207622,-3.518714350084684,1.9032668954042007,-0.5839597532221192,0.5592473900591992,post_2008,auto
XLY,126,post_2008,d0_p5,car_adj,surprise_bps,HC1,0.010427683804103645,0.0020761550349384095,-0.39390427019501595,1.054914291538838,-2.461498288387725,1.6736897479976933,-0.3733993115406702,0.7088512718202264,post_2008,auto
XLK,126,post_2008,d0_p5,car_adj,surprise_bps,HC1,0.2370292860167283,0.0022003356849977784,-0.35260452511388135,0.4591192617250638,-1.252461742703625,0.5472526924758626,-0.7680020302111239,0.44248597874176376,post_2008,auto
XLI,126,post_2008,d0_p5,car_adj,surprise_bps,HC1,-0.08719968152990709,0.0050673596146966204,0.5961017079612216,1.515584397213294,-2.3743891261076824,3.566592542030125,0.3933147563786446,0.6940870206764658,post_2008,auto
XLV,126,post_2008,d0_p5,car_adj,surprise_bps,HC1,-0.1119669512400049,0.007144743150831578,0.8364490480762886,1.2320914579619564,-1.578405835188592,3.251303931341169,0.6788855183363472,0.49721040220615154,post_2008,auto
XLRE,72,post_2008,d0_p5,car_adj,surprise_bps,HC1,-0.6135443263934535,0.009054674902402193,1.2598399129017837,3.674571958292957,-5.94218878395323,8.461868609756797,0.3428535152396497,0.7317086638764829,post_2008,auto
XLE,126,post_2008,d0_p5,car_adj,surprise_bps,HC1,-0.2651947873236734,0.009903076830262703,2.3878722630816904,4.177354217237171,-5.799591553369672,10.575336079533052,0.571623122891644,0.567577326803441,post_2008,auto
XLF,126,post_2008,d0_p5,car_adj,surprise_bps,HC1,-0.15526235739935054,0.0625111236064152,3.0936396475374948,1.6508870553152977,-0.14203952342387305,6.329318818498862,1.8739256798804145,0.06094066941961399,post_2008,auto
SPY,126,post_2008,d0_p5,car_raw,surprise_bps,HC1,0.16492260463269498,0.04379546660327582,3.9216605087003047,3.7723938231822385,-3.472095520238244,11.315416537638853,1.0395681608321983,0.2985405756056122,post_2008,auto
TLT,126,post_2008,d0_p5,car_raw,surprise_bps,HC1,0.3815640778030617,0.11096506119372629,-5.161260210669429,1.36604129494932,-7.838651950164553,-2.483868471174304,-3.778260752257062,0.00015792747352324555,post_2008,car_raw
GLD,126,post_2008,d0_p5,car_raw,surprise_bps,HC1,0.10007134107923626,0.0992320503926899,-5.143790769796943,1.4657533435963142,-8.01661453346488,-2.2709670061290037,-3.50931539216301,0.00044926181656438843,post_2008,car_raw
IEF,126,post_2008,d0_p5,car_raw,surprise_bps,HC1,0.22796771899122145,0.14839278520618282,-2.5225183822520387,0.5297387029163545,-3.560787161185057,-1.4842496033190204,-4.761816284830416,1.9185830683171543e-06,post_2008,car_raw
XLP,126,post_2008,d0_p5,car_raw,surprise_bps,HC1,0.0031116104666850733,0.021926272000620695,2.070440332207856,3.0579478937932625,-3.9230274062270523,8.063908070642764,0.677068545350378,0.49836246499741743,post_2008,car_raw
XLB,126,post_2008,d0_p5,car_raw,surprise_bps,HC1,0.0581393055456966,0.00845378536132746,2.075984151831136,4.391680513823531,-6.531551486869344,10.683519790531617,0.4727083733201076,0.6364212518903352,post_2008,car_raw
XLU,126,post_2008,d0_p5,car_raw,surprise_bps,HC1,-0.04418985305875425,0.017151899537451998,2.8321173543328912,5.098308139373988,-7.160382980927539,12.824617689593321,0.5555014088812297,0.5785517467262233,post_2008,car_raw
QQQ,126,post_2008,d0_p5,car_raw,surprise_bps,HC1,0.36173884667374606,0.025068892488296357,3.1139367813600627,2.7558807066240933,-2.2874901493119557,8.515363712032082,1.1299243736767481,0.25850809258895435,post_2008,car_raw
XLY,126,post_2008,d0_p5,car_raw,surprise_bps,HC1,0.1753502884367986,0.025529203535305744,3.5277562385052885,3.427137166909031,-3.1893091787150487,10.244821655725625,1.0293595110717457,0.303310767886378,post_2008,car_raw
XLK,126,post_2008,d0_p5,car_raw,surprise_bps,HC1,0.40195189064942327,0.027309930345741917,3.5690559835864235,3.757169904858989,-3.794861713734976,10.932973680907823,0.9499320163750685,0.34214679744366505,post_2008,car_raw
SPY,126,post_2008,d0_p5,car_raw,surprise_bps,HC1,0.16492260463269498,0.04379546660327582,3.9216605087003047,3.7723938231822385,-3.472095520238244,11.315416537638853,1.0395681608321983,0.2985405756056122,post_2008,car_raw
XLI,126,post_2008,d0_p5,car_raw,surprise_bps,HC1,0.07772292310278778,0.03854222895405135,4.517762216661526,5.085358282194264,-5.4493568649217075,14.484881298244762,0.8883862190162485,0.37433303572858434,post_2008,car_raw
XLV,126,post_2008,d0_p5,car_raw,surprise_bps,HC1,0.05295565339269008,0.08211767842734186,4.758109556776593,3.5370739350872418,-2.174427966649766,11.69064708020295,1.3452106583288692,0.17855721523373358,post_2008,car_raw
XLE,126,post_2008,d0_p5,car_raw,surprise_bps,HC1,-0.10027218269097846,0.03280410339796702,6.309532771781997,7.099634310249154,-7.605494779711214,20.22456032327521,0.8887123612371763,0.37415768602736443,post_2008,car_raw
XLRE,72,post_2008,d0_p5,car_raw,surprise_bps,HC1,-0.7414818620279462,0.06766614052655173,6.38160352161831,7.547100986198258,-8.410442599017,21.17364964225362,0.845570177646841,0.39779256805758445,post_2008,car_raw
XLF,126,post_2008,d0_p5,car_raw,surprise_bps,HC1,0.009660247233344632,0.07195698346402046,7.015300156237796,5.1670976659833325,-3.112025173690511,17.142625486166104,1.3576867730644564,0.17456309560496197,post_2008,car_raw
TLT,126,post_2008,d0_p5,car_adj,surprise_bps,HC1,0.21664147317036644,0.13171334196741202,-9.082920719369733,4.498530328862711,-17.899878147301774,-0.2659632914376944,-2.019086247144635,0.04347825603095311,post_2008,car_adj
GLD,126,post_2008,d0_p5,car_adj,surprise_bps,HC1,-0.06485126355345891,0.17048614515789196,-9.065451278497246,3.505124174903725,-15.935368422649221,-2.195534134345273,-2.5863424021907147,0.009700051773850867,post_2008,car_adj
IEF,126,post_2008,d0_p5,car_adj,surprise_bps,HC1,0.06304511435852644,0.10220451298236322,-6.444178890952343,3.8534740862851184,-13.996849315429566,1.1084915335248815,-1.6723036788771435,0.09446445458521616,post_2008,car_adj
XLP,126,post_2008,d0_p5,car_adj,surprise_bps,HC1,-0.16181099416601,0.023385551327463117,-1.8512201764924499,1.312262018753445,-4.423206471529027,0.7207661185441278,-1.4107092562588806,0.1583303605422225,post_2008,car_adj
XLB,126,post_2008,d0_p5,car_adj,surprise_bps,HC1,-0.10678329908699846,0.030831910471202817,-1.8456763568691674,1.1149661558332844,-4.030969866283478,0.33961715254514324,-1.6553653644220057,0.09785040727777287,post_2008,car_adj
XLU,126,post_2008,d0_p5,car_adj,surprise_bps,HC1,-0.2091124576914493,0.005317456738787141,-1.0895431543674134,1.8060878094276052,-4.62941021376236,2.4503239050275334,-0.6032614520069859,0.5463347725815086,post_2008,car_adj
QQQ,126,post_2008,d0_p5,car_adj,surprise_bps,HC1,0.19681624204105094,0.010496395384993362,-0.8077237273402414,1.3831838973207622,-3.518714350084684,1.9032668954042007,-0.5839597532221192,0.5592473900591992,post_2008,car_adj
XLY,126,post_2008,d0_p5,car_adj,surprise_bps,HC1,0.010427683804103645,0.0020761550349384095,-0.39390427019501595,1.054914291538838,-2.461498288387725,1.6736897479976933,-0.3733993115406702,0.7088512718202264,post_2008,car_adj
XLK,126,post_2008,d0_p5,car_adj,surprise_bps,HC1,0.2370292860167283,0.0022003356849977784,-0.35260452511388135,0.4591192617250638,-1.252461742703625,0.5472526924758626,-0.7680020302111239,0.44248597874176376,post_2008,car_adj
SPY,126,post_2008,d0_p5,car_adj,surprise_bps,HC1,0.0,,0.0,0.0,0.0,0.0,,,post_2008,car_adj
XLI,126,post_2008,d0_p5,car_adj,surprise_bps,HC1,-0.08719968152990709,0.0050673596146966204,0.5961017079612216,1.515584397213294,-2.3743891261076824,3.566592542030125,0.3933147563786446,0.6940870206764658,post_2008,car_adj
XLV,126,post_2008,d0_p5,car_adj,surprise_bps,HC1,-0.1119669512400049,0.007144743150831578,0.8364490480762886,1.2320914579619564,-1.578405835188592,3.251303931341169,0.6788855183363472,0.49721040220615154,post_2008,car_adj
XLRE,72,post_2008,d0_p5,car_adj,surprise_bps,HC1,-0.6135443263934535,0.009054674902402193,1.2598399129017837,3.674571958292957,-5.94218878395323,8.461868609756797,0.3428535152396497,0.7317086638764829,post_2008,car_adj
XLE,126,post_2008,d0_p5,car_adj,surprise_bps,HC1,-0.2651947873236734,0.009903076830262703,2.3878722630816904,4.177354217237171,-5.799591553369672,10.575336079533052,0.571623122891644,0.567577326803441,post_2008,car_adj
XLF,126,post_2008,d0_p5,car_adj,surprise_bps,HC1,-0.15526235739935054,0.0625111236064152,3.0936396475374948,1.6508870553152977,-0.14203952342387305,6.329318818498862,1.8739256798804145,0.06094066941961399,post_2008,car_adj
GLD,114,post_2008,d0_p5,car_raw,surprise_orth_bps,HC1,-0.049407502739990394,0.06380080330171733,-4.614091585926923,1.8084410797068324,-8.158570970315044,-1.0696122015388028,-2.5514193620700745,0.01072851475889717,post_2008,auto
XLE,114,post_2008,d0_p5,car_adj,surprise_orth_bps,HC1,-0.0301068953636177,0.020196274750431842,-3.0403627188589573,2.758999428501052,-8.447902232087612,2.367176794369697,-1.1019801916054648,0.27047028332570167,post_2008,auto
TLT,114,post_2008,d0_p5,car_raw,surprise_orth_bps,HC1,0.17981361432094126,0.03333142901390573,-3.0151683165268617,1.4587537122324103,-5.874273054816492,-0.15606357823723138,-2.0669481703752344,0.03873903803100715,post_2008,auto
XLB,114,post_2008,d0_p5,car_adj,surprise_orth_bps,HC1,-0.04370066366958174,0.03990862862765632,-2.5100927642547184,1.382272298865698,-5.219296686858872,0.19911115834943505,-1.815917722083064,0.06938299434243403,post_2008,auto
XLRE,60,post_2008,d0_p5,car_adj,surprise_orth_bps,HC1,-0.23890961842347264,0.031228739030701225,-2.354856826951169,1.5939746645618813,-5.4789897617617696,0.7692761078594321,-1.4773489687795152,0.13958211787855718,post_2008,auto
XLU,114,post_2008,d0_p5,car_adj,surprise_orth_bps,HC1,-0.010992599532057279,0.019017506655990668,-2.1726670503298378,1.226559482104727,-4.576679460151204,0.231345359491528,-1.7713507433016034,0.07650239413873924,post_2008,auto
IEF,114,post_2008,d0_p5,car_raw,surprise_orth_bps,HC1,0.17417160844922192,0.06928718223263697,-1.9957375016055088,0.7023945937856231,-3.372405608360971,-0.6190693948500463,-2.8413338019150887,0.004492526163437182,post_2008,auto
XLP,114,post_2008,d0_p5,car_adj,surprise_orth_bps,HC1,-0.12840473959843374,0.011694482178017718,-1.2747292612979901,1.1236128135788723,-3.4769699084802976,0.9275113858843174,-1.1344915667504625,0.25658840922546433,post_2008,auto
XLI,114,post_2008,d0_p5,car_adj,surprise_orth_bps,HC1,0.0016403381587342183,0.018480634617029312,-1.0998135642509146,0.9750757669107413,-3.01092694959374,0.8112998210919108,-1.1279262612949255,0.25935106203376557,post_2008,auto
SPY,114,post_2008,d0_p5,car_raw,surprise_orth_bps,HC1,0.30110121839154513,0.00150989151432801,-0.6400093835628479,1.6759374521583097,-3.924786430134955,2.6447676630092594,-0.3818814256693348,0.7025493182271226,post_2008,auto
XLK,114,post_2008,d0_p5,car_adj,surprise_orth_bps,HC1,0.12843453861704052,0.0005698978941416355,-0.1980364311534633,0.683621481113704,-1.5379099131942517,1.1418370508873252,-0.28968725621499997,0.772055506557807,post_2008,auto
QQQ,114,post_2008,d0_p5,car_adj,surprise_orth_bps,HC1,0.07887861799769494,0.006850158076723845,0.6755491915290084,0.7081144643819716,-0.7123296555915268,2.0634280386495436,0.9540112870291592,0.34007792906522016,post_2008,auto
XLY,114,post_2008,d0_p5,car_adj,surprise_orth_bps,HC1,-0.0918321061678537,0.0117406173894965,1.054224201406228,1.153201518772253,-1.2060092423042794,3.3144576451167347,0.9141717074120743,0.3606266281384507,post_2008,auto
XLF,114,post_2008,d0_p5,car_adj,surprise_orth_bps,HC1,0.01569266536290831,0.00784765262492948,1.081500739358426,1.0824063764876362,-1.0399767751938431,3.2029782539106955,0.9991633113506325,0.3177155855713597,post_2008,auto
XLV,114,post_2008,d0_p5,car_adj,surprise_orth_bps,HC1,-0.10958776730479722,0.019297418846082937,1.5749301459379756,1.1151709028843149,-0.6107646603222959,3.7606249521982473,1.4122769360862306,0.1578684347030075,post_2008,auto
GLD,114,post_2008,d0_p5,car_raw,surprise_orth_bps,HC1,-0.049407502739990394,0.06380080330171733,-4.614091585926923,1.8084410797068324,-8.158570970315044,-1.0696122015388028,-2.5514193620700745,0.01072851475889717,post_2008,car_raw
XLE,114,post_2008,d0_p5,car_raw,surprise_orth_bps,HC1,0.27099432302792736,0.018332987709558712,-3.6803721024218055,3.146249074126616,-9.846906974102465,2.4861627692588533,-1.169765017235153,0.24209554527070454,post_2008,car_raw
XLB,114,post_2008,d0_p5,car_raw,surprise_orth_bps,HC1,0.2574005547219635,0.021004115499862808,-3.150102147817566,2.21910210886068,-7.499462359201381,1.1992580635662484,-1.4195390717892094,0.1557419142005848,post_2008,car_raw
TLT,114,post_2008,d0_p5,car_raw,surprise_orth_bps,HC1,0.17981361432094126,0.03333142901390573,-3.0151683165268617,1.4587537122324103,-5.874273054816492,-0.15606357823723138,-2.0669481703752344,0.03873903803100715,post_2008,car_raw
XLU,114,post_2008,d0_p5,car_raw,surprise_orth_bps,HC1,0.2901086188594879,0.027577520997025262,-2.812676433892687,1.7624901145499785,-6.26709358151852,0.6417407137331456,-1.595853735957467,0.11052145267918026,post_2008,car_raw
XLRE,60,post_2008,d0_p5,car_raw,surprise_orth_bps,HC1,-0.20936313667846063,0.020117019731098584,-2.31356895772348,2.8857663777970126,-7.969567126002233,3.342429210555272,-0.8017173446624093,0.42271648036221654,post_2008,car_raw
IEF,114,post_2008,d0_p5,car_raw,surprise_orth_bps,HC1,0.17417160844922192,0.06928718223263697,-1.9957375016055088,0.7023945937856231,-3.372405608360971,-0.6190693948500463,-2.8413338019150887,0.004492526163437182,post_2008,car_raw
XLP,114,post_2008,d0_p5,car_raw,surprise_orth_bps,HC1,0.1726964787931114,0.023801122234740624,-1.9147386448608386,1.2138093235250307,-4.293761203068825,0.46428391334714797,-1.5774624628028355,0.11468915273376147,post_2008,car_raw
XLI,114,post_2008,d0_p5,car_raw,surprise_orth_bps,HC1,0.3027415565502794,0.009137847071013172,-1.7398229478137632,1.7132977262558173,-5.09782478606953,1.6181788904420038,-1.0154819685752534,0.309876137536776,post_2008,car_raw
XLK,114,post_2008,d0_p5,car_raw,surprise_orth_bps,HC1,0.42953575700858565,0.0016257261410037582,-0.8380458147163119,1.9972540505909255,-4.752591821851265,3.0765001924186413,-0.4195990061796896,0.6747784145068285,post_2008,car_raw
SPY,114,post_2008,d0_p5,car_raw,surprise_orth_bps,HC1,0.30110121839154513,0.00150989151432801,-0.6400093835628479,1.6759374521583097,-3.924786430134955,2.6447676630092594,-0.3818814256693348,0.7025493182271226,post_2008,car_raw
QQQ,114,post_2008,d0_p5,car_raw,surprise_orth_bps,HC1,0.37997983638924016,2.9797092145900095e-06,0.03553980796616035,2.0544688078747013,-3.9911450628291942,4.062224678761515,0.017298781967357017,0.9861982573079722,post_2008,car_raw
XLY,114,post_2008,d0_p5,car_raw,surprise_orth_bps,HC1,0.2092691122236915,0.00035705277278763603,0.4142148178433794,2.5741696407808474,-4.631064968183489,5.459494603870248,0.16091201266662894,0.8721627008617774,post_2008,car_raw
XLF,114,post_2008,d0_p5,car_raw,surprise_orth_bps,HC1,0.3167938837544537,0.0003910719524563566,0.44149135579557836,2.164785187113416,-3.801409645212519,4.684392356803676,0.2039423396019607,0.8383985581076322,post_2008,car_raw
XLV,114,post_2008,d0_p5,car_raw,surprise_orth_bps,HC1,0.191513451086748,0.00416780851678622,0.9349207623751278,1.2327011850763654,-1.4811291640743918,3.3509706888246478,0.7584325980162093,0.44819204914970945,post_2008,car_raw
GLD,114,post_2008,d0_p5,car_adj,surprise_orth_bps,HC1,-0.3505087211315356,0.03033734410979072,-3.9740822023640767,2.320709902433813,-8.522590029699812,0.574425624971659,-1.7124424721057605,0.08681515767843678,post_2008,car_adj
XLE,114,post_2008,d0_p5,car_adj,surprise_orth_bps,HC1,-0.0301068953636177,0.020196274750431842,-3.0403627188589573,2.758999428501052,-8.447902232087612,2.367176794369697,-1.1019801916054648,0.27047028332570167,post_2008,car_adj
XLB,114,post_2008,d0_p5,car_adj,surprise_orth_bps,HC1,-0.04370066366958174,0.03990862862765632,-2.5100927642547184,1.382272298865698,-5.219296686858872,0.19911115834943505,-1.815917722083064,0.06938299434243403,post_2008,car_adj
TLT,114,post_2008,d0_p5,car_adj,surprise_orth_bps,HC1,-0.12128760407060393,0.009676069560571432,-2.3751589329640135,1.9537910414596755,-6.204519007541981,1.4542011416139544,-1.215666815213532,0.22411187037951386,post_2008,car_adj
XLRE,60,post_2008,d0_p5,car_adj,surprise_orth_bps,HC1,-0.23890961842347264,0.031228739030701225,-2.354856826951169,1.5939746645618813,-5.4789897617617696,0.7692761078594321,-1.4773489687795152,0.13958211787855718,post_2008,car_adj
XLU,114,post_2008,d0_p5,car_adj,surprise_orth_bps,HC1,-0.010992599532057279,0.019017506655990668,-2.1726670503298378,1.226559482104727,-4.576679460151204,0.231345359491528,-1.7713507433016034,0.07650239413873924,post_2008,car_adj
IEF,114,post_2008,d0_p5,car_adj,surprise_orth_bps,HC1,-0.1269296099423232,0.005413223380611898,-1.3557281180426597,1.7210825191792296,-4.728987870055416,2.0175316339700973,-0.7877182546071035,0.43086152546782286,post_2008,car_adj
XLP,114,post_2008,d0_p5,car_adj,surprise_orth_bps,HC1,-0.12840473959843374,0.011694482178017718,-1.2747292612979901,1.1236128135788723,-3.4769699084802976,0.9275113858843174,-1.1344915667504625,0.25658840922546433,post_2008,car_adj
XLI,114,post_2008,d0_p5,car_adj,surprise_orth_bps,HC1,0.0016403381587342183,0.018480634617029312,-1.0998135642509146,0.9750757669107413,-3.01092694959374,0.8112998210919108,-1.1279262612949255,0.25935106203376557,post_2008,car_adj
XLK,114,post_2008,d0_p5,car_adj,surprise_orth_bps,HC1,0.12843453861704052,0.0005698978941416355,-0.1980364311534633,0.683621481113704,-1.5379099131942517,1.1418370508873252,-0.28968725621499997,0.772055506557807,post_2008,car_adj
SPY,114,post_2008,d0_p5,car_adj,surprise_orth_bps,HC1,0.0,,0.0,0.0,0.0,0.0,,,post_2008,car_adj
QQQ,114,post_2008,d0_p5,car_adj,surprise_orth_bps,HC1,0.07887861799769494,0.006850158076723845,0.6755491915290084,0.7081144643819716,-0.7123296555915268,2.0634280386495436,0.9540112870291592,0.34007792906522016,post_2008,car_adj
XLY,114,post_2008,d0_p5,car_adj,surprise_orth_bps,HC1,-0.0918321061678537,0.0117406173894965,1.054224201406228,1.153201518772253,-1.2060092423042794,3.3144576451167347,0.9141717074120743,0.3606266281384507,post_2008,car_adj
XLF,114,post_2008,d0_p5,car_adj,surprise_orth_bps,HC1,0.01569266536290831,0.00784765262492948,1.081500739358426,1.0824063764876362,-1.0399767751938431,3.2029782539106955,0.9991633113506325,0.3177155855713597,post_2008,car_adj
XLV,114,post_2008,d0_p5,car_adj,surprise_orth_bps,HC1,-0.10958776730479722,0.019297418846082937,1.5749301459379756,1.1151709028843149,-0.6107646603222959,3.7606249521982473,1.4122769360862306,0.1578684347030075,post_2008,car_adj
SPY,88,pre_2008,m5_p5,car_raw,surprise_bps,HC1,-0.2390478116089058,0.08919148421441403,-4.564863581081527,1.5150030474577223,-7.53421499056709,-1.5955121715959648,-3.013105213710083,0.0025858924821310658,pre_2008,auto
QQQ,86,pre_2008,m5_p5,car_adj,surprise_bps,HC1,-0.34050793433408066,0.0729536896443691,-3.922757453714329,1.6913618644351351,-7.237765792831712,-0.6077491145969462,-2.319289287644199,0.020379355885309588,pre_2008,auto
XLK,87,pre_2008,m5_p5,car_adj,surprise_bps,HC1,-0.25351089784220654,0.07426758348609785,-3.3884796772387213,1.6612926008452682,-6.644553342678322,-0.1324060117991195,-2.039664581371552,0.041383744918064895,pre_2008,auto
TLT,57,pre_2008,m5_p5,car_raw,surprise_bps,HC1,0.48432028971152,0.15283611727101276,-3.1829070562463304,1.7602561290088297,-6.632945672669527,0.26713156017686635,-1.8082067738849865,0.07057432475021339,pre_2008,auto
GLD,38,pre_2008,m5_p5,car_raw,surprise_bps,HC1,0.5813777140713042,0.00825076778626821,-1.4405204240797373,3.0576151765761206,-7.433336048752012,4.552295200592537,-0.4711254820800615,0.6375511289685425,pre_2008,auto
IEF,57,pre_2008,m5_p5,car_raw,surprise_bps,HC1,0.33867261193322296,0.08853176188505829,-1.3362773818583646,0.81632743955004,-2.936249762968241,0.26369499925151185,-1.6369379701298798,0.10164343116417565,pre_2008,auto
XLY,87,pre_2008,m5_p5,car_adj,surprise_bps,HC1,-0.023614586451425064,0.00633740304343422,-0.7046632755402407,1.1129447737998222,-2.8859949489699694,1.476668397889488,-0.6331520594093589,0.5266343487701526,pre_2008,auto
XLI,87,pre_2008,m5_p5,car_adj,surprise_bps,HC1,0.16630153367878264,0.0006023309544505029,-0.14679235608924623,0.5660766718128384,-1.2562822453307094,0.9626975331522171,-0.2593153249349588,0.7953919561379366,pre_2008,auto
XLV,87,pre_2008,m5_p5,car_adj,surprise_bps,HC1,0.13212750173911814,2.400697120541473e-05,-0.036394937078263606,1.182740467910718,-2.3545236572413226,2.2817337830847952,-0.030771701878565438,0.9754516083582601,pre_2008,auto
XLF,87,pre_2008,m5_p5,car_adj,surprise_bps,HC1,-0.12165165454386735,0.004013311529096897,0.6143102248692771,1.516414366603889,-2.357807319313463,3.5864277690520177,0.40510709895545627,0.6853987885498876,pre_2008,auto
XLB,87,pre_2008,m5_p5,car_adj,surprise_bps,HC1,0.31811197359714766,0.014356912680052014,1.397795170856965,1.0820846780374234,-0.7230518263190048,3.5186421680329345,1.2917613558600105,0.19643980198621924,pre_2008,auto
XLE,87,pre_2008,m5_p5,car_adj,surprise_bps,HC1,0.5972258083248199,0.012383133785367373,1.6481923896840132,1.2074437634322823,-0.7183539000007615,4.014738679368788,1.3650262145533452,0.17224481090392807,pre_2008,auto
XLU,87,pre_2008,m5_p5,car_adj,surprise_bps,HC1,0.15556706021403538,0.05960654313608316,2.6318607818467634,1.0843339644411707,0.5066052643285333,4.757116299364994,2.4271680756612066,0.015217204255356978,pre_2008,auto
XLP,87,pre_2008,m5_p5,car_adj,surprise_bps,HC1,0.4061717465524266,0.11532145313931452,3.816264875338895,1.1538455217914512,1.5547692089048244,6.077760541772966,3.3074313703742533,0.0009415577967975007,pre_2008,auto
QQQ,86,pre_2008,m5_p5,car_raw,surprise_bps,HC1,-0.6537520648364188,0.1216456079965037,-8.540284590425317,2.766953985239597,-13.9634147483745,-3.117154432476135,-3.086529315624233,0.0020250797697758593,pre_2008,car_raw
XLK,87,pre_2008,m5_p5,car_raw,surprise_bps,HC1,-0.5960100215779631,0.12583299083499178,-8.028543929730747,2.7686849542267087,-13.455066724553024,-2.60202113490847,-2.899767962936438,0.0037343899466639663,pre_2008,car_raw
XLY,87,pre_2008,m5_p5,car_raw,surprise_bps,HC1,-0.3661137101871814,0.0779010416555922,-5.3447275280322675,1.9444261518376582,-9.155732756231888,-1.533722299832646,-2.7487428735624735,0.005982429546020895,pre_2008,car_raw
XLI,87,pre_2008,m5_p5,car_raw,surprise_bps,HC1,-0.1761975900569736,0.08620479628117117,-4.786856608581271,1.540606315420137,-7.806389501159694,-1.7673237160028479,-3.107125136817223,0.0018891641141412286,pre_2008,car_raw
XLV,87,pre_2008,m5_p5,car_raw,surprise_bps,HC1,-0.21037162199663817,0.11397403512152104,-4.676459189570288,1.1732367138950741,-6.975960894144757,-2.376957484995819,-3.985946854701409,6.72115558455175e-05,pre_2008,car_raw
SPY,88,pre_2008,m5_p5,car_raw,surprise_bps,HC1,-0.2390478116089058,0.08919148421441403,-4.564863581081527,1.5150030474577223,-7.53421499056709,-1.5955121715959648,-3.013105213710083,0.0025858924821310658,pre_2008,car_raw
XLF,87,pre_2008,m5_p5,car_raw,surprise_bps,HC1,-0.4641507782796237,0.0448187666924611,-4.025754027622748,2.7486133944461533,-9.412937288161594,1.3614292329160977,-1.4646490611437695,0.14301668926056427,pre_2008,car_raw
XLB,87,pre_2008,m5_p5,car_raw,surprise_bps,HC1,-0.024387150138608538,0.0330197723947514,-3.2422690816350594,1.7217377646828635,-6.61681309123597,0.13227492796585166,-1.8831375765474199,0.05968172599854299,pre_2008,car_raw
TLT,57,pre_2008,m5_p5,car_raw,surprise_bps,HC1,0.48432028971152,0.15283611727101276,-3.1829070562463304,1.7602561290088297,-6.632945672669527,0.26713156017686635,-1.8082067738849865,0.07057432475021339,pre_2008,car_raw
XLE,87,pre_2008,m5_p5,car_raw,surprise_bps,HC1,0.25472668458906345,0.02387255868411231,-2.991871862808013,1.51517071167247,-5.961551888115976,-0.022191837500049397,-1.974610411724192,0.04831237659639808,pre_2008,car_raw
XLU,87,pre_2008,m5_p5,car_raw,surprise_bps,HC1,-0.18693206352172076,0.022876781017480363,-2.0082034706452623,1.1660649513615629,-4.293648778948375,0.27724183765785104,-1.7222054983304067,0.08503229918776806,pre_2008,car_raw
GLD,38,pre_2008,m5_p5,car_raw,surprise_bps,HC1,0.5813777140713042,0.00825076778626821,-1.4405204240797373,3.0576151765761206,-7.433336048752012,4.552295200592537,-0.4711254820800615,0.6375511289685425,pre_2008,car_raw
IEF,57,pre_2008,m5_p5,car_raw,surprise_bps,HC1,0.33867261193322296,0.08853176188505829,-1.3362773818583646,0.81632743955004,-2.936249762968241,0.26369499925151185,-1.6369379701298798,0.10164343116417565,pre_2008,car_raw
XLP,87,pre_2008,m5_p5,car_raw,surprise_bps,HC1,0.0636726228166703,0.005504680119324923,-0.8237993771531289,0.9590931348366218,-2.7035873792525256,1.0559886249462678,-0.8589357458944383,0.390375966647741,pre_2008,car_raw
QQQ,86,pre_2008,m5_p5,car_adj,surprise_bps,HC1,-0.34050793433408066,0.0729536896443691,-3.922757453714329,1.6913618644351351,-7.237765792831712,-0.6077491145969462,-2.319289287644199,0.020379355885309588,pre_2008,car_adj
XLK,87,pre_2008,m5_p5,car_adj,surprise_bps,HC1,-0.25351089784220654,0.07426758348609785,-3.3884796772387213,1.6612926008452682,-6.644553342678322,-0.1324060117991195,-2.039664581371552,0.041383744918064895,pre_2008,car_adj
XLY,87,pre_2008,m5_p5,car_adj,surprise_bps,HC1,-0.023614586451425064,0.00633740304343422,-0.7046632755402407,1.1129447737998222,-2.8859949489699694,1.476668397889488,-0.6331520594093589,0.5266343487701526,pre_2008,car_adj
XLI,87,pre_2008,m5_p5,car_adj,surprise_bps,HC1,0.16630153367878264,0.0006023309544505029,-0.14679235608924623,0.5660766718128384,-1.2562822453307094,0.9626975331522171,-0.2593153249349588,0.7953919561379366,pre_2008,car_adj
XLV,87,pre_2008,m5_p5,car_adj,surprise_bps,HC1,0.13212750173911814,2.400697120541473e-05,-0.036394937078263606,1.182740467910718,-2.3545236572413226,2.2817337830847952,-0.030771701878565438,0.9754516083582601,pre_2008,car_adj
SPY,88,pre_2008,m5_p5,car_adj,surprise_bps,HC1,0.0,,0.0,0.0,0.0,0.0,,,pre_2008,car_adj
TLT,57,pre_2008,m5_p5,car_adj,surprise_bps,HC1,0.9578678304797978,4.15671871554224e-05,0.12185564147094499,3.5992997368883457,-6.932642212394705,7.1763534953365955,0.0338553747613949,0.9729924785518479,pre_2008,car_adj
GLD,38,pre_2008,m5_p5,car_adj,surprise_bps,HC1,1.3167858381906141,0.00019610783054346825,0.356956454753974,4.984011286392052,-9.41152616511559,10.125439074623541,0.07162031428953211,0.9429040731243953,pre_2008,car_adj
XLF,87,pre_2008,m5_p5,car_adj,surprise_bps,HC1,-0.12165165454386735,0.004013311529096897,0.6143102248692771,1.516414366603889,-2.357807319313463,3.5864277690520177,0.40510709895545627,0.6853987885498876,pre_2008,car_adj
XLB,87,pre_2008,m5_p5,car_adj,surprise_bps,HC1,0.31811197359714766,0.014356912680052014,1.397795170856965,1.0820846780374234,-0.7230518263190048,3.5186421680329345,1.2917613558600105,0.19643980198621924,pre_2008,car_adj
XLE,87,pre_2008,m5_p5,car_adj,surprise_bps,HC1,0.5972258083248199,0.012383133785367373,1.6481923896840132,1.2074437634322823,-0.7183539000007615,4.014738679368788,1.3650262145533452,0.17224481090392807,pre_2008,car_adj
IEF,57,pre_2008,m5_p5,car_adj,surprise_bps,HC1,0.8122201527015009,0.013180498900363213,1.96848531585891,2.804097598286052,-3.5274449859170165,7.4644156176348355,0.7020031389285832,0.4826772059105844,pre_2008,car_adj
XLU,87,pre_2008,m5_p5,car_adj,surprise_bps,HC1,0.15556706021403538,0.05960654313608316,2.6318607818467634,1.0843339644411707,0.5066052643285333,4.757116299364994,2.4271680756612066,0.015217204255356978,pre_2008,car_adj
XLP,87,pre_2008,m5_p5,car_adj,surprise_bps,HC1,0.4061717465524266,0.11532145313931452,3.816264875338895,1.1538455217914512,1.5547692089048244,6.077760541772966,3.3074313703742533,0.0009415577967975007,pre_2008,car_adj
SPY,88,pre_2008,m5_p5,car_raw,surprise_orth_bps,HC1,-0.07518701298987254,0.1491682582359971,-6.593583817184026,2.019338389480084,-10.551414333164107,-2.6357533012039447,-3.265219861878457,0.0010937913978438776,pre_2008,auto
QQQ,86,pre_2008,m5_p5,car_adj,surprise_orth_bps,HC1,-0.20424364862294475,0.06380338015023101,-4.095455117302999,1.859761102675161,-7.740519898394813,-0.45039033621118507,-2.2021404315919493,0.027655390258449555,pre_2008,auto
XLK,87,pre_2008,m5_p5,car_adj,surprise_orth_bps,HC1,-0.14009237780540856,0.06565752655614054,-3.5575229893099705,1.8577096931011134,-7.198567081519109,0.08352110289916864,-1.9150048053909454,0.05549189078205366,pre_2008,auto
TLT,57,pre_2008,m5_p5,car_raw,surprise_orth_bps,HC1,0.5734961072042739,0.09656161417976783,-2.7044604990727383,1.5286359177948987,-5.70053184342507,0.291610845279594,-1.7691985825990537,0.07686074066275823,pre_2008,auto
IEF,57,pre_2008,m5_p5,car_raw,surprise_orth_bps,HC1,0.3770489372828425,0.059993155547990895,-1.1758863306361713,0.7484395462209661,-2.642800885834766,0.2910282245624233,-1.5711173154511637,0.11615540127202906,pre_2008,auto
XLY,87,pre_2008,m5_p5,car_adj,surprise_orth_bps,HC1,0.0012493700205180869,0.008466610888702819,-0.9094545334069726,1.2540116586327568,-3.367272220520513,1.5483631537065674,-0.7252361069741144,0.46830719537186927,pre_2008,auto
GLD,38,pre_2008,m5_p5,car_raw,surprise_orth_bps,HC1,0.6158066125060428,0.0004679976459511792,-0.3862613464355673,3.865439131402208,-7.962382828415684,7.189860135544551,-0.09992689919694815,0.9204023607579995,pre_2008,auto
XLI,87,pre_2008,m5_p5,car_adj,surprise_orth_bps,HC1,0.17119555300837266,0.0005148625804941576,-0.15154155242029266,0.6463659250318556,-1.4183954863166464,1.115312381476061,-0.23445164194387882,0.814634371123225,pre_2008,auto
XLF,87,pre_2008,m5_p5,car_adj,surprise_orth_bps,HC1,-0.1375906603172119,8.259725168269227e-06,0.03111854794033862,1.2449244094126646,-2.4088884579832808,2.471125553863958,0.024996335283537296,0.9800578867167294,pre_2008,auto
XLV,87,pre_2008,m5_p5,car_adj,surprise_orth_bps,HC1,0.12977404868323555,0.0027636106392031623,0.4360245400254171,1.1281782777204499,-1.7751642524470916,2.647213332497926,0.3864854949223363,0.6991371430780313,pre_2008,auto
XLE,87,pre_2008,m5_p5,car_adj,surprise_orth_bps,HC1,0.5445895349920321,0.007107305729370683,1.394265041229082,1.6390696119684558,-1.818252366383133,4.606782448841297,0.8506441892694396,0.3949670345452261,pre_2008,auto
XLB,87,pre_2008,m5_p5,car_adj,surprise_orth_bps,HC1,0.2685504702899454,0.019865432462392807,1.8359558601667967,1.3201984978210302,-0.7515856480063036,4.4234973683398975,1.3906665271904315,0.16432657238615045,pre_2008,auto
XLU,87,pre_2008,m5_p5,car_adj,surprise_orth_bps,HC1,0.06540424503468939,0.0636991480331055,3.037966454943894,1.036662494599488,1.0061453014054489,5.069787608482339,2.930526059127474,0.0033838861058011955,pre_2008,auto
XLP,87,pre_2008,m5_p5,car_adj,surprise_orth_bps,HC1,0.274649806803158,0.12912955632629286,4.5091689105527255,1.2782757487364984,2.003794480718217,7.014543340387233,3.527540059341482,0.0004194402875244623,pre_2008,auto
QQQ,86,pre_2008,m5_p5,car_raw,surprise_orth_bps,HC1,-0.3426265607633764,0.15396693833996566,-10.726310506790002,2.9585565448322817,-16.524974780886538,-4.927646232693467,-3.6255215488531647,0.0002883788469115152,pre_2008,car_raw
XLK,87,pre_2008,m5_p5,car_raw,surprise_orth_bps,HC1,-0.31417516394447376,0.16191505498406134,-10.169119756532774,2.8885355042607688,-15.830545312949123,-4.507694200116424,-3.5205105637554714,0.00043071683573725863,pre_2008,car_raw
XLY,87,pre_2008,m5_p5,car_raw,surprise_orth_bps,HC1,-0.17283341611854702,0.12372252987405297,-7.5210513006297735,2.615577315238784,-12.64748863727776,-2.3946139639817883,-2.8754842217092533,0.004034083073620526,pre_2008,car_raw
XLI,87,pre_2008,m5_p5,car_raw,surprise_orth_bps,HC1,-0.0028872331306926263,0.13801512961726292,-6.763138319643095,2.172022871109456,-11.020224920614911,-2.5060517186712774,-3.1137509690165124,0.0018472533232474385,pre_2008,car_raw
SPY,88,pre_2008,m5_p5,car_raw,surprise_orth_bps,HC1,-0.07518701298987254,0.1491682582359971,-6.593583817184026,2.019338389480084,-10.551414333164107,-2.6357533012039447,-3.265219861878457,0.0010937913978438776,pre_2008,car_raw
XLF,87,pre_2008,m5_p5,car_raw,surprise_orth_bps,HC1,-0.311673446456277,0.09604613792594319,-6.580478219282461,2.6040902733093745,-11.684401367459902,-1.4765550711050215,-2.526977765221536,0.011504878626078024,pre_2008,car_raw
XLV,87,pre_2008,m5_p5,car_raw,surprise_orth_bps,HC1,-0.044308737455829555,0.1594136855827819,-6.175572227197383,1.7192388952331703,-9.545218542674828,-2.8059259117199384,-3.5920384562727254,0.0003281014167607235,pre_2008,car_raw
XLE,87,pre_2008,m5_p5,car_raw,surprise_orth_bps,HC1,0.3705067488529672,0.058224994620025394,-5.217331725993718,2.894003241165616,-10.889473849820511,0.4548103978330741,-1.80280783786971,0.07141839882335865,pre_2008,car_raw
XLB,87,pre_2008,m5_p5,car_raw,surprise_orth_bps,HC1,0.0944676841508802,0.0574564590676091,-4.775640907056004,2.4767004017947905,-9.629884495069675,0.07860268095766648,-1.9282271297712232,0.05382688109720729,pre_2008,car_raw
XLU,87,pre_2008,m5_p5,car_raw,surprise_orth_bps,HC1,-0.10867854110437553,0.05810296564181505,-3.5736303122789055,1.901244266488382,-7.3000006004094065,0.1527399758515957,-1.8796271343289508,0.06015891252935519,pre_2008,car_raw
TLT,57,pre_2008,m5_p5,car_raw,surprise_orth_bps,HC1,0.5734961072042739,0.09656161417976783,-2.7044604990727383,1.5286359177948987,-5.70053184342507,0.291610845279594,-1.7691985825990537,0.07686074066275823,pre_2008,car_raw
XLP,87,pre_2008,m5_p5,car_raw,surprise_orth_bps,HC1,0.10056702066409293,0.02875616306876938,-2.102427856670075,1.4708522600125233,-4.985245312873963,0.780389599533814,-1.4293943136424687,0.15289093186465896,pre_2008,car_raw
IEF,57,pre_2008,m5_p5,car_raw,surprise_orth_bps,HC1,0.3770489372828425,0.059993155547990895,-1.1758863306361713,0.7484395462209661,-2.642800885834766,0.2910282245624233,-1.5711173154511637,0.11615540127202906,pre_2008,car_raw
GLD,38,pre_2008,m5_p5,car_raw,surprise_orth_bps,HC1,0.6158066125060428,0.0004679976459511792,-0.3862613464355673,3.865439131402208,-7.962382828415684,7.189860135544551,-0.09992689919694815,0.9204023607579995,pre_2008,car_raw
QQQ,86,pre_2008,m5_p5,car_adj,surprise_orth_bps,HC1,-0.20424364862294475,0.06380338015023101,-4.095455117302999,1.859761102675161,-7.740519898394813,-0.45039033621118507,-2.2021404315919493,0.027655390258449555,pre_2008,car_adj
XLK,87,pre_2008,m5_p5,car_adj,surprise_orth_bps,HC1,-0.14009237780540856,0.06565752655614054,-3.5575229893099705,1.8577096931011134,-7.198567081519109,0.08352110289916864,-1.9150048053909454,0.05549189078205366,pre_2008,car_adj
XLY,87,pre_2008,m5_p5,car_adj,surprise_orth_bps,HC1,0.0012493700205180869,0.008466610888702819,-0.9094545334069726,1.2540116586327568,-3.367272220520513,1.5483631537065674,-0.7252361069741144,0.46830719537186927,pre_2008,car_adj
XLI,87,pre_2008,m5_p5,car_adj,surprise_orth_bps,HC1,0.17119555300837266,0.0005148625804941576,-0.15154155242029266,0.6463659250318556,-1.4183954863166464,1.115312381476061,-0.23445164194387882,0.814634371123225,pre_2008,car_adj
SPY,88,pre_2008,m5_p5,car_adj,surprise_orth_bps,HC1,0.0,,0.0,0.0,0.0,0.0,,,pre_2008,car_adj
XLF,87,pre_2008,m5_p5,car_adj,surprise_orth_bps,HC1,-0.1375906603172119,8.259725168269227e-06,0.03111854794033862,1.2449244094126646,-2.4088884579832808,2.471125553863958,0.024996335283537296,0.9800578867167294,pre_2008,car_adj
XLV,87,pre_2008,m5_p5,car_adj,surprise_orth_bps,HC1,0.12977404868323555,0.0027636106392031623,0.4360245400254171,1.1281782777204499,-1.7751642524470916,2.647213332497926,0.3864854949223363,0.6991371430780313,pre_2008,car_adj
XLE,87,pre_2008,m5_p5,car_adj,surprise_orth_bps,HC1,0.5445895349920321,0.007107305729370683,1.394265041229082,1.6390696119684558,-1.818252366383133,4.606782448841297,0.8506441892694396,0.3949670345452261,pre_2008,car_adj
XLB,87,pre_2008,m5_p5,car_adj,surprise_orth_bps,HC1,0.2685504702899454,0.019865432462392807,1.8359558601667967,1.3201984978210302,-0.7515856480063036,4.4234973683398975,1.3906665271904315,0.16432657238615045,pre_2008,car_adj
XLU,87,pre_2008,m5_p5,car_adj,surprise_orth_bps,HC1,0.06540424503468939,0.0636991480331055,3.037966454943894,1.036662494599488,1.0061453014054489,5.069787608482339,2.930526059127474,0.0033838861058011955,pre_2008,car_adj
TLT,57,pre_2008,m5_p5,car_adj,surprise_orth_bps,HC1,0.8793826347969397,0.027391850675662077,3.3438626827771074,3.765599521804074,-4.036576760160128,10.724302125714342,0.8880027372573822,0.374539278914226,pre_2008,car_adj
XLP,87,pre_2008,m5_p5,car_adj,surprise_orth_bps,HC1,0.274649806803158,0.12912955632629286,4.5091689105527255,1.2782757487364984,2.003794480718217,7.014543340387233,3.527540059341482,0.0004194402875244623,pre_2008,car_adj
IEF,57,pre_2008,m5_p5,car_adj,surprise_orth_bps,HC1,0.6829354648755084,0.0706683706937149,4.872436851213674,3.166335488585587,-1.3334666693851125,11.07834037181246,1.538825203071014,0.12384697526827612,pre_2008,car_adj
GLD,38,pre_2008,m5_p5,car_adj,surprise_orth_bps,HC1,1.0868395614350352,0.04785625966913831,6.2780435748269,6.2942696550915125,-6.058498258135812,18.614585407789612,0.9974220868895429,0.3185596749166606,pre_2008,car_adj
SPY,88,pre_2008,m1_p1,car_raw,surprise_bps,HC1,0.4755295747933713,0.11025100146006084,-3.216226018610011,0.7693927914019354,-4.724208179722543,-1.7082438574974796,-4.180213350777075,2.9123572182482156e-05,pre_2008,auto
XLY,87,pre_2008,m1_p1,car_adj,surprise_bps,HC1,0.21243058590225924,0.14481663044125415,-2.114048767581723,0.6420362759040169,-3.3724167451218174,-0.8556807900416283,-3.292724799085603,0.0009922154233411441,pre_2008,auto
QQQ,86,pre_2008,m1_p1,car_adj,surprise_bps,HC1,0.35432930756475883,0.05864121206105277,-1.9110326413967333,1.4613242953720031,-4.775175630059231,0.9531103472657648,-1.307740278765604,0.19096141658477783,pre_2008,auto
XLK,87,pre_2008,m1_p1,car_adj,surprise_bps,HC1,0.29623314999817546,0.06502931461444883,-1.9088687160155844,1.2143043543151113,-4.288861516743368,0.4711240847121989,-1.5719853998977211,0.11595393724144418,pre_2008,auto
TLT,57,pre_2008,m1_p1,car_raw,surprise_bps,HC1,0.24327116923749437,0.060652437855333696,-1.4534335248316317,1.2451012420884806,-3.893787116431141,0.9869200667678771,-1.1673215604489344,0.24308053484898062,pre_2008,auto
XLF,87,pre_2008,m1_p1,car_adj,surprise_bps,HC1,-0.23550057876126657,0.0327844295098767,-1.2650072087404212,0.7103672194736941,-2.657301374706721,0.12728695722587935,-1.7807792562242044,0.0749485195081717,pre_2008,auto
IEF,57,pre_2008,m1_p1,car_raw,surprise_bps,HC1,0.11159607716968419,0.06158453465075964,-0.8039768479118365,0.5216006509322688,-1.8262953380517317,0.21834164222805877,-1.541364732721998,0.12322804233060741,pre_2008,auto
GLD,38,pre_2008,m1_p1,car_raw,surprise_bps,HC1,0.7815617588412542,0.0022448156106447126,-0.5684754283382322,2.419772549387152,-5.311142475915719,4.174191619239255,-0.2349292822923411,0.8142636215343623,pre_2008,auto
XLB,87,pre_2008,m1_p1,car_adj,surprise_bps,HC1,0.04367062608963664,0.00047501433543861715,-0.16994468628479398,0.9704549657014515,-2.0720014676776923,1.7321120951081046,-0.1751185704552058,0.8609864666283507,pre_2008,auto
XLI,87,pre_2008,m1_p1,car_adj,surprise_bps,HC1,0.04496620335528784,0.0015994212854544276,-0.14462979279544502,0.4416865686027184,-1.0103195597118528,0.7210599741209628,-0.3274489266290877,0.7433283661219119,pre_2008,auto
XLV,87,pre_2008,m1_p1,car_adj,surprise_bps,HC1,0.044417420120109435,0.01752309534179397,0.7083679305034568,0.5661313515687391,-0.40122912909025515,1.8179649900971686,1.2512430702531894,0.21084580877033376,pre_2008,auto
XLE,87,pre_2008,m1_p1,car_adj,surprise_bps,HC1,-0.05786193768197051,0.02777358150107012,1.5080330839233718,1.2599086885464588,-0.9613425694367798,3.9774087372835236,1.1969383953238477,0.23133056735172697,pre_2008,auto
XLU,87,pre_2008,m1_p1,car_adj,surprise_bps,HC1,-0.5872813501008218,0.10990845768948443,1.9671425509750748,0.7687863153761497,0.46034906103056983,3.47393604091958,2.558763744399634,0.010504510370901663,pre_2008,auto
XLP,87,pre_2008,m1_p1,car_adj,surprise_bps,HC1,-0.23327411999922149,0.13147938298466877,2.410618029459032,0.8826925379314812,0.6805724456910738,4.140663613226991,2.7309826761514504,0.006314579083428014,pre_2008,auto
XLY,87,pre_2008,m1_p1,car_raw,surprise_bps,HC1,0.6462251387634834,0.22390287319687086,-5.360612745238413,0.7892615640397763,-6.907536985138128,-3.813688505338698,-6.79193437192167,1.1063988165090681e-11,pre_2008,car_raw
XLK,87,pre_2008,m1_p1,car_raw,surprise_bps,HC1,0.7300277028593997,0.16246353519915602,-5.155432693672273,1.7253268840998224,-8.537011248066637,-1.7738541392779084,-2.9880903967726002,0.002807265095913375,pre_2008,car_raw
QQQ,86,pre_2008,m1_p1,car_raw,surprise_bps,HC1,0.8047326564951773,0.1464949162533017,-5.144801731117251,1.9821411458079536,-9.029726989175796,-1.2598764730587062,-2.595577889091316,0.009443199700908463,pre_2008,car_raw
XLF,87,pre_2008,m1_p1,car_raw,surprise_bps,HC1,0.19829397409995758,0.10184008981912596,-4.51157118639711,1.04719577438703,-6.5640371889582205,-2.459105183835999,-4.308240442469253,1.6455843998716545e-05,pre_2008,car_raw
XLB,87,pre_2008,m1_p1,car_raw,surprise_bps,HC1,0.4774651789508607,0.09745371787374124,-3.416508663941483,0.870292628066403,-5.122250870962346,-1.7107664569206205,-3.9257010271731323,8.647751270946381e-05,pre_2008,car_raw
XLI,87,pre_2008,m1_p1,car_raw,surprise_bps,HC1,0.47876075621651204,0.13484730448872007,-3.391193770452134,0.7086074941503053,-4.780038938161909,-2.0023486027423583,-4.785715362096941,1.703793786855841e-06,pre_2008,car_raw
SPY,88,pre_2008,m1_p1,car_raw,surprise_bps,HC1,0.4755295747933713,0.11025100146006084,-3.216226018610011,0.7693927914019354,-4.724208179722543,-1.7082438574974796,-4.180213350777075,2.9123572182482156e-05,pre_2008,car_raw
XLV,87,pre_2008,m1_p1,car_raw,surprise_bps,HC1,0.47821197298133367,0.08377905469197999,-2.5381960471532317,0.7250849225172497,-3.959336381020057,-1.117055713286407,-3.5005500298385375,0.00046429907853606214,pre_2008,car_raw
XLE,87,pre_2008,m1_p1,car_raw,surprise_bps,HC1,0.3759326151792537,0.017842411485169296,-1.738530893733317,1.131459387839233,-3.9561505438679507,0.479088756401316,-1.5365384850917354,0.12440636649067864,pre_2008,car_raw
TLT,57,pre_2008,m1_p1,car_raw,surprise_bps,HC1,0.24327116923749437,0.060652437855333696,-1.4534335248316317,1.2451012420884806,-3.893787116431141,0.9869200667678771,-1.1673215604489344,0.24308053484898062,pre_2008,car_raw
XLU,87,pre_2008,m1_p1,car_raw,surprise_bps,HC1,-0.15348679723959793,0.017962210718459604,-1.279421426681615,0.9250360485755865,-3.0924587662910086,0.5336159129277787,-1.3831043975548063,0.16663285749762058,pre_2008,car_raw
XLP,87,pre_2008,m1_p1,car_raw,surprise_bps,HC1,0.2005204328620026,0.008998223791150228,-0.835945948197657,0.8837472833055628,-2.5680587949116758,0.896166898516362,-0.9459106285123615,0.3441941719521652,pre_2008,car_raw
IEF,57,pre_2008,m1_p1,car_raw,surprise_bps,HC1,0.11159607716968419,0.06158453465075964,-0.8039768479118365,0.5216006509322688,-1.8262953380517317,0.21834164222805877,-1.541364732721998,0.12322804233060741,pre_2008,car_raw
GLD,38,pre_2008,m1_p1,car_raw,surprise_bps,HC1,0.7815617588412542,0.0022448156106447126,-0.5684754283382322,2.419772549387152,-5.311142475915719,4.174191619239255,-0.2349292822923411,0.8142636215343623,pre_2008,car_raw
XLY,87,pre_2008,m1_p1,car_adj,surprise_bps,HC1,0.21243058590225924,0.14481663044125415,-2.114048767581723,0.6420362759040169,-3.3724167451218174,-0.8556807900416283,-3.292724799085603,0.0009922154233411441,pre_2008,car_adj
QQQ,86,pre_2008,m1_p1,car_adj,surprise_bps,HC1,0.35432930756475883,0.05864121206105277,-1.9110326413967333,1.4613242953720031,-4.775175630059231,0.9531103472657648,-1.307740278765604,0.19096141658477783,pre_2008,car_adj
XLK,87,pre_2008,m1_p1,car_adj,surprise_bps,HC1,0.29623314999817546,0.06502931461444883,-1.9088687160155844,1.2143043543151113,-4.288861516743368,0.4711240847121989,-1.5719853998977211,0.11595393724144418,pre_2008,car_adj
XLF,87,pre_2008,m1_p1,car_adj,surprise_bps,HC1,-0.23550057876126657,0.0327844295098767,-1.2650072087404212,0.7103672194736941,-2.657301374706721,0.12728695722587935,-1.7807792562242044,0.0749485195081717,pre_2008,car_adj
XLB,87,pre_2008,m1_p1,car_adj,surprise_bps,HC1,0.04367062608963664,0.00047501433543861715,-0.16994468628479398,0.9704549657014515,-2.0720014676776923,1.7321120951081046,-0.1751185704552058,0.8609864666283507,pre_2008,car_adj
XLI,87,pre_2008,m1_p1,car_adj,surprise_bps,HC1,0.04496620335528784,0.0015994212854544276,-0.14462979279544502,0.4416865686027184,-1.0103195597118528,0.7210599741209628,-0.3274489266290877,0.7433283661219119,pre_2008,car_adj
SPY,88,pre_2008,m1_p1,car_adj,surprise_bps,HC1,0.0,,0.0,0.0,0.0,0.0,,,pre_2008,car_adj
XLV,87,pre_2008,m1_p1,car_adj,surprise_bps,HC1,0.044417420120109435,0.01752309534179397,0.7083679305034568,0.5661313515687391,-0.40122912909025515,1.8179649900971686,1.2512430702531894,0.21084580877033376,pre_2008,car_adj
XLE,87,pre_2008,m1_p1,car_adj,surprise_bps,HC1,-0.05786193768197051,0.02777358150107012,1.5080330839233718,1.2599086885464588,-0.9613425694367798,3.9774087372835236,1.1969383953238477,0.23133056735172697,pre_2008,car_adj
XLU,87,pre_2008,m1_p1,car_adj,surprise_bps,HC1,-0.5872813501008218,0.10990845768948443,1.9671425509750748,0.7687863153761497,0.46034906103056983,3.47393604091958,2.558763744399634,0.010504510370901663,pre_2008,car_adj
TLT,57,pre_2008,m1_p1,car_adj,surprise_bps,HC1,-0.015803571156986267,0.027538591050500938,2.2748976066951307,2.039548095318664,-1.7225432048667155,6.272338418256977,1.1153929696076597,0.26468206092139657,pre_2008,car_adj
XLP,87,pre_2008,m1_p1,car_adj,surprise_bps,HC1,-0.23327411999922149,0.13147938298466877,2.410618029459032,0.8826925379314812,0.6805724456910738,4.140663613226991,2.7309826761514504,0.006314579083428014,pre_2008,car_adj
IEF,57,pre_2008,m1_p1,car_adj,surprise_bps,HC1,-0.14747866322479647,0.05721714248090548,2.9243542836149254,1.452688175524051,0.0771377788205848,5.771570788409266,2.01306400980374,0.04410789584808863,pre_2008,car_adj
GLD,38,pre_2008,m1_p1,car_adj,surprise_bps,HC1,0.5835431276887155,0.04107745402777985,4.262184203637939,3.743734264347018,-3.0754001221707696,11.599768529446647,1.138484706093676,0.25491814150819425,pre_2008,car_adj
SPY,88,pre_2008,m1_p1,car_raw,surprise_orth_bps,HC1,0.5840921204065712,0.12008534025073625,-3.749017778753945,1.4279403627563878,-6.547729461827526,-0.9503060956803651,-2.625472237171814,0.008652886509015825,pre_2008,auto
QQQ,86,pre_2008,m1_p1,car_adj,surprise_orth_bps,HC1,0.4209728229717249,0.05297412050699557,-2.027734148755537,1.5850928369242112,-5.134459021279413,1.0789907237683385,-1.2792526100176236,0.20080811487063144,pre_2008,auto
XLK,87,pre_2008,m1_p1,car_adj,surprise_orth_bps,HC1,0.3596993264984528,0.05428275704514163,-1.947388667721763,1.3697223859706837,-4.631995213042574,0.737217877599048,-1.4217396807322407,0.15510183614712308,pre_2008,auto
XLY,87,pre_2008,m1_p1,car_adj,surprise_orth_bps,HC1,0.2808424589706796,0.09457201780271507,-1.9076000609132973,0.6498779312185563,-3.1813374004490664,-0.6338627213775283,-2.9353205721826,0.003332032536546579,pre_2008,auto
XLF,87,pre_2008,m1_p1,car_adj,surprise_orth_bps,HC1,-0.19035139402102286,0.047534221545732835,-1.7008366106837223,1.1146270660263298,-3.8854655162888774,0.483792294921433,-1.5259243764349295,0.12702869910780035,pre_2008,auto
TLT,57,pre_2008,m1_p1,car_raw,surprise_orth_bps,HC1,0.2859052693313882,0.04361604963529153,-1.3175333949934303,1.2004480650888556,-3.6703683678783823,1.0353015778915213,-1.0975346900125231,0.2724077248725767,pre_2008,auto
IEF,57,pre_2008,m1_p1,car_raw,surprise_orth_bps,HC1,0.1378972030530532,0.0596904144459901,-0.8461111783751809,0.6651436946265374,-2.149768864387102,0.45754650763674043,-1.2720727644426553,0.2033472670156764,pre_2008,auto
XLI,87,pre_2008,m1_p1,car_adj,surprise_orth_bps,HC1,0.04610267047329298,0.00709080758775682,0.34003560655838305,0.4453895237723752,-0.5329118191269185,1.2129830322436845,0.7634566787254851,0.44519108888086156,pre_2008,auto
XLV,87,pre_2008,m1_p1,car_adj,surprise_orth_bps,HC1,0.022165057228664076,0.008476290899059213,0.5501189728788867,0.7058784850808112,-0.8333774353411972,1.9336153810989705,0.7793394819448383,0.43577976288465925,pre_2008,auto
XLB,87,pre_2008,m1_p1,car_adj,surprise_orth_bps,HC1,0.04050000559316292,0.013134700760447426,0.9978483436063659,1.0152207557939847,-0.9919477741073777,2.9876444613201096,0.9828880447050827,0.32566254246357507,pre_2008,auto
XLE,87,pre_2008,m1_p1,car_adj,surprise_orth_bps,HC1,-0.10722747692515948,0.0201912659874397,1.4357436968269497,1.477607774347853,-1.4603143241712295,4.331801717825129,0.9716676656365183,0.33121590770138853,pre_2008,auto
GLD,38,pre_2008,m1_p1,car_raw,surprise_orth_bps,HC1,0.7150736185559907,0.023786680972460172,2.0834134439980616,3.3634807347023274,-4.508887658712821,8.675714546708942,0.6194218455015014,0.535638493521428,pre_2008,auto
XLU,87,pre_2008,m1_p1,car_adj,surprise_orth_bps,HC1,-0.6536044577109863,0.10324697753407563,2.128919141714168,0.9026114532791479,0.3598332012536804,3.8980050821746564,2.3586219009075258,0.018342934216753946,pre_2008,auto
XLP,87,pre_2008,m1_p1,car_adj,surprise_orth_bps,HC1,-0.314170969646943,0.1188010724222971,2.558644623345071,0.9922692634536314,0.6138326040098667,4.503456642680275,2.5785789377770403,0.009920763023982666,pre_2008,auto
QQQ,86,pre_2008,m1_p1,car_raw,surprise_orth_bps,HC1,0.9868329625679146,0.14913418400339762,-5.795067093915322,2.275723942817024,-10.25540406059218,-1.3347301272384655,-2.546471909392424,0.010881796924013466,pre_2008,car_raw
XLK,87,pre_2008,m1_p1,car_raw,surprise_orth_bps,HC1,0.9047801108412638,0.15948136377361743,-5.70351200038449,2.0581692190318766,-9.737449543775897,-1.6695744569930817,-2.7711579532159716,0.005585732357503008,pre_2008,car_raw
XLY,87,pre_2008,m1_p1,car_raw,surprise_orth_bps,HC1,0.8259232433134904,0.20046309552018393,-5.663723393576024,1.4388379214728981,-8.483793899253374,-2.8436528878986733,-3.9363178500176232,8.274136893174893e-05,pre_2008,car_raw
XLF,87,pre_2008,m1_p1,car_raw,surprise_orth_bps,HC1,0.35472939032178796,0.11949899193044466,-5.456959943346449,2.2506439576192387,-9.86814104230285,-1.0457788443900495,-2.424621595465013,0.015324350477113138,pre_2008,car_raw
SPY,88,pre_2008,m1_p1,car_raw,surprise_orth_bps,HC1,0.5840921204065712,0.12008534025073625,-3.749017778753945,1.4279403627563878,-6.547729461827526,-0.9503060956803651,-2.625472237171814,0.008652886509015825,pre_2008,car_raw
XLI,87,pre_2008,m1_p1,car_raw,surprise_orth_bps,HC1,0.591183454816104,0.10974750427745905,-3.4160877261043434,1.2625148229162182,-5.890571308968095,-0.941604143240592,-2.705780291920611,0.0068144113981338135,pre_2008,car_raw
XLV,87,pre_2008,m1_p1,car_raw,surprise_orth_bps,HC1,0.5672458415714752,0.1072044741839574,-3.20600435978384,1.1656709060541737,-5.490677353476194,-0.9213313660914869,-2.750351186713794,0.005953142476787085,pre_2008,car_raw
XLB,87,pre_2008,m1_p1,car_raw,surprise_orth_bps,HC1,0.585580789935974,0.05094576021336483,-2.7582749890563614,1.3501948639450863,-5.404608294499689,-0.11194168361303367,-2.04287178296402,0.041065132247340666,pre_2008,car_raw
XLE,87,pre_2008,m1_p1,car_raw,surprise_orth_bps,HC1,0.43785330741765155,0.025492145084154316,-2.3203796358357778,1.9991690802695818,-6.238679032170223,1.5979197604986672,-1.1606720305632587,0.2457753003541049,pre_2008,car_raw
XLU,87,pre_2008,m1_p1,car_raw,surprise_orth_bps,HC1,-0.1085236733681752,0.023303235319935944,-1.6272041909485593,1.545103592257488,-4.655551584156696,1.401143202259578,-1.0531359833104248,0.2922786731812479,pre_2008,car_raw
TLT,57,pre_2008,m1_p1,car_raw,surprise_orth_bps,HC1,0.2859052693313882,0.04361604963529153,-1.3175333949934303,1.2004480650888556,-3.6703683678783823,1.0353015778915213,-1.0975346900125231,0.2724077248725767,pre_2008,car_raw
XLP,87,pre_2008,m1_p1,car_raw,surprise_orth_bps,HC1,0.23090981469586805,0.014809335158004977,-1.1974787093176564,1.3609546477275218,-3.864900803455996,1.4699433848206829,-0.8798814209695877,0.37892355047927007,pre_2008,car_raw
IEF,57,pre_2008,m1_p1,car_raw,surprise_orth_bps,HC1,0.1378972030530532,0.0596904144459901,-0.8461111783751809,0.6651436946265374,-2.149768864387102,0.45754650763674043,-1.2720727644426553,0.2033472670156764,pre_2008,car_raw
GLD,38,pre_2008,m1_p1,car_raw,surprise_orth_bps,HC1,0.7150736185559907,0.023786680972460172,2.0834134439980616,3.3634807347023274,-4.508887658712821,8.675714546708942,0.6194218455015014,0.535638493521428,pre_2008,car_raw
QQQ,86,pre_2008,m1_p1,car_adj,surprise_orth_bps,HC1,0.4209728229717249,0.05297412050699557,-2.027734148755537,1.5850928369242112,-5.134459021279413,1.0789907237683385,-1.2792526100176236,0.20080811487063144,pre_2008,car_adj
XLK,87,pre_2008,m1_p1,car_adj,surprise_orth_bps,HC1,0.3596993264984528,0.05428275704514163,-1.947388667721763,1.3697223859706837,-4.631995213042574,0.737217877599048,-1.4217396807322407,0.15510183614712308,pre_2008,car_adj
XLY,87,pre_2008,m1_p1,car_adj,surprise_orth_bps,HC1,0.2808424589706796,0.09457201780271507,-1.9076000609132973,0.6498779312185563,-3.1813374004490664,-0.6338627213775283,-2.9353205721826,0.003332032536546579,pre_2008,car_adj
XLF,87,pre_2008,m1_p1,car_adj,surprise_orth_bps,HC1,-0.19035139402102286,0.047534221545732835,-1.7008366106837223,1.1146270660263298,-3.8854655162888774,0.483792294921433,-1.5259243764349295,0.12702869910780035,pre_2008,car_adj
SPY,88,pre_2008,m1_p1,car_adj,surprise_orth_bps,HC1,0.0,,0.0,0.0,0.0,0.0,,,pre_2008,car_adj
XLI,87,pre_2008,m1_p1,car_adj,surprise_orth_bps,HC1,0.04610267047329298,0.00709080758775682,0.34003560655838305,0.4453895237723752,-0.5329118191269185,1.2129830322436845,0.7634566787254851,0.44519108888086156,pre_2008,car_adj
XLV,87,pre_2008,m1_p1,car_adj,surprise_orth_bps,HC1,0.022165057228664076,0.008476290899059213,0.5501189728788867,0.7058784850808112,-0.8333774353411972,1.9336153810989705,0.7793394819448383,0.43577976288465925,pre_2008,car_adj
XLB,87,pre_2008,m1_p1,car_adj,surprise_orth_bps,HC1,0.04050000559316292,0.013134700760447426,0.9978483436063659,1.0152207557939847,-0.9919477741073777,2.9876444613201096,0.9828880447050827,0.32566254246357507,pre_2008,car_adj
XLE,87,pre_2008,m1_p1,car_adj,surprise_orth_bps,HC1,-0.10722747692515948,0.0201912659874397,1.4357436968269497,1.477607774347853,-1.4603143241712295,4.331801717825129,0.9716676656365183,0.33121590770138853,pre_2008,car_adj
XLU,87,pre_2008,m1_p1,car_adj,surprise_orth_bps,HC1,-0.6536044577109863,0.10324697753407563,2.128919141714168,0.9026114532791479,0.3598332012536804,3.8980050821746564,2.3586219009075258,0.018342934216753946,pre_2008,car_adj
XLP,87,pre_2008,m1_p1,car_adj,surprise_orth_bps,HC1,-0.314170969646943,0.1188010724222971,2.558644623345071,0.9922692634536314,0.6138326040098667,4.503456642680275,2.5785789377770403,0.009920763023982666,pre_2008,car_adj
TLT,57,pre_2008,m1_p1,car_adj,surprise_orth_bps,HC1,-0.09442252122109619,0.030885281862883085,2.5753378161842795,2.5595432980958726,-2.441274864954498,7.591950497323056,1.0061708345001066,0.3143333992659848,pre_2008,car_adj
IEF,57,pre_2008,m1_p1,car_adj,surprise_orth_bps,HC1,-0.24243058749943106,0.054351037954995296,3.0467600328025286,2.2396217121195505,-1.3428178619457234,7.43633792755078,1.3603904696561957,0.17370639274113087,pre_2008,car_adj
GLD,38,pre_2008,m1_p1,car_adj,surprise_orth_bps,HC1,0.24449001447433694,0.10757414336037552,7.76553858460144,5.610559820066267,-3.230956595835968,18.76203376503885,1.3840933585322188,0.16632987027616997,pre_2008,car_adj
SPY,88,pre_2008,d0_p1,car_raw,surprise_bps,HC1,0.4086604670230089,0.15314046166265172,-2.670966871201531,0.5290119459836439,-3.7078112327209216,-1.63412250968214,-5.048972696136643,4.4419221075994534e-07,pre_2008,auto
QQQ,86,pre_2008,d0_p1,car_adj,surprise_bps,HC1,0.41181441948910497,0.06974750627464121,-2.13315294231166,1.3693905204087884,-4.817109043083448,0.5508031584601271,-1.5577389433620985,0.11929514485551868,pre_2008,auto
XLK,87,pre_2008,d0_p1,car_adj,surprise_bps,HC1,0.3277909539604187,0.0793201479642427,-2.1219995045323,1.3217500099336357,-4.712581920567685,0.4685829115030845,-1.6054469367008701,0.10839548201917588,pre_2008,auto
TLT,57,pre_2008,d0_p1,car_raw,surprise_bps,HC1,0.12109865183975335,0.13131444601282105,-1.700520272259972,0.973816945692973,-3.609166413352997,0.2081258688330527,-1.7462422273314142,0.08076887001816474,pre_2008,auto
XLY,87,pre_2008,d0_p1,car_adj,surprise_bps,HC1,0.2545930164719649,0.11818185127901082,-1.5703679082115687,0.4910014036346726,-2.532712975694141,-0.6080228407289966,-3.1982961689860954,0.001382422226558023,pre_2008,auto
XLF,87,pre_2008,d0_p1,car_adj,surprise_bps,HC1,-0.1426314694863381,0.04716145459235177,-1.2574528593248404,0.8171806840005054,-2.8590975688276377,0.3441918501779568,-1.538769679636802,0.12386053446489634,pre_2008,auto
IEF,57,pre_2008,d0_p1,car_raw,surprise_bps,HC1,0.034669504275241445,0.18631200805221904,-1.1063392745631464,0.3982542519518016,-1.8869032650786184,-0.3257752840476748,-2.77797228564691,0.005469928347935278,pre_2008,auto
XLB,87,pre_2008,d0_p1,car_adj,surprise_bps,HC1,0.0410651922636007,0.00200598732971613,-0.28440795644934264,0.7053053702311987,-1.6667810802051808,1.0979651673064954,-0.4032408775735167,0.6867710306269907,pre_2008,auto
XLI,87,pre_2008,d0_p1,car_adj,surprise_bps,HC1,0.13412085557715847,0.006524856769042353,-0.23544785827686351,0.3078779243959275,-0.838877501727827,0.3679817851741,-0.7647442041803564,0.44442387832730557,pre_2008,auto
GLD,38,pre_2008,d0_p1,car_raw,surprise_bps,HC1,0.5427191538491973,0.00031483327460790633,-0.1642156751199094,1.7252816104882083,-3.5457054948660596,3.2172741446262405,-0.09518195413526767,0.9241703034178756,pre_2008,auto
XLV,87,pre_2008,d0_p1,car_adj,surprise_bps,HC1,0.11594554276646268,0.014913629875316303,0.5577650011224897,0.5687484707848799,-0.556961517878106,1.6724915201230854,0.9806883530654019,0.32674644912444606,pre_2008,auto
XLE,87,pre_2008,d0_p1,car_adj,surprise_bps,HC1,-0.12875886831617772,0.058829518193274755,1.880855328724733,1.1177908625150355,-0.30997450405269994,4.071685161502166,1.6826540561378343,0.0924420806473489,pre_2008,auto
XLU,87,pre_2008,d0_p1,car_adj,surprise_bps,HC1,-0.5979623186835985,0.12699535054620226,1.9623841832957887,0.8178998500162484,0.3593299343032298,3.5654384322883472,2.3992964215078456,0.016426611087207315,pre_2008,auto
XLP,87,pre_2008,d0_p1,car_adj,surprise_bps,HC1,-0.3200484094514013,0.1363106575055646,2.2976414504223017,0.9200559929126797,0.4943648405532103,4.100918060291393,2.4972843697789657,0.012514855194191822,pre_2008,auto
QQQ,86,pre_2008,d0_p1,car_raw,surprise_bps,HC1,0.8034552668786877,0.15394839144430128,-4.816101686459789,1.7186898787757001,-8.184671949453673,-1.447531423465906,-2.8021935463368846,0.00507564129270502,pre_2008,car_raw
XLK,87,pre_2008,d0_p1,car_raw,surprise_bps,HC1,0.7104558283444338,0.18289000524478316,-4.811863052634064,1.6343655424656205,-8.015160653439949,-1.6085654518281798,-2.9441779868748568,0.0032381371812293417,pre_2008,car_raw
XLY,87,pre_2008,d0_p1,car_raw,surprise_bps,HC1,0.6372578908559801,0.26869052187264697,-4.260231456313332,0.6796936561826386,-5.592406542951654,-2.92805636967501,-6.267869969892109,3.660202185418546e-10,pre_2008,car_raw
XLF,87,pre_2008,d0_p1,car_raw,surprise_bps,HC1,0.24003340489767686,0.14641411092552203,-3.9473164074266043,1.0252061665043215,-5.956683570503449,-1.9379492443497601,-3.850265962490156,0.00011798962923242137,pre_2008,car_raw
XLB,87,pre_2008,d0_p1,car_raw,surprise_bps,HC1,0.4237300666476157,0.16205779188881353,-2.9742715045511066,0.7359677020045915,-4.416741694264813,-1.5318013148374003,-4.041307106887893,5.3154093370569644e-05,pre_2008,car_raw
XLI,87,pre_2008,d0_p1,car_raw,surprise_bps,HC1,0.5167857299611736,0.17445645055910164,-2.925311406378628,0.5724687612954263,-4.047329560791921,-1.8032932519653349,-5.109993075882443,3.2217061930255345e-07,pre_2008,car_raw
SPY,88,pre_2008,d0_p1,car_raw,surprise_bps,HC1,0.4086604670230089,0.15314046166265172,-2.670966871201531,0.5290119459836439,-3.7078112327209216,-1.63412250968214,-5.048972696136643,4.4419221075994534e-07,pre_2008,car_raw
XLV,87,pre_2008,d0_p1,car_raw,surprise_bps,HC1,0.4986104171504775,0.08085023885609421,-2.1320985469792735,0.7446711809499045,-3.591627241965996,-0.6725698519925509,-2.863140942636672,0.004194639300569318,pre_2008,car_raw
TLT,57,pre_2008,d0_p1,car_raw,surprise_bps,HC1,0.12109865183975335,0.13131444601282105,-1.700520272259972,0.973816945692973,-3.609166413352997,0.2081258688330527,-1.7462422273314142,0.08076887001816474,pre_2008,car_raw
IEF,57,pre_2008,d0_p1,car_raw,surprise_bps,HC1,0.034669504275241445,0.18631200805221904,-1.1063392745631464,0.3982542519518016,-1.8869032650786184,-0.3257752840476748,-2.77797228564691,0.005469928347935278,pre_2008,car_raw
XLE,87,pre_2008,d0_p1,car_raw,surprise_bps,HC1,0.2539060060678373,0.008908693995475225,-0.8090082193770302,0.9149944505003718,-2.602364388411776,0.9843479496577159,-0.8841673508889785,0.3766058801457166,pre_2008,car_raw
XLU,87,pre_2008,d0_p1,car_raw,surprise_bps,HC1,-0.21529744429958336,0.013555262555141168,-0.7274793648059749,0.7268274447650387,-2.1520349795207263,0.6970762499087766,-1.0008969392193863,0.31687663646279796,pre_2008,car_raw
XLP,87,pre_2008,d0_p1,car_raw,surprise_bps,HC1,0.06261646493261372,0.003605801383218421,-0.39222209767946103,0.7938868653977166,-1.9482117616583832,1.163767566299461,-0.4940528868467524,0.6212688295100668,pre_2008,car_raw
GLD,38,pre_2008,d0_p1,car_raw,surprise_bps,HC1,0.5427191538491973,0.00031483327460790633,-0.1642156751199094,1.7252816104882083,-3.5457054948660596,3.2172741446262405,-0.09518195413526767,0.9241703034178756,pre_2008,car_raw
QQQ,86,pre_2008,d0_p1,car_adj,surprise_bps,HC1,0.41181441948910497,0.06974750627464121,-2.13315294231166,1.3693905204087884,-4.817109043083448,0.5508031584601271,-1.5577389433620985,0.11929514485551868,pre_2008,car_adj
XLK,87,pre_2008,d0_p1,car_adj,surprise_bps,HC1,0.3277909539604187,0.0793201479642427,-2.1219995045323,1.3217500099336357,-4.712581920567685,0.4685829115030845,-1.6054469367008701,0.10839548201917588,pre_2008,car_adj
XLY,87,pre_2008,d0_p1,car_adj,surprise_bps,HC1,0.2545930164719649,0.11818185127901082,-1.5703679082115687,0.4910014036346726,-2.532712975694141,-0.6080228407289966,-3.1982961689860954,0.001382422226558023,pre_2008,car_adj
XLF,87,pre_2008,d0_p1,car_adj,surprise_bps,HC1,-0.1426314694863381,0.04716145459235177,-1.2574528593248404,0.8171806840005054,-2.8590975688276377,0.3441918501779568,-1.538769679636802,0.12386053446489634,pre_2008,car_adj
XLB,87,pre_2008,d0_p1,car_adj,surprise_bps,HC1,0.0410651922636007,0.00200598732971613,-0.28440795644934264,0.7053053702311987,-1.6667810802051808,1.0979651673064954,-0.4032408775735167,0.6867710306269907,pre_2008,car_adj
XLI,87,pre_2008,d0_p1,car_adj,surprise_bps,HC1,0.13412085557715847,0.006524856769042353,-0.23544785827686351,0.3078779243959275,-0.838877501727827,0.3679817851741,-0.7647442041803564,0.44442387832730557,pre_2008,car_adj
SPY,88,pre_2008,d0_p1,car_adj,surprise_bps,HC1,0.0,,0.0,0.0,0.0,0.0,,,pre_2008,car_adj
XLV,87,pre_2008,d0_p1,car_adj,surprise_bps,HC1,0.11594554276646268,0.014913629875316303,0.5577650011224897,0.5687484707848799,-0.556961517878106,1.6724915201230854,0.9806883530654019,0.32674644912444606,pre_2008,car_adj
TLT,57,pre_2008,d0_p1,car_adj,surprise_bps,HC1,-0.1695044680304113,0.02523445957714132,1.2281142332361394,1.2164199890547729,-1.1560251353858224,3.612253601858101,1.00961365670294,0.3126804240776494,pre_2008,car_adj
IEF,57,pre_2008,d0_p1,car_adj,surprise_bps,HC1,-0.2559336155949232,0.07470699293785843,1.822295230932965,0.8016414783823012,0.2511068047902104,3.3934836570757194,2.273204768059564,0.023013843106478374,pre_2008,car_adj
XLE,87,pre_2008,d0_p1,car_adj,surprise_bps,HC1,-0.12875886831617772,0.058829518193274755,1.880855328724733,1.1177908625150355,-0.30997450405269994,4.071685161502166,1.6826540561378343,0.0924420806473489,pre_2008,car_adj
XLU,87,pre_2008,d0_p1,car_adj,surprise_bps,HC1,-0.5979623186835985,0.12699535054620226,1.9623841832957887,0.8178998500162484,0.3593299343032298,3.5654384322883472,2.3992964215078456,0.016426611087207315,pre_2008,car_adj
XLP,87,pre_2008,d0_p1,car_adj,surprise_bps,HC1,-0.3200484094514013,0.1363106575055646,2.2976414504223017,0.9200559929126797,0.4943648405532103,4.100918060291393,2.4972843697789657,0.012514855194191822,pre_2008,car_adj
GLD,38,pre_2008,d0_p1,car_adj,surprise_bps,HC1,0.30426060967809887,0.06394867282804595,3.5016745310460813,2.0880408795988523,-0.5908103912150048,7.594159453307167,1.6770143560210427,0.09353967460741658,pre_2008,car_adj
SPY,88,pre_2008,d0_p1,car_raw,surprise_orth_bps,HC1,0.4986217217381409,0.16407423052989867,-3.087883646810421,0.8991611938507791,-4.850207203053985,-1.325560090566856,-3.4341825113538795,0.0005943438677170725,pre_2008,auto
XLK,87,pre_2008,d0_p1,car_adj,surprise_orth_bps,HC1,0.3983411696499216,0.06619450366065471,-2.1645354499123277,1.4806290254371888,-5.066515014233857,0.7374441144092019,-1.4619026189042865,0.14376789722940553,pre_2008,auto
QQQ,86,pre_2008,d0_p1,car_adj,surprise_orth_bps,HC1,0.48390012839176527,0.04797716495368942,-1.975092520516875,1.561974181119338,-5.03650566029222,1.086320619258471,-1.2644847427000934,0.20605609354564458,pre_2008,auto
TLT,57,pre_2008,d0_p1,car_raw,surprise_orth_bps,HC1,0.17452021764182868,0.11407569317956756,-1.6942970084190205,0.8983377753668826,-3.4550066940899438,0.06641267725190289,-1.8860355813569867,0.05929016001718741,pre_2008,auto
XLF,87,pre_2008,d0_p1,car_adj,surprise_orth_bps,HC1,-0.10094922062869147,0.0383506490385116,-1.266148642447773,0.8230437945291854,-2.8792848374241604,0.3469875525286145,-1.538373353719363,0.12395735357535873,pre_2008,auto
IEF,57,pre_2008,d0_p1,car_raw,surprise_orth_bps,HC1,0.07219109947890887,0.19881468612040154,-1.221685903131711,0.47742622652716227,-2.1574241123998106,-0.2859476938636118,-2.5588998577190765,0.010500398466297254,pre_2008,auto
XLY,87,pre_2008,d0_p1,car_adj,surprise_orth_bps,HC1,0.3038802304259106,0.056625084510752655,-1.2137539779079325,0.4896788014949837,-2.1735067928308394,-0.2540011629850259,-2.4786737228615077,0.013187187545253236,pre_2008,auto
XLI,87,pre_2008,d0_p1,car_adj,surprise_orth_bps,HC1,0.13987686541836614,0.00011523759430698277,0.034938685558479544,0.3432585219883184,-0.6378356549250748,0.7077130260420339,0.1017853405535218,0.9189270617558957,pre_2008,auto
XLV,87,pre_2008,d0_p1,car_adj,surprise_orth_bps,HC1,0.0979156753874051,0.009638125675549225,0.500675210627442,0.6360937576030199,-0.7460456450652281,1.7473960663201122,0.787109140190476,0.4312179792550498,pre_2008,auto
XLB,87,pre_2008,d0_p1,car_adj,surprise_orth_bps,HC1,0.042859148278518035,0.010518463613914064,0.7272002525592391,0.8323147584519073,-0.9041066978076537,2.3585072029261323,0.873708227776497,0.3822771690644906,pre_2008,auto
GLD,38,pre_2008,d0_p1,car_raw,surprise_orth_bps,HC1,0.5001239429567884,0.014504144261002105,1.2548954073564675,2.546205898579272,-3.735576451082351,6.245367265795286,0.4928491478464771,0.6221191807381197,pre_2008,auto
XLU,87,pre_2008,d0_p1,car_adj,surprise_orth_bps,HC1,-0.6610944843082559,0.07837471090285231,1.7213862028157827,1.0157017348757185,-0.2693526165754759,3.712125022207041,1.6947752905299627,0.09011805660908832,pre_2008,auto
XLE,87,pre_2008,d0_p1,car_adj,surprise_orth_bps,HC1,-0.19224039945938226,0.05575261384005603,2.0445163133756954,1.3218392614731573,-0.5462410324627166,4.635273659214107,1.5467208252667062,0.12193057915262079,pre_2008,auto
XLP,87,pre_2008,d0_p1,car_adj,surprise_orth_bps,HC1,-0.39600048268720595,0.10818258991600815,2.2855790989083276,1.0574708162764763,0.21297438430426147,4.358183813512394,2.161363759386019,0.030667251266445428,pre_2008,auto
XLK,87,pre_2008,d0_p1,car_raw,surprise_orth_bps,HC1,0.8730604163626912,0.17506584299163896,-5.256772711389226,1.823109375361673,-8.83000142697542,-1.683543995803033,-2.8834104977088253,0.003933944217875541,pre_2008,car_raw
QQQ,86,pre_2008,d0_p1,car_raw,surprise_orth_bps,HC1,0.9711186366329526,0.13711097335536104,-5.074072622496979,1.940422231632194,-8.877230311296918,-1.2709149336970407,-2.6149322244308153,0.008924516269133802,pre_2008,car_raw
XLF,87,pre_2008,d0_p1,car_raw,surprise_orth_bps,HC1,0.37377002608407833,0.14316273366142884,-4.358385903924672,1.4369501034600602,-7.174756354287494,-1.5420154535618495,-3.033080893644135,0.0024207070017016686,pre_2008,car_raw
XLY,87,pre_2008,d0_p1,car_raw,surprise_orth_bps,HC1,0.77859947713868,0.2201566489325708,-4.3059912393848325,0.984782472436764,-6.236129417967199,-2.3758530608024664,-4.372530340360352,1.228147427154145e-05,pre_2008,car_raw
SPY,88,pre_2008,d0_p1,car_raw,surprise_orth_bps,HC1,0.4986217217381409,0.16407423052989867,-3.087883646810421,0.8991611938507791,-4.850207203053985,-1.325560090566856,-3.4341825113538795,0.0005943438677170725,pre_2008,car_raw
XLI,87,pre_2008,d0_p1,car_raw,surprise_orth_bps,HC1,0.6145961121311356,0.1528333371123649,-3.0572985759184195,0.8331031558730038,-4.690150756836166,-1.4244463950006736,-3.669771929641408,0.000242766967722078,pre_2008,car_raw
XLV,87,pre_2008,d0_p1,car_raw,surprise_orth_bps,HC1,0.5726349221001749,0.09580530270494392,-2.5915620508494572,1.0404968062069622,-4.630898317044055,-0.5522257846548594,-2.490696785794821,0.012749287184712712,pre_2008,car_raw
XLB,87,pre_2008,d0_p1,car_raw,surprise_orth_bps,HC1,0.5175783949912877,0.0821834074291421,-2.36503700891766,0.8888860862182463,-4.107221724264188,-0.6228522935711321,-2.66067502415262,0.007798418459665953,pre_2008,car_raw
TLT,57,pre_2008,d0_p1,car_raw,surprise_orth_bps,HC1,0.17452021764182868,0.11407569317956756,-1.6942970084190205,0.8983377753668826,-3.4550066940899438,0.06641267725190289,-1.8860355813569867,0.05929016001718741,pre_2008,car_raw
XLU,87,pre_2008,d0_p1,car_raw,surprise_orth_bps,HC1,-0.18637523759548613,0.03860527803316749,-1.3708510586611162,1.0968192639224323,-3.5205773134988156,0.7788751961765834,-1.2498422518206826,0.21135717813660426,pre_2008,car_raw
IEF,57,pre_2008,d0_p1,car_raw,surprise_orth_bps,HC1,0.07219109947890887,0.19881468612040154,-1.221685903131711,0.47742622652716227,-2.1574241123998106,-0.2859476938636118,-2.5588998577190765,0.010500398466297254,pre_2008,car_raw
XLE,87,pre_2008,d0_p1,car_raw,surprise_orth_bps,HC1,0.2824788472533874,0.011983922536365377,-1.047720948101205,1.4052196289021597,-3.801900811118178,1.706458914915768,-0.7455923092390521,0.4559137301451238,pre_2008,car_raw
XLP,87,pre_2008,d0_p1,car_raw,surprise_orth_bps,HC1,0.07871876402556374,0.012232530728434554,-0.8066581625685733,1.0946455675623408,-2.952124050827168,1.3388077256900215,-0.7369126468624132,0.4611754726479458,pre_2008,car_raw
GLD,38,pre_2008,d0_p1,car_raw,surprise_orth_bps,HC1,0.5001239429567884,0.014504144261002105,1.2548954073564675,2.546205898579272,-3.735576451082351,6.245367265795286,0.4928491478464771,0.6221191807381197,pre_2008,car_raw
XLK,87,pre_2008,d0_p1,car_adj,surprise_orth_bps,HC1,0.3983411696499216,0.06619450366065471,-2.1645354499123277,1.4806290254371888,-5.066515014233857,0.7374441144092019,-1.4619026189042865,0.14376789722940553,pre_2008,car_adj
QQQ,86,pre_2008,d0_p1,car_adj,surprise_orth_bps,HC1,0.48390012839176527,0.04797716495368942,-1.975092520516875,1.561974181119338,-5.03650566029222,1.086320619258471,-1.2644847427000934,0.20605609354564458,pre_2008,car_adj
XLF,87,pre_2008,d0_p1,car_adj,surprise_orth_bps,HC1,-0.10094922062869147,0.0383506490385116,-1.266148642447773,0.8230437945291854,-2.8792848374241604,0.3469875525286145,-1.538373353719363,0.12395735357535873,pre_2008,car_adj
XLY,87,pre_2008,d0_p1,car_adj,surprise_orth_bps,HC1,0.3038802304259106,0.056625084510752655,-1.2137539779079325,0.4896788014949837,-2.1735067928308394,-0.2540011629850259,-2.4786737228615077,0.013187187545253236,pre_2008,car_adj
SPY,88,pre_2008,d0_p1,car_adj,surprise_orth_bps,HC1,0.0,,0.0,0.0,0.0,0.0,,,pre_2008,car_adj
XLI,87,pre_2008,d0_p1,car_adj,surprise_orth_bps,HC1,0.13987686541836614,0.00011523759430698277,0.034938685558479544,0.3432585219883184,-0.6378356549250748,0.7077130260420339,0.1017853405535218,0.9189270617558957,pre_2008,car_adj
XLV,87,pre_2008,d0_p1,car_adj,surprise_orth_bps,HC1,0.0979156753874051,0.009638125675549225,0.500675210627442,0.6360937576030199,-0.7460456450652281,1.7473960663201122,0.787109140190476,0.4312179792550498,pre_2008,car_adj
XLB,87,pre_2008,d0_p1,car_adj,surprise_orth_bps,HC1,0.042859148278518035,0.010518463613914064,0.7272002525592391,0.8323147584519073,-0.9041066978076537,2.3585072029261323,0.873708227776497,0.3822771690644906,pre_2008,car_adj
TLT,57,pre_2008,d0_p1,car_adj,surprise_orth_bps,HC1,-0.2152258171751305,0.034355610831103056,1.5318210135111376,1.4398708167353307,-1.2902739296803831,4.353915956702659,1.0638600322383704,0.28739211117031727,pre_2008,car_adj
XLU,87,pre_2008,d0_p1,car_adj,surprise_orth_bps,HC1,-0.6610944843082559,0.07837471090285231,1.7213862028157827,1.0157017348757185,-0.2693526165754759,3.712125022207041,1.6947752905299627,0.09011805660908832,pre_2008,car_adj
IEF,57,pre_2008,d0_p1,car_adj,surprise_orth_bps,HC1,-0.3175549353380504,0.079099116897284,2.0044321187984466,1.216180142429412,-0.37923715907599437,4.388101396672887,1.6481375158736282,0.09932445536726317,pre_2008,car_adj
XLE,87,pre_2008,d0_p1,car_adj,surprise_orth_bps,HC1,-0.19224039945938226,0.05575261384005603,2.0445163133756954,1.3218392614731573,-0.5462410324627166,4.635273659214107,1.5467208252667062,0.12193057915262079,pre_2008,car_adj
XLP,87,pre_2008,d0_p1,car_adj,surprise_orth_bps,HC1,-0.39600048268720595,0.10818258991600815,2.2855790989083276,1.0574708162764763,0.21297438430426147,4.358183813512394,2.161363759386019,0.030667251266445428,pre_2008,car_adj
GLD,38,pre_2008,d0_p1,car_adj,surprise_orth_bps,HC1,0.04465352868315421,0.14084570286591425,5.850850321155851,3.336544975152317,-0.6886576629407795,12.390358305252482,1.7535655490118947,0.07950497851856711,pre_2008,car_adj
QQQ,86,pre_2008,d0_p5,car_adj,surprise_bps,HC1,0.22883035356851592,0.08355696383407973,-3.178694679950795,1.1128481849371774,-5.359837042688432,-0.997552317213158,-2.8563596750892297,0.004285293821105205,pre_2008,auto
XLK,87,pre_2008,d0_p5,car_adj,surprise_bps,HC1,0.23461490690386938,0.08651670916628906,-2.8534890021264103,1.0389412256553234,-4.889776386464746,-0.8172016177880752,-2.746535541821956,0.006022835981931855,pre_2008,auto
SPY,88,pre_2008,d0_p5,car_raw,surprise_bps,HC1,0.10606875154557321,0.09229075632098604,-2.6867136092087898,0.8535148720562288,-4.3595720187083105,-1.0138551997092693,-3.147822840785593,0.0016449135237137577,pre_2008,auto
TLT,57,pre_2008,d0_p5,car_raw,surprise_bps,HC1,0.2535741801879025,0.1455239406885278,-2.528044582677534,1.2804502181079491,-5.037680894165572,-0.018408271189496866,-1.9743403897521972,0.04834305121127432,pre_2008,auto
IEF,57,pre_2008,d0_p5,car_raw,surprise_bps,HC1,0.1345684031408544,0.13105829573959016,-1.3529554180503622,0.48945290783436407,-2.312265489534118,-0.39364534656660627,-2.7642197980530057,0.005705908959127784,pre_2008,auto
XLY,87,pre_2008,d0_p5,car_adj,surprise_bps,HC1,-0.012726240194809134,0.01016060691973053,-0.5664186732912145,0.6103758779178349,-1.7627334110421877,0.6298960644597587,-0.9279833849650633,0.3534161883027469,pre_2008,auto
XLV,87,pre_2008,d0_p5,car_adj,surprise_bps,HC1,-0.059295300784891744,0.004208371446000281,-0.4274208289263847,0.9516317159307609,-2.2925847186967276,1.4377430608439583,-0.44914521213528275,0.6533269072013489,pre_2008,auto
XLI,87,pre_2008,d0_p5,car_adj,surprise_bps,HC1,0.15964270391159702,0.0008286535449977261,-0.1360928280080656,0.4886554842847935,-1.0938399780542392,0.8216543220381081,-0.2785046569307494,0.780624990688524,pre_2008,auto
XLF,87,pre_2008,d0_p5,car_adj,surprise_bps,HC1,-0.2330943734096921,0.0029420097050075755,0.46895381630259797,0.9009118394802741,-1.2968009423244697,2.2347085749296656,0.5205324158833701,0.6026925405773902,pre_2008,auto
GLD,38,pre_2008,d0_p5,car_raw,surprise_bps,HC1,0.2585623382004487,0.0018431738933615271,0.6360122337523131,2.2534916412184556,-3.7807502224979173,5.052774690002543,0.2822341215379096,0.7777639961573359,pre_2008,auto
XLB,87,pre_2008,d0_p5,car_adj,surprise_bps,HC1,0.0314019569303942,0.012695232572025206,1.0221201816307928,0.7981237735414883,-0.5421736697157264,2.586414032977312,1.280653722536509,0.2003153212327411,pre_2008,auto
XLU,87,pre_2008,d0_p5,car_adj,surprise_bps,HC1,-0.32245281985664603,0.03506801393619108,1.4891922967435487,0.8619934956844426,-0.20028390970574134,3.1786685031928386,1.7276143082275766,0.08405739584195847,pre_2008,auto
XLE,87,pre_2008,d0_p5,car_adj,surprise_bps,HC1,0.13536013380246129,0.022556367486914475,1.6224133434075836,1.126702965302555,-0.5858838898599065,3.830710576675074,1.4399654508514717,0.14987717395450292,pre_2008,auto
XLP,87,pre_2008,d0_p5,car_adj,surprise_bps,HC1,-0.11637451720582007,0.08970639852900308,2.448419715975344,0.9934854034469028,0.5012241060531691,4.395615325897519,2.4644747748487688,0.013721422154163542,pre_2008,auto
QQQ,86,pre_2008,d0_p5,car_raw,surprise_bps,HC1,0.34031706821139246,0.11744974251308504,-5.859911921691986,1.7747734357202893,-9.338403936422166,-2.3814199069618063,-3.3017802744572573,0.000960732978050523,pre_2008,car_raw
XLK,87,pre_2008,d0_p5,car_raw,surprise_bps,HC1,0.31024520932039396,0.13804626755924176,-5.562328882758343,1.672467225961732,-8.840304410966949,-2.2843533545497356,-3.32582235180112,0.0008815809629429441,pre_2008,car_raw
XLY,87,pre_2008,d0_p5,car_raw,surprise_bps,HC1,0.06290406222171556,0.08326256458039538,-3.2752585539231465,1.0920022044470257,-5.415543545677662,-1.1349735621686312,-2.9993149652858904,0.002705874246315087,pre_2008,car_raw
XLV,87,pre_2008,d0_p5,car_raw,surprise_bps,HC1,0.01633500163163293,0.1215615625030887,-3.1362607095583166,0.8448843319780023,-4.792203571337383,-1.4803178477792496,-3.712059261669411,0.0002055798361944761,pre_2008,car_raw
XLI,87,pre_2008,d0_p5,car_raw,surprise_bps,HC1,0.2352730063281218,0.08482810795128404,-2.8449327086399974,0.8536609743779913,-4.51807747342823,-1.1717879438517647,-3.332625941712891,0.0008603052312475745,pre_2008,car_raw
SPY,88,pre_2008,d0_p5,car_raw,surprise_bps,HC1,0.10606875154557321,0.09229075632098604,-2.6867136092087898,0.8535148720562288,-4.3595720187083105,-1.0138551997092693,-3.147822840785593,0.0016449135237137577,pre_2008,car_raw
TLT,57,pre_2008,d0_p5,car_raw,surprise_bps,HC1,0.2535741801879025,0.1455239406885278,-2.528044582677534,1.2804502181079491,-5.037680894165572,-0.018408271189496866,-1.9743403897521972,0.04834305121127432,pre_2008,car_raw
XLF,87,pre_2008,d0_p5,car_raw,surprise_bps,HC1,-0.15746407099316748,0.030990690970573387,-2.239886064329334,1.268268753500016,-4.7256471439068735,0.24587501524820504,-1.7660973339822217,0.07737952068057158,pre_2008,car_raw
XLB,87,pre_2008,d0_p5,car_raw,surprise_bps,HC1,0.10703225934691879,0.019762505982155454,-1.68671969900114,1.2388379592264596,-4.1147974817661,0.7413580837638205,-1.3615337554350866,0.1733450736721014,pre_2008,car_raw
IEF,57,pre_2008,d0_p5,car_raw,surprise_bps,HC1,0.1345684031408544,0.13105829573959016,-1.3529554180503622,0.48945290783436407,-2.312265489534118,-0.39364534656660627,-2.7642197980530057,0.005705908959127784,pre_2008,car_raw
XLU,87,pre_2008,d0_p5,car_raw,surprise_bps,HC1,-0.24682251744012135,0.02316751604283196,-1.2196475838883836,0.7307805168324727,-2.651951077483597,0.21265590970682963,-1.668965654934094,0.09512418656466666,pre_2008,car_raw
XLE,87,pre_2008,d0_p5,car_raw,surprise_bps,HC1,0.21099043621898594,0.0071857651475334405,-1.0864265372243485,1.4547317151791381,-3.9376483061436387,1.764795231694942,-0.7468226105805111,0.45517064529005646,pre_2008,car_raw
XLP,87,pre_2008,d0_p5,car_raw,surprise_bps,HC1,-0.04074421478929535,0.0014747001278472283,-0.26042016465658835,0.752601208574315,-1.735491428183563,1.2146510988703865,-0.34602676914366576,0.7293225971207795,pre_2008,car_raw
GLD,38,pre_2008,d0_p5,car_raw,surprise_bps,HC1,0.2585623382004487,0.0018431738933615271,0.6360122337523131,2.2534916412184556,-3.7807502224979173,5.052774690002543,0.2822341215379096,0.7777639961573359,pre_2008,car_raw
QQQ,86,pre_2008,d0_p5,car_adj,surprise_bps,HC1,0.22883035356851592,0.08355696383407973,-3.178694679950795,1.1128481849371774,-5.359837042688432,-0.997552317213158,-2.8563596750892297,0.004285293821105205,pre_2008,car_adj
XLK,87,pre_2008,d0_p5,car_adj,surprise_bps,HC1,0.23461490690386938,0.08651670916628906,-2.8534890021264103,1.0389412256553234,-4.889776386464746,-0.8172016177880752,-2.746535541821956,0.006022835981931855,pre_2008,car_adj
TLT,57,pre_2008,d0_p5,car_adj,surprise_bps,HC1,0.09525136343098214,0.012246336163141969,-1.1916904221060693,2.0732434482396243,-5.255172911839365,2.8717920676272257,-0.5747952191132811,0.5654298004918561,pre_2008,car_adj
XLY,87,pre_2008,d0_p5,car_adj,surprise_bps,HC1,-0.012726240194809134,0.01016060691973053,-0.5664186732912145,0.6103758779178349,-1.7627334110421877,0.6298960644597587,-0.9279833849650633,0.3534161883027469,pre_2008,car_adj
XLV,87,pre_2008,d0_p5,car_adj,surprise_bps,HC1,-0.059295300784891744,0.004208371446000281,-0.4274208289263847,0.9516317159307609,-2.2925847186967276,1.4377430608439583,-0.44914521213528275,0.6533269072013489,pre_2008,car_adj
XLI,87,pre_2008,d0_p5,car_adj,surprise_bps,HC1,0.15964270391159702,0.0008286535449977261,-0.1360928280080656,0.4886554842847935,-1.0938399780542392,0.8216543220381081,-0.2785046569307494,0.780624990688524,pre_2008,car_adj
IEF,57,pre_2008,d0_p5,car_adj,surprise_bps,HC1,-0.02375441361606584,3.3534733979712072e-06,-0.016601257478897347,1.3948870199698786,-2.7505295791222624,2.7173270641644676,-0.011901506889967215,0.9905041955763093,pre_2008,car_adj
SPY,88,pre_2008,d0_p5,car_adj,surprise_bps,HC1,0.0,,0.0,0.0,0.0,0.0,,,pre_2008,car_adj
XLF,87,pre_2008,d0_p5,car_adj,surprise_bps,HC1,-0.2330943734096921,0.0029420097050075755,0.46895381630259797,0.9009118394802741,-1.2968009423244697,2.2347085749296656,0.5205324158833701,0.6026925405773902,pre_2008,car_adj
XLB,87,pre_2008,d0_p5,car_adj,surprise_bps,HC1,0.0314019569303942,0.012695232572025206,1.0221201816307928,0.7981237735414883,-0.5421736697157264,2.586414032977312,1.280653722536509,0.2003153212327411,pre_2008,car_adj
XLU,87,pre_2008,d0_p5,car_adj,surprise_bps,HC1,-0.32245281985664603,0.03506801393619108,1.4891922967435487,0.8619934956844426,-0.20028390970574134,3.1786685031928386,1.7276143082275766,0.08405739584195847,pre_2008,car_adj
XLE,87,pre_2008,d0_p5,car_adj,surprise_bps,HC1,0.13536013380246129,0.022556367486914475,1.6224133434075836,1.126702965302555,-0.5858838898599065,3.830710576675074,1.4399654508514717,0.14987717395450292,pre_2008,car_adj
GLD,38,pre_2008,d0_p5,car_adj,surprise_bps,HC1,0.2685783329529428,0.012264427408407275,1.9633852129842546,2.6370048547166856,-3.2050493293177267,7.131819755286236,0.744551231853988,0.45654305907356996,pre_2008,car_adj
XLP,87,pre_2008,d0_p5,car_adj,surprise_bps,HC1,-0.11637451720582007,0.08970639852900308,2.448419715975344,0.9934854034469028,0.5012241060531691,4.395615325897519,2.4644747748487688,0.013721422154163542,pre_2008,car_adj
QQQ,86,pre_2008,d0_p5,car_adj,surprise_orth_bps,HC1,0.33957296645270546,0.07487751816352639,-3.3592761900244876,1.1564768856075986,-5.62592923476843,-1.0926231452805462,-2.9047499624340225,0.0036754658937536125,pre_2008,auto
XLK,87,pre_2008,d0_p5,car_adj,surprise_orth_bps,HC1,0.3319701464328354,0.08949818762812567,-3.2406605705216847,1.1459237985961517,-5.486629944797473,-0.994691196245897,-2.827989587520351,0.004684133005350835,pre_2008,auto
TLT,57,pre_2008,d0_p5,car_raw,surprise_orth_bps,HC1,0.34319706452444815,0.17450103306346765,-2.9592655034504936,1.2775560188336488,-5.46322928859682,-0.4553017183041668,-2.31634891920604,0.020539225359487153,pre_2008,auto
SPY,88,pre_2008,d0_p5,car_raw,surprise_orth_bps,HC1,0.19514902196058947,0.08752867760106253,-2.9223664293223166,1.0992584697168104,-5.076873439667878,-0.7678594189767542,-2.6584888903109136,0.007849193842983358,pre_2008,auto
IEF,57,pre_2008,d0_p5,car_raw,surprise_orth_bps,HC1,0.1857886479998206,0.1862841453664853,-1.724275272148356,0.6532879887233395,-3.00469620157871,-0.44385434271800184,-2.6393800313364837,0.008305781465456933,pre_2008,auto
XLY,87,pre_2008,d0_p5,car_adj,surprise_orth_bps,HC1,0.006186744176281352,0.008798814190770332,-0.5885590311429821,0.7495872944788445,-2.057723131590337,0.880605069304373,-0.78517743760876,0.4323495421085226,pre_2008,auto
XLV,87,pre_2008,d0_p5,car_adj,surprise_orth_bps,HC1,-0.044488509073828356,0.0049033780597377286,-0.5151652458346132,0.9405232743812448,-2.358556990243536,1.32822649857431,-0.5477432189793837,0.5838682316740264,pre_2008,auto
XLI,87,pre_2008,d0_p5,car_adj,surprise_orth_bps,HC1,0.16199758007355747,0.0007996657647639793,0.14928054493313836,0.6036727409434719,-1.0338962857646448,1.3324573756309213,0.24728720514997882,0.8046859601697947,pre_2008,auto
GLD,38,pre_2008,d0_p5,car_raw,surprise_orth_bps,HC1,0.2136103623619159,0.0036036621729383933,1.0012476906810925,3.6947796630205794,-6.240387379650281,8.242882761012465,0.2709898240217513,0.7863988587902705,pre_2008,auto
XLU,87,pre_2008,d0_p5,car_adj,surprise_orth_bps,HC1,-0.37061381418583994,0.022764791968504006,1.3397607681769184,0.9847751370735189,-0.5903630333576737,3.2698845697115106,1.3604737952242774,0.17368003989462488,pre_2008,auto
XLF,87,pre_2008,d0_p5,car_adj,surprise_orth_bps,HC1,-0.25582043298239027,0.021808733164787264,1.4256846080123204,1.2739511576070477,-1.0712137789606033,3.9225829949852438,1.119104605776476,0.2630955151878709,pre_2008,auto
XLB,87,pre_2008,d0_p5,car_adj,surprise_orth_bps,HC1,-0.00924826482316489,0.036226028212437145,1.9279342149470757,0.8961978335443006,0.1714187381774243,3.684449691716727,2.151237308086814,0.03145747369821374,pre_2008,auto
XLE,87,pre_2008,d0_p5,car_adj,surprise_orth_bps,HC1,0.07903054276161164,0.026731871743309932,1.972158567839981,1.3950755980114522,-0.7621393599731435,4.706456495653105,1.4136571313060782,0.15746259793111206,pre_2008,auto
XLP,87,pre_2008,d0_p5,car_adj,surprise_orth_bps,HC1,-0.1978593227626118,0.07551686513878209,2.5083974552668034,1.1196316653689018,0.31395971519315413,4.702835195340452,2.2403773784303644,0.02506643361645993,pre_2008,auto
QQQ,86,pre_2008,d0_p5,car_raw,surprise_orth_bps,HC1,0.5453891315059729,0.10919312339230458,-6.307760567031724,1.7521923416771994,-9.741994450705935,-2.873526683357513,-3.5999247439889692,0.00031830929138866354,pre_2008,car_raw
XLK,87,pre_2008,d0_p5,car_raw,surprise_orth_bps,HC1,0.49889929009710027,0.13615172617769866,-6.168166989569196,1.6213012022536777,-9.345858954077894,-2.9904750250604977,-3.8044547065006684,0.00014211691226274459,pre_2008,car_raw
XLY,87,pre_2008,d0_p5,car_raw,surprise_orth_bps,HC1,0.17311588784054588,0.0769612425318329,-3.5160654501904935,1.4358028355938282,-6.330187296854881,-0.7019436035261055,-2.44884977451399,0.014331320682811313,pre_2008,car_raw
XLV,87,pre_2008,d0_p5,car_raw,surprise_orth_bps,HC1,0.12244063459043625,0.1174796743693407,-3.4426716648821243,1.2031969854826532,-5.800894422735286,-1.0844489070289616,-2.8612701880242186,0.004219472874162252,pre_2008,car_raw
TLT,57,pre_2008,d0_p5,car_raw,surprise_orth_bps,HC1,0.34319706452444815,0.17450103306346765,-2.9592655034504936,1.2775560188336488,-5.46322928859682,-0.4553017183041668,-2.31634891920604,0.020539225359487153,pre_2008,car_raw
SPY,88,pre_2008,d0_p5,car_raw,surprise_orth_bps,HC1,0.19514902196058947,0.08752867760106253,-2.9223664293223166,1.0992584697168104,-5.076873439667878,-0.7678594189767542,-2.6584888903109136,0.007849193842983358,pre_2008,car_raw
XLI,87,pre_2008,d0_p5,car_raw,surprise_orth_bps,HC1,0.32892672373782217,0.06488292971270926,-2.7782258741143737,1.2344537343217141,-5.19771073396591,-0.3587410142628377,-2.2505710800420595,0.024412716829166,pre_2008,car_raw
IEF,57,pre_2008,d0_p5,car_raw,surprise_orth_bps,HC1,0.1857886479998206,0.1862841453664853,-1.724275272148356,0.6532879887233395,-3.00469620157871,-0.44385434271800184,-2.6393800313364837,0.008305781465456933,pre_2008,car_raw
XLU,87,pre_2008,d0_p5,car_raw,surprise_orth_bps,HC1,-0.20368467052157535,0.03148996524945369,-1.5877456508705936,1.1137735516256237,-3.770701698990079,0.5952103972488916,-1.4255551755140685,0.15399678279032575,pre_2008,car_raw
XLF,87,pre_2008,d0_p5,car_raw,surprise_orth_bps,HC1,-0.08889128931812565,0.011174183100597035,-1.501821811035191,1.6853630123851746,-4.805072616186067,1.801428994115684,-0.891096932826222,0.3728771702617929,pre_2008,car_raw
XLB,87,pre_2008,d0_p5,car_raw,surprise_orth_bps,HC1,0.15768087884109958,0.005566524013972396,-0.9995722041004363,1.4295416642931853,-3.8014223805145284,1.8022779723136553,-0.6992256532758415,0.48441102110432843,pre_2008,car_raw
XLE,87,pre_2008,d0_p5,car_raw,surprise_orth_bps,HC1,0.24595968642587623,0.00445651031195804,-0.9553478512075312,1.9188343414244504,-4.7161940526980874,2.8054983502830257,-0.4978792752366141,0.6185691356275067,pre_2008,car_raw
XLP,87,pre_2008,d0_p5,car_raw,surprise_orth_bps,HC1,-0.030930179098347263,0.0030634300171563655,-0.4191089637807075,1.0571344657801431,-2.491054443525778,1.6528365159643634,-0.3964575721891858,0.6917675015024225,pre_2008,car_raw
GLD,38,pre_2008,d0_p5,car_raw,surprise_orth_bps,HC1,0.2136103623619159,0.0036036621729383933,1.0012476906810925,3.6947796630205794,-6.240387379650281,8.242882761012465,0.2709898240217513,0.7863988587902705,pre_2008,car_raw
QQQ,86,pre_2008,d0_p5,car_adj,surprise_orth_bps,HC1,0.33957296645270546,0.07487751816352639,-3.3592761900244876,1.1564768856075986,-5.62592923476843,-1.0926231452805462,-2.9047499624340225,0.0036754658937536125,pre_2008,car_adj
XLK,87,pre_2008,d0_p5,car_adj,surprise_orth_bps,HC1,0.3319701464328354,0.08949818762812567,-3.2406605705216847,1.1459237985961517,-5.486629944797473,-0.994691196245897,-2.827989587520351,0.004684133005350835,pre_2008,car_adj
TLT,57,pre_2008,d0_p5,car_adj,surprise_orth_bps,HC1,0.1339916806206558,0.011670851021180595,-1.2435952319041166,2.055824696710593,-5.2729375959848594,2.7857471321766254,-0.604913071573623,0.5452367573365562,pre_2008,car_adj
XLY,87,pre_2008,d0_p5,car_adj,surprise_orth_bps,HC1,0.006186744176281352,0.008798814190770332,-0.5885590311429821,0.7495872944788445,-2.057723131590337,0.880605069304373,-0.78517743760876,0.4323495421085226,pre_2008,car_adj
XLV,87,pre_2008,d0_p5,car_adj,surprise_orth_bps,HC1,-0.044488509073828356,0.0049033780597377286,-0.5151652458346132,0.9405232743812448,-2.358556990243536,1.32822649857431,-0.5477432189793837,0.5838682316740264,pre_2008,car_adj
IEF,57,pre_2008,d0_p5,car_adj,surprise_orth_bps,HC1,-0.02341673590397172,7.884603432373183e-07,-0.008605000601979648,1.5787408359497805,-3.1028801799862076,3.085670178782248,-0.005450546667340004,0.995651114499319,pre_2008,car_adj
SPY,88,pre_2008,d0_p5,car_adj,surprise_orth_bps,HC1,0.0,,0.0,0.0,0.0,0.0,,,pre_2008,car_adj
XLI,87,pre_2008,d0_p5,car_adj,surprise_orth_bps,HC1,0.16199758007355747,0.0007996657647639793,0.14928054493313836,0.6036727409434719,-1.0338962857646448,1.3324573756309213,0.24728720514997882,0.8046859601697947,pre_2008,car_adj
XLU,87,pre_2008,d0_p5,car_adj,surprise_orth_bps,HC1,-0.37061381418583994,0.022764791968504006,1.3397607681769184,0.9847751370735189,-0.5903630333576737,3.2698845697115106,1.3604737952242774,0.17368003989462488,pre_2008,car_adj
XLF,87,pre_2008,d0_p5,car_adj,surprise_orth_bps,HC1,-0.25582043298239027,0.021808733164787264,1.4256846080123204,1.2739511576070477,-1.0712137789606033,3.9225829949852438,1.119104605776476,0.2630955151878709,pre_2008,car_adj
XLB,87,pre_2008,d0_p5,car_adj,surprise_orth_bps,HC1,-0.00924826482316489,0.036226028212437145,1.9279342149470757,0.8961978335443006,0.1714187381774243,3.684449691716727,2.151237308086814,0.03145747369821374,pre_2008,car_adj
XLE,87,pre_2008,d0_p5,car_adj,surprise_orth_bps,HC1,0.07903054276161164,0.026731871743309932,1.972158567839981,1.3950755980114522,-0.7621393599731435,4.706456495653105,1.4136571313060782,0.15746259793111206,pre_2008,car_adj
XLP,87,pre_2008,d0_p5,car_adj,surprise_orth_bps,HC1,-0.1978593227626118,0.07551686513878209,2.5083974552668034,1.1196316653689018,0.31395971519315413,4.702835195340452,2.2403773784303644,0.02506643361645993,pre_2008,car_adj
GLD,38,pre_2008,d0_p5,car_adj,surprise_orth_bps,HC1,0.11921362456979823,0.028789289250232053,3.3867608170641677,3.9101692317108907,-4.277030050545832,11.050551684674167,0.8661417489550174,0.3864124329112135,pre_2008,car_adj
SPY,214,baseline_HC3,d0_p1,car_raw,surprise_bps,HC3,0.13600911143354288,0.04097774258294107,-1.769816661181612,0.8661461819246816,-3.467431983100866,-0.07220133926235835,-2.043323284354686,0.04102044610846567,baseline,auto
GLD,164,baseline_HC3,d0_p1,car_raw,surprise_bps,HC3,0.1836615128315886,0.025446725934639036,-1.7456693270436825,0.9242317407625411,-3.5571302523070223,0.06579159821965795,-1.888778809526073,0.058921473343745916,baseline,auto
QQQ,212,baseline_HC3,d0_p1,car_adj,surprise_bps,HC3,0.27097966046721284,0.04562789671182732,-1.520945816830754,1.0831838931859656,-3.6439472361091267,0.6020556024476194,-1.4041436790176047,0.16027606910261682,baseline,auto
XLK,213,baseline_HC3,d0_p1,car_adj,surprise_bps,HC3,0.22421082282960578,0.03736978549699388,-1.3146402792726046,1.081448968982364,-3.4342413095960125,0.8049607510508032,-1.2156285844071513,0.22412644017557182,baseline,auto
TLT,183,baseline_HC3,d0_p1,car_raw,surprise_bps,HC3,0.2478779312588609,0.026160835510220082,-1.3141444542826946,0.77426465657731,-2.8316752956764955,0.20338638711110657,-1.6972806948104284,0.0896436052741411,baseline,auto
IEF,183,baseline_HC3,d0_p1,car_raw,surprise_bps,HC3,0.14235371919900625,0.08022998049781827,-1.0721059748213513,0.3278204649670454,-1.7146222795519348,-0.4295896700907676,-3.2704058757561887,0.0010739327481991867,baseline,auto
XLY,213,baseline_HC3,d0_p1,car_adj,surprise_bps,HC3,0.13089958914849037,0.03846819279704894,-0.9528211489373066,0.5114775384630686,-1.9552987032261215,0.049656405351508094,-1.862879749911257,0.06247918645704488,baseline,auto
XLB,213,baseline_HC3,d0_p1,car_adj,surprise_bps,HC3,-0.036998666746416865,0.014585501509081111,-0.7776482627139425,0.5565962294220467,-1.868556826311947,0.31326030088406204,-1.397149713934336,0.16236855476140255,baseline,auto
XLF,213,baseline_HC3,d0_p1,car_adj,surprise_bps,HC3,-0.09224402758214556,0.0021507813996004543,-0.29489707544224564,0.7012369354944876,-1.6692962136406784,1.0795020627561873,-0.42053842362752125,0.6740921660794184,baseline,auto
XLI,213,baseline_HC3,d0_p1,car_adj,surprise_bps,HC3,0.0316095896210671,0.006544209051257854,-0.2898921309817388,0.2723095922956089,-0.8236091245259182,0.24382486256244043,-1.0645681943772403,0.2870713791689148,baseline,auto
XLV,213,baseline_HC3,d0_p1,car_adj,surprise_bps,HC3,0.005364330212393784,0.007959017130826918,0.46314856670038224,0.4865151560246654,-0.490403617040847,1.4167007504416116,0.9519715079069427,0.34111143191566495,baseline,auto
XLRE,72,baseline_HC3,d0_p1,car_adj,surprise_bps,HC3,-0.18762944805616416,0.006325626706474963,0.6068581161493922,1.9460038826521104,-3.2072394076238533,4.420955639922639,0.3118483583508251,0.7551557706580659,baseline,auto
XLU,213,baseline_HC3,d0_p1,car_adj,surprise_bps,HC3,-0.21389351635397044,0.006975075372145811,0.6334194920023408,1.0292565273232104,-1.3838862324039176,2.650725216408599,0.6154145980008271,0.5382809532529799,baseline,auto
XLE,213,baseline_HC3,d0_p1,car_adj,surprise_bps,HC3,-0.17009193467753192,0.011454847699353676,1.0598091799861475,1.0562078087043618,-1.0103200852643726,3.1299384452366676,1.0034097184778472,0.3156632169517065,baseline,auto
XLP,213,baseline_HC3,d0_p1,car_adj,surprise_bps,HC3,-0.2001651631375252,0.026979048978489573,1.1296539356107482,1.0487743748407463,-0.9259060669856254,3.185213938207122,1.0771181702282564,0.28142747648809263,baseline,auto
SPY,214,baseline_HC0,d0_p1,car_raw,surprise_bps,HC0,0.13600911143354288,0.04097774258294107,-1.769816661181612,0.8162786367302317,-3.36969339052232,-0.1699399318409036,-2.168152615473276,0.030147076701410733,baseline,auto
GLD,164,baseline_HC0,d0_p1,car_raw,surprise_bps,HC0,0.1836615128315886,0.025446725934639036,-1.7456693270436825,0.8885027338064488,-3.4871026854697007,-0.004235968617664204,-1.9647315203691411,0.049445319734702696,baseline,auto
QQQ,212,baseline_HC0,d0_p1,car_adj,surprise_bps,HC0,0.27097966046721284,0.04562789671182732,-1.520945816830754,0.9880607427392953,-3.4575092871376687,0.4156176534761609,-1.539324204516101,0.12372516773762862,baseline,auto
XLK,213,baseline_HC0,d0_p1,car_adj,surprise_bps,HC0,0.22421082282960578,0.03736978549699388,-1.3146402792726046,0.9937835559899506,-3.2624202574410526,0.6331396988958429,-1.3228637879432759,0.18588067964917354,baseline,auto
TLT,183,baseline_HC0,d0_p1,car_raw,surprise_bps,HC0,0.2478779312588609,0.026160835510220082,-1.3141444542826946,0.7198270559741143,-2.7249795590894563,0.09669065052406706,-1.825639149537542,0.06790463462651217,baseline,auto
IEF,183,baseline_HC0,d0_p1,car_raw,surprise_bps,HC0,0.14235371919900625,0.08022998049781827,-1.0721059748213513,0.31025705770059486,-1.6801986338638826,-0.46401331577881977,-3.455540972273249,0.0005491897165394626,baseline,auto
XLY,213,baseline_HC0,d0_p1,car_adj,surprise_bps,HC0,0.13089958914849037,0.03846819279704894,-0.9528211489373066,0.4896277063628218,-1.9124738192413906,0.006831521366777206,-1.9460115033426053,0.05165335782527317,baseline,auto
XLB,213,baseline_HC0,d0_p1,car_adj,surprise_bps,HC0,-0.036998666746416865,0.014585501509081111,-0.7776482627139425,0.5190545932256702,-1.794976571446344,0.23968004601845877,-1.4982012930108939,0.13408095981222604,baseline,auto
XLF,213,baseline_HC0,d0_p1,car_adj,surprise_bps,HC0,-0.09224402758214556,0.0021507813996004543,-0.29489707544224564,0.6553474632248172,-1.5793545007225747,0.9895603498380836,-0.4499858349815281,0.6527206543505581,baseline,auto
XLI,213,baseline_HC0,d0_p1,car_adj,surprise_bps,HC0,0.0316095896210671,0.006544209051257854,-0.2898921309817388,0.2595180210473178,-0.7985381055735895,0.21875384361011171,-1.1170404652896262,0.2639770238109025,baseline,auto
XLV,213,baseline_HC0,d0_p1,car_adj,surprise_bps,HC0,0.005364330212393784,0.007959017130826918,0.46314856670038224,0.47173505297621693,-0.46143514737809743,1.387732280778862,0.9817980745300527,0.32619933695016645,baseline,auto
XLRE,72,baseline_HC0,d0_p1,car_adj,surprise_bps,HC0,-0.18762944805616416,0.006325626706474963,0.6068581161493922,1.5590704659118766,-2.448863846397968,3.662580078696752,0.38924354570109193,0.6970959935859564,baseline,auto
XLU,213,baseline_HC0,d0_p1,car_adj,surprise_bps,HC0,-0.21389351635397044,0.006975075372145811,0.6334194920023408,0.9528173904585127,-1.2340682771397822,2.500907261144464,0.66478582186407,0.5061874923227567,baseline,auto
XLE,213,baseline_HC0,d0_p1,car_adj,surprise_bps,HC0,-0.17009193467753192,0.011454847699353676,1.0598091799861475,0.9881587817073444,-0.8769464431672248,2.99656480313952,1.0725089930942124,0.28349147682799947,baseline,auto
XLP,213,baseline_HC0,d0_p1,car_adj,surprise_bps,HC0,-0.2001651631375252,0.026979048978489573,1.1296539356107482,0.9816641471004343,-0.7943724376203328,3.053680308841829,1.1507539915229001,0.24983345749980124,baseline,auto
